10,艾可奇汉堡,102064262,艾可奇汉堡炸鸡,准四星商户,http://www.dianping.com/shop/102064262#comment,
10,艾可奇汉堡,128693053,艾可奇汉堡披萨,该商户暂无星级,http://www.dianping.com/shop/128693053/review,
14,艾可奇汉堡,103006364,艾可奇汉堡,该商户暂无星级,http://www.dianping.com/shop/103006364/review,歇业/关闭
18,艾可奇汉堡,22877164,艾可奇汉堡(东大店),准四星商户,http://www.dianping.com/shop/22877164#comment,
18,艾可奇汉堡,91392076,艾可奇汉堡,准四星商户,http://www.dianping.com/shop/91392076#comment,
18,艾可奇汉堡,20795268,艾可奇汉堡(理工大学店),准四星商户,http://www.dianping.com/shop/20795268#comment,
18,艾可奇汉堡,50558672,艾可奇汉堡,三星商户,http://www.dianping.com/shop/50558672#comment,
18,艾可奇汉堡,59131917,艾可奇汉堡(虎石台财富广场店),准四星商户,http://www.dianping.com/shop/59131917#comment,
18,艾可奇汉堡,22243605,艾可奇汉堡,准四星商户,http://www.dianping.com/shop/22243605#comment,
18,艾可奇汉堡,98832932,艾可奇汉堡,该商户暂无星级,http://www.dianping.com/shop/98832932/review,
18,艾可奇汉堡,103619922,艾可奇汉堡,该商户暂无星级,http://www.dianping.com/shop/103619922/review,
18,艾可奇汉堡,59264869,艾可奇汉堡(白塔店),准四星商户,http://www.dianping.com/shop/59264869#comment,
18,艾可奇汉堡,63268535,艾可奇汉堡(铁西店),四星商户,http://www.dianping.com/shop/63268535#comment,
18,艾可奇汉堡,22977253,艾可奇汉堡(辽宁中医店),准四星商户,http://www.dianping.com/shop/22977253#comment,
18,艾可奇汉堡,39628702,艾可奇汉堡,准四星商户,http://www.dianping.com/shop/39628702#comment,
18,艾可奇汉堡,38220674,艾可奇汉堡(亿丰店),三星商户,http://www.dianping.com/shop/38220674/review,
18,艾可奇汉堡,124808897,艾可奇汉堡(深井子店),该商户暂无星级,http://www.dianping.com/shop/124808897/review,
18,艾可奇汉堡,121518580,艾可奇汉堡,该商户暂无星级,http://www.dianping.com/shop/121518580/review,
18,艾可奇汉堡,110654910,艾可奇汉堡,该商户暂无星级,http://www.dianping.com/shop/110654910/review,
19,艾可奇汉堡,22894230,艾可奇汉堡,准四星商户,http://www.dianping.com/shop/22894230#comment,
19,艾可奇汉堡,93717088,艾可奇汉堡,该商户暂无星级,http://www.dianping.com/shop/93717088/review,
19,艾可奇汉堡,96626964,艾可奇汉堡,准四星商户,http://www.dianping.com/shop/96626964#comment,
19,艾可奇汉堡,50572415,艾可奇汉堡,该商户暂无星级,http://www.dianping.com/shop/50572415/review,
19,艾可奇汉堡,114804551,艾可奇汉堡,该商户暂无星级,http://www.dianping.com/shop/114804551/review,歇业/关闭
26,艾可奇汉堡,72343839,艾可奇汉堡(建国路店),该商户暂无星级,http://www.dianping.com/shop/72343839/review,
29,艾可奇汉堡,98898636,艾可奇汉堡,该商户暂无星级,http://www.dianping.com/shop/98898636#comment,歇业/关闭
46,艾可奇汉堡,93744713,艾可奇鸡排汉堡,该商户暂无星级,http://www.dianping.com/shop/93744713/review,
52,艾可奇汉堡,22720715,艾可奇汉堡,准四星商户,http://www.dianping.com/shop/22720715#comment,
52,艾可奇汉堡,108362893,艾可奇汉堡,该商户暂无星级,http://www.dianping.com/shop/108362893/review,
52,艾可奇汉堡,59246616,艾可奇汉堡,该商户暂无星级,http://www.dianping.com/shop/59246616/review,
52,艾可奇汉堡,68742718,艾可奇汉堡,该商户暂无星级,http://www.dianping.com/shop/68742718/review,
52,艾可奇汉堡,21747152,艾可奇汉堡东旗店,该商户暂无星级,http://www.dianping.com/shop/21747152/review,歇业/关闭
58,艾可奇汉堡,98157164,艾可奇汉堡,该商户暂无星级,http://www.dianping.com/shop/98157164/review,歇业/关闭
61,艾可奇汉堡,69356710,艾可奇汉堡,该商户暂无星级,http://www.dianping.com/shop/69356710/review,
69,艾可奇汉堡,123146888,艾可奇汉堡(兴城店),准四星商户,http://www.dianping.com/shop/123146888#comment,
69,艾可奇汉堡,41298895,艾可奇汉堡,该商户暂无星级,http://www.dianping.com/shop/41298895/review,
70,艾可奇汉堡,48166387,艾可奇汉堡,准四星商户,http://www.dianping.com/shop/48166387#comment,
70,艾可奇汉堡,27434692,艾可奇汉堡,准四星商户,http://www.dianping.com/shop/27434692#comment,
70,艾可奇汉堡,13805411,艾可奇汉堡,三星商户,http://www.dianping.com/shop/13805411#comment,
70,艾可奇汉堡,21124586,艾可奇汉堡店(德惠店),准四星商户,http://www.dianping.com/shop/21124586#comment,
70,艾可奇汉堡,18447403,艾可奇汉堡(农大店),准四星商户,http://www.dianping.com/shop/18447403#comment,
70,艾可奇汉堡,102184264,艾可奇汉堡,准四星商户,http://www.dianping.com/shop/102184264#comment,
70,艾可奇汉堡,67155747,艾可奇汉堡,三星商户,http://www.dianping.com/shop/67155747#comment,
70,艾可奇汉堡,98958146,艾可奇汉堡,准四星商户,http://www.dianping.com/shop/98958146#comment,
70,艾可奇汉堡,21230086,艾可奇汉堡(全国店),准四星商户,http://www.dianping.com/shop/21230086#comment,
70,艾可奇汉堡,23717620,艾可奇汉堡,该商户暂无星级,http://www.dianping.com/shop/23717620/review,
70,艾可奇汉堡,59414116,艾可奇汉堡(迅驰店),该商户暂无星级,http://www.dianping.com/shop/59414116/review,
70,艾可奇汉堡,76987619,艾可奇汉堡(二实验小学店),该商户暂无星级,http://www.dianping.com/shop/76987619/review,
70,艾可奇汉堡,95983808,艾可奇汉堡,准四星商户,http://www.dianping.com/shop/95983808#comment,
70,艾可奇汉堡,95382875,艾可奇汉堡(吉大东师店),三星商户,http://www.dianping.com/shop/95382875/review,
70,艾可奇汉堡,65508021,艾可奇汉堡店(四小店),三星商户,http://www.dianping.com/shop/65508021#comment,
70,艾可奇汉堡,77100117,艾可奇汉堡(大坡店),该商户暂无星级,http://www.dianping.com/shop/77100117/review,
70,艾可奇汉堡,67155863,艾可奇汉堡,该商户暂无星级,http://www.dianping.com/shop/67155863/review,
70,艾可奇汉堡,67155734,艾可奇汉堡,三星商户,http://www.dianping.com/shop/67155734/review,
71,艾可奇汉堡,16857313,艾可奇汉堡,准四星商户,http://www.dianping.com/shop/16857313#comment,
71,艾可奇汉堡,16859376,艾可奇汉堡,准四星商户,http://www.dianping.com/shop/16859376#comment,
71,艾可奇汉堡,126355646,艾可奇汉堡,该商户暂无星级,http://www.dianping.com/shop/126355646/review,
72,艾可奇汉堡,19655535,艾可奇汉堡(仁兴商厦店),准四星商户,http://www.dianping.com/shop/19655535#comment,
72,艾可奇汉堡,97716203,艾可奇汉堡(大筒房店),该商户暂无星级,http://www.dianping.com/shop/97716203/review,
72,艾可奇汉堡,108347138,艾可奇汉堡,该商户暂无星级,http://www.dianping.com/shop/108347138/review,
72,艾可奇汉堡,68944285,艾可奇汉堡,该商户暂无星级,http://www.dianping.com/shop/68944285/review,
72,艾可奇汉堡,23048892,艾可奇汉堡,该商户暂无星级,http://www.dianping.com/shop/23048892/review,
73,艾可奇汉堡,21978588,艾可奇汉堡(市委店),准四星商户,http://www.dianping.com/shop/21978588#comment,
74,艾可奇汉堡,72472127,艾可奇汉堡,三星商户,http://www.dianping.com/shop/72472127#comment,
75,艾可奇汉堡,120009737,艾可奇汉堡,该商户暂无星级,http://www.dianping.com/shop/120009737/review,
76,艾可奇汉堡,16867394,艾可奇汉堡(建业胡同店),准四星商户,http://www.dianping.com/shop/16867394#comment,
76,艾可奇汉堡,18635040,艾可奇汉堡(鑫宇花园店),准四星商户,http://www.dianping.com/shop/18635040#comment,
76,艾可奇汉堡,67096826,艾可奇汉堡,准四星商户,http://www.dianping.com/shop/67096826#comment,
76,艾可奇汉堡,67370085,艾可奇汉堡,该商户暂无星级,http://www.dianping.com/shop/67370085/review,
76,艾可奇汉堡,22258677,艾可奇汉堡(老八栋店),该商户暂无星级,http://www.dianping.com/shop/22258677#comment,歇业/关闭
77,艾可奇汉堡,44258599,艾可奇汉堡(大安店),准四星商户,http://www.dianping.com/shop/44258599#comment,
77,艾可奇汉堡,59272192,满堂红艾可奇汉堡,该商户暂无星级,http://www.dianping.com/shop/59272192/review,
77,艾可奇汉堡,23056016,艾可奇汉堡,准四星商户,http://www.dianping.com/shop/23056016#comment,
79,艾可奇汉堡,27000258,艾可奇汉堡(道外店),四星商户,http://www.dianping.com/shop/27000258#comment,
79,艾可奇汉堡,27524251,艾可奇汉堡(广厦店),准四星商户,http://www.dianping.com/shop/27524251#comment,
79,艾可奇汉堡,32588279,艾可奇汉堡,三星商户,http://www.dianping.com/shop/32588279#comment,
79,艾可奇汉堡,90512387,艾可奇汉堡披萨,三星商户,http://www.dianping.com/shop/90512387/review,
79,艾可奇汉堡,68964481,艾可奇汉堡,准四星商户,http://www.dianping.com/shop/68964481#comment,
79,艾可奇汉堡,73555685,艾可奇汉堡(征仪路店),准四星商户,http://www.dianping.com/shop/73555685#comment,
79,艾可奇汉堡,65603918,艾可奇汉堡(欧尚店),准四星商户,http://www.dianping.com/shop/65603918#comment,
79,艾可奇汉堡,65766981,艾可奇汉堡(农垦店),准四星商户,http://www.dianping.com/shop/65766981#comment,
79,艾可奇汉堡,6216472,艾可奇汉堡(华德店),准四星商户,http://www.dianping.com/shop/6216472#comment,
79,艾可奇汉堡,21984509,艾可奇汉堡(尚志宝兴店),准四星商户,http://www.dianping.com/shop/21984509#comment,
79,艾可奇汉堡,39630912,艾可奇汉堡(亚布力店),准四星商户,http://www.dianping.com/shop/39630912#comment,
79,艾可奇汉堡,19821941,艾可奇汉堡(滨才店),该商户暂无星级,http://www.dianping.com/shop/19821941/review,
79,艾可奇汉堡,122644553,艾可奇汉堡,准四星商户,http://www.dianping.com/shop/122644553#comment,
79,艾可奇汉堡,66132460,艾可奇汉堡,准四星商户,http://www.dianping.com/shop/66132460#comment,
79,艾可奇汉堡,112152350,艾可奇汉堡(二院店),准四星商户,http://www.dianping.com/shop/112152350#comment,
79,艾可奇汉堡,38321184,艾可奇汉堡(海城店),准四星商户,http://www.dianping.com/shop/38321184#comment,
79,艾可奇汉堡,67154298,绿色新城艾可奇汉堡店,准四星商户,http://www.dianping.com/shop/67154298#comment,
79,艾可奇汉堡,27539957,艾可奇汉堡,准四星商户,http://www.dianping.com/shop/27539957#comment,
79,艾可奇汉堡,59063874,艾可奇汉堡(黑大店),准四星商户,http://www.dianping.com/shop/59063874#comment,
79,艾可奇汉堡,19576472,艾可奇汉堡(馨园小区店),准四星商户,http://www.dianping.com/shop/19576472#comment,
79,艾可奇汉堡,57186007,艾可奇汉堡,准四星商户,http://www.dianping.com/shop/57186007#comment,
79,艾可奇汉堡,9254383,艾可奇汉堡(呼兰店),准四星商户,http://www.dianping.com/shop/9254383#comment,
79,艾可奇汉堡,20785371,艾可奇汉堡(王岗店),准四星商户,http://www.dianping.com/shop/20785371#comment,
79,艾可奇汉堡,66706908,艾可奇汉堡(华兴店),准四星商户,http://www.dianping.com/shop/66706908#comment,
79,艾可奇汉堡,96686784,艾可奇汉堡,准四星商户,http://www.dianping.com/shop/96686784#comment,
79,艾可奇汉堡,48166880,艾可奇汉堡(理工南区店),三星商户,http://www.dianping.com/shop/48166880#comment,
79,艾可奇汉堡,32408475,艾可奇汉堡,三星商户,http://www.dianping.com/shop/32408475#comment,
79,艾可奇汉堡,19219328,艾可奇汉堡,该商户暂无星级,http://www.dianping.com/shop/19219328#comment,歇业/关闭
79,艾可奇汉堡,66728978,艾可奇汉堡,准四星商户,http://www.dianping.com/shop/66728978#comment,
79,艾可奇汉堡,69101852,艾可奇汉堡(黑工程店),该商户暂无星级,http://www.dianping.com/shop/69101852#comment,歇业/关闭
79,艾可奇汉堡,42458365,艾可奇汉堡(商大店),准四星商户,http://www.dianping.com/shop/42458365#comment,
79,艾可奇汉堡,22695811,艾可奇汉堡,准四星商户,http://www.dianping.com/shop/22695811#comment,
79,艾可奇汉堡,90895674,艾可奇汉堡,该商户暂无星级,http://www.dianping.com/shop/90895674/review,
79,艾可奇汉堡,95330656,艾可奇汉堡(体院店),该商户暂无星级,http://www.dianping.com/shop/95330656/review,
79,艾可奇汉堡,102388371,艾可奇汉堡(金中环店),该商户暂无星级,http://www.dianping.com/shop/102388371/review,
79,艾可奇汉堡,75169112,艾可奇汉堡,该商户暂无星级,http://www.dianping.com/shop/75169112/review,
79,艾可奇汉堡,75200662,艾可奇汉堡(团结店),该商户暂无星级,http://www.dianping.com/shop/75200662/review,
79,艾可奇汉堡,102126838,艾可奇汉堡(农大店),该商户暂无星级,http://www.dianping.com/shop/102126838/review,
79,艾可奇汉堡,97558225,艾可奇汉堡(生态店),该商户暂无星级,http://www.dianping.com/shop/97558225/review,
79,艾可奇汉堡,44111164,艾可奇汉堡,该商户暂无星级,http://www.dianping.com/shop/44111164/review,
79,艾可奇汉堡,76952464,艾可奇汉堡(平房店),该商户暂无星级,http://www.dianping.com/shop/76952464/review,
79,艾可奇汉堡,102378806,艾可奇汉堡(商大店),该商户暂无星级,http://www.dianping.com/shop/102378806/review,
79,艾可奇汉堡,108364868,艾可奇汉堡,该商户暂无星级,http://www.dianping.com/shop/108364868/review,
79,艾可奇汉堡,48869452,艾可奇汉堡(师大店),该商户暂无星级,http://www.dianping.com/shop/48869452/review,
79,艾可奇汉堡,72453260,艾可奇汉堡(卫星路店),该商户暂无星级,http://www.dianping.com/shop/72453260/review,
79,艾可奇汉堡,90010586,艾可奇汉堡,该商户暂无星级,http://www.dianping.com/shop/90010586/review,
79,艾可奇汉堡,74591201,艾可奇汉堡,该商户暂无星级,http://www.dianping.com/shop/74591201/review,歇业/关闭
79,艾可奇汉堡,15927586,艾可奇汉堡(和兴路店),准四星商户,http://www.dianping.com/shop/15927586#comment,
79,艾可奇汉堡,21324169,艾可奇汉堡,该商户暂无星级,http://www.dianping.com/shop/21324169/review,
79,艾可奇汉堡,91583054,艾可奇汉堡(宣庆街店),该商户暂无星级,http://www.dianping.com/shop/91583054/review,
79,艾可奇汉堡,67206883,艾可奇汉堡(福同街),准四星商户,http://www.dianping.com/shop/67206883#comment,
79,艾可奇汉堡,21834973,艾可奇汉堡(依兰店),准四星商户,http://www.dianping.com/shop/21834973#comment,
79,艾可奇汉堡,44085556,艾可奇汉堡(方正店),三星商户,http://www.dianping.com/shop/44085556/review,
79,艾可奇汉堡,17255253,艾可奇汉堡(花园街店),准四星商户,http://www.dianping.com/shop/17255253#comment,
79,艾可奇汉堡,92237657,艾可奇汉堡,准四星商户,http://www.dianping.com/shop/92237657#comment,
79,艾可奇汉堡,45372531,艾可奇汉堡,三星商户,http://www.dianping.com/shop/45372531#comment,
79,艾可奇汉堡,55013997,艾可奇汉堡,准四星商户,http://www.dianping.com/shop/55013997#comment,
79,艾可奇汉堡,65316535,艾可奇汉堡(哈平路店),该商户暂无星级,http://www.dianping.com/shop/65316535#comment,歇业/关闭
79,艾可奇汉堡,32577790,艾可奇汉堡(哈西店),准四星商户,http://www.dianping.com/shop/32577790#comment,
79,艾可奇汉堡,9285147,艾可奇汉堡(庆云店),准四星商户,http://www.dianping.com/shop/9285147#comment,
79,艾可奇汉堡,43925296,艾可奇汉堡,该商户暂无星级,http://www.dianping.com/shop/43925296/review,
79,艾可奇汉堡,111911567,艾可奇汉堡(农大店),该商户暂无星级,http://www.dianping.com/shop/111911567/review,
79,艾可奇汉堡,79383385,艾可奇汉堡,该商户暂无星级,http://www.dianping.com/shop/79383385/review,
79,艾可奇汉堡,68659141,艾可奇汉堡,该商户暂无星级,http://www.dianping.com/shop/68659141/review,
79,艾可奇汉堡,68897794,艾可奇汉堡,该商户暂无星级,http://www.dianping.com/shop/68897794/review,
79,艾可奇汉堡,106902697,艾可奇汉堡,该商户暂无星级,http://www.dianping.com/shop/106902697/review,
79,艾可奇汉堡,112595355,艾可奇汉堡(永泰城店),该商户暂无星级,http://www.dianping.com/shop/112595355/review,
79,艾可奇汉堡,122833811,艾可奇汉堡(会宁公园店),该商户暂无星级,http://www.dianping.com/shop/122833811/review,
79,艾可奇汉堡,67077871,艾可奇汉堡通河店,该商户暂无星级,http://www.dianping.com/shop/67077871/review,
79,艾可奇汉堡,66414198,艾可奇汉堡,该商户暂无星级,http://www.dianping.com/shop/66414198/review,
79,艾可奇汉堡,68647321,艾可奇汉堡,该商户暂无星级,http://www.dianping.com/shop/68647321/review,
79,艾可奇汉堡,122360046,艾可奇汉堡,该商户暂无星级,http://www.dianping.com/shop/122360046/review,
79,艾可奇汉堡,58646493,艾可奇汉堡,该商户暂无星级,http://www.dianping.com/shop/58646493/review,
79,艾可奇汉堡,75173402,艾可奇汉堡(涧桥店),准四星商户,http://www.dianping.com/shop/75173402#comment,
79,艾可奇汉堡,79564049,艾可奇汉堡,三星商户,http://www.dianping.com/shop/79564049#comment,
79,艾可奇汉堡,103924776,艾可奇汉堡(花园店),三星商户,http://www.dianping.com/shop/103924776/review,
80,艾可奇汉堡,20792454,艾可奇汉堡,准四星商户,http://www.dianping.com/shop/20792454#comment,
80,艾可奇汉堡,21231097,艾可奇汉堡(国贸城店),四星商户,http://www.dianping.com/shop/21231097#comment,
80,艾可奇汉堡,65774258,艾可奇汉堡(八中店),三星商户,http://www.dianping.com/shop/65774258#comment,
80,艾可奇汉堡,19259810,艾可奇汉堡(实验中学店),准四星商户,http://www.dianping.com/shop/19259810#comment,
80,艾可奇汉堡,24505857,艾可奇汉堡,准四星商户,http://www.dianping.com/shop/24505857#comment,
80,艾可奇汉堡,21101200,艾可奇汉堡(百花园店),准四星商户,http://www.dianping.com/shop/21101200#comment,
80,艾可奇汉堡,97904549,艾可奇汉堡,该商户暂无星级,http://www.dianping.com/shop/97904549/review,
80,艾可奇汉堡,108210178,艾可奇汉堡,该商户暂无星级,http://www.dianping.com/shop/108210178/review,
80,艾可奇汉堡,72459256,艾可奇汉堡(甘南店),该商户暂无星级,http://www.dianping.com/shop/72459256/review,
80,艾可奇汉堡,20792493,艾可奇汉堡(仕林店),该商户暂无星级,http://www.dianping.com/shop/20792493/review,
80,艾可奇汉堡,19261693,艾可奇汉堡,该商户暂无星级,http://www.dianping.com/shop/19261693/review,
80,艾可奇汉堡,90464656,艾可奇汉堡店,该商户暂无星级,http://www.dianping.com/shop/90464656/review,歇业/关闭
80,艾可奇汉堡,58341908,国双艾可奇汉堡,准四星商户,http://www.dianping.com/shop/58341908#comment,
80,艾可奇汉堡,77296095,艾可奇汉堡,准四星商户,http://www.dianping.com/shop/77296095#comment,
80,艾可奇汉堡,24594358,艾可奇汉堡(铁东店),准四星商户,http://www.dianping.com/shop/24594358#comment,
80,艾可奇汉堡,50476197,艾可奇汉堡,该商户暂无星级,http://www.dianping.com/shop/50476197/review,
80,艾可奇汉堡,80163593,艾可奇汉堡,该商户暂无星级,http://www.dianping.com/shop/80163593/review,
80,艾可奇汉堡,128486027,艾可奇汉堡,该商户暂无星级,http://www.dianping.com/shop/128486027/review,
80,艾可奇汉堡,68853350,艾可奇汉堡,该商户暂无星级,http://www.dianping.com/shop/68853350/review,
80,艾可奇汉堡,90986258,艾可奇汉堡,三星商户,http://www.dianping.com/shop/90986258#comment,
80,艾可奇汉堡,79902993,艾可奇汉堡店,该商户暂无星级,http://www.dianping.com/shop/79902993/review,
80,艾可奇汉堡,21056174,艾可奇汉堡(民意路店),三星商户,http://www.dianping.com/shop/21056174#comment,
80,艾可奇汉堡,15915282,艾可奇汉堡,准四星商户,http://www.dianping.com/shop/15915282#comment,
80,艾可奇汉堡,50582179,艾可奇汉堡光荣店(光荣店),三星商户,http://www.dianping.com/shop/50582179#comment,
80,艾可奇汉堡,38075493,艾可奇汉堡店(梅里斯店),三星商户,http://www.dianping.com/shop/38075493#comment,
80,艾可奇汉堡,17992710,艾可奇汉堡,准四星商户,http://www.dianping.com/shop/17992710#comment,
80,艾可奇汉堡,67277716,艾可奇汉堡,三星商户,http://www.dianping.com/shop/67277716#comment,
81,艾可奇汉堡,19702154,艾可奇汉堡(祥光路店),准四星商户,http://www.dianping.com/shop/19702154#comment,
81,艾可奇汉堡,43386827,艾可奇汉堡(恒山店),准四星商户,http://www.dianping.com/shop/43386827#comment,
81,艾可奇汉堡,90951916,艾可奇汉堡,准四星商户,http://www.dianping.com/shop/90951916#comment,
81,艾可奇汉堡,24107563,艾可奇汉堡(鸡东店),三星商户,http://www.dianping.com/shop/24107563#comment,
82,艾可奇汉堡,19481489,艾可奇汉堡(二马路店),四星商户,http://www.dianping.com/shop/19481489#comment,
82,艾可奇汉堡,57206395,艾可奇汉堡,该商户暂无星级,http://www.dianping.com/shop/57206395#comment,歇业/关闭
82,艾可奇汉堡,97314603,艾可奇汉堡,准四星商户,http://www.dianping.com/shop/97314603#comment,
82,艾可奇汉堡,95540240,艾可奇汉堡,该商户暂无星级,http://www.dianping.com/shop/95540240/review,
82,艾可奇汉堡,20912648,艾可奇汉堡,准四星商户,http://www.dianping.com/shop/20912648#comment,
82,艾可奇汉堡,79407708,艾可奇汉堡,该商户暂无星级,http://www.dianping.com/shop/79407708/review,
82,艾可奇汉堡,99804414,艾可奇汉堡(二马路店),该商户暂无星级,http://www.dianping.com/shop/99804414/review,
82,艾可奇汉堡,129072864,艾可奇汉堡(二中店),该商户暂无星级,http://www.dianping.com/shop/129072864/review,
82,艾可奇汉堡,112113521,艾可奇汉堡,该商户暂无星级,http://www.dianping.com/shop/112113521/review,
84,艾可奇汉堡,68516975,艾可奇汉堡,三星商户,http://www.dianping.com/shop/68516975#comment,
84,艾可奇汉堡,77220427,艾可奇汉堡(银浪新城店),准四星商户,http://www.dianping.com/shop/77220427#comment,
84,艾可奇汉堡,25042749,艾可奇汉堡(景园店),三星商户,http://www.dianping.com/shop/25042749#comment,
84,艾可奇汉堡,79261302,艾可奇汉堡(创业城店),准四星商户,http://www.dianping.com/shop/79261302#comment,
84,艾可奇汉堡,38065833,艾可奇汉堡,准四星商户,http://www.dianping.com/shop/38065833#comment,
84,艾可奇汉堡,75107788,艾可奇汉堡(东湖店),准五星商户,http://www.dianping.com/shop/75107788#comment,
84,艾可奇汉堡,19257376,艾可奇汉堡(义耕店),准四星商户,http://www.dianping.com/shop/19257376#comment,
84,艾可奇汉堡,23585253,艾可奇汉堡,准四星商户,http://www.dianping.com/shop/23585253#comment,
84,艾可奇汉堡,79230148,艾可奇汉堡店(二中店),该商户暂无星级,http://www.dianping.com/shop/79230148/review,
84,艾可奇汉堡,58916567,艾可奇汉堡(登峰店),准四星商户,http://www.dianping.com/shop/58916567#comment,
84,艾可奇汉堡,50534609,艾可奇汉堡,三星商户,http://www.dianping.com/shop/50534609#comment,
84,艾可奇汉堡,65317622,艾可奇汉堡(康城店),准四星商户,http://www.dianping.com/shop/65317622#comment,
84,艾可奇汉堡,90014280,艾可奇汉堡(太阳城店),准四星商户,http://www.dianping.com/shop/90014280#comment,
84,艾可奇汉堡,69406028,艾可奇汉堡(火炬路店),准四星商户,http://www.dianping.com/shop/69406028#comment,
84,艾可奇汉堡,19705673,艾可奇汉堡,该商户暂无星级,http://www.dianping.com/shop/19705673/review,歇业/关闭
84,艾可奇汉堡,17255255,艾可奇汉堡(肇州店),三星商户,http://www.dianping.com/shop/17255255/review,
84,艾可奇汉堡,58462941,艾可奇汉堡(华溪龙城店),三星商户,http://www.dianping.com/shop/58462941#comment,
84,艾可奇汉堡,32710937,艾可奇汉堡(乙烯店),准四星商户,http://www.dianping.com/shop/32710937#comment,
84,艾可奇汉堡,69319158,艾可奇汉堡(新玛特店),该商户暂无星级,http://www.dianping.com/shop/69319158#comment,歇业/关闭
84,艾可奇汉堡,77743992,艾可奇汉堡,该商户暂无星级,http://www.dianping.com/shop/77743992/review,
84,艾可奇汉堡,121465272,艾可奇汉堡(银座店),该商户暂无星级,http://www.dianping.com/shop/121465272/review,
84,艾可奇汉堡,68815296,艾可奇汉堡,该商户暂无星级,http://www.dianping.com/shop/68815296/review,
84,艾可奇汉堡,76909364,艾可奇汉堡(金瑞花园店),该商户暂无星级,http://www.dianping.com/shop/76909364/review,
84,艾可奇汉堡,32422295,艾可奇汉堡(沿湖城店),准四星商户,http://www.dianping.com/shop/32422295#comment,
84,艾可奇汉堡,20783168,艾可奇汉堡(师范店),准四星商户,http://www.dianping.com/shop/20783168#comment,
84,艾可奇汉堡,38321320,艾可奇汉堡(油高店),三星商户,http://www.dianping.com/shop/38321320#comment,
84,艾可奇汉堡,50750896,艾可奇汉堡格林小镇店(格林小镇店),准四星商户,http://www.dianping.com/shop/50750896#comment,
84,艾可奇汉堡,25042202,艾可奇汉堡,准四星商户,http://www.dianping.com/shop/25042202#comment,
84,艾可奇汉堡,21025185,艾可奇汉堡(远望店),准四星商户,http://www.dianping.com/shop/21025185#comment,
84,艾可奇汉堡,41334829,艾可奇汉堡,准四星商户,http://www.dianping.com/shop/41334829#comment,
84,艾可奇汉堡,15243831,艾可奇汉堡,三星商户,http://www.dianping.com/shop/15243831#comment,
84,艾可奇汉堡,66652720,艾可奇汉堡,该商户暂无星级,http://www.dianping.com/shop/66652720/review,
84,艾可奇汉堡,113961103,艾可奇汉堡(新玛特店),该商户暂无星级,http://www.dianping.com/shop/113961103/review,
84,艾可奇汉堡,126615461,艾可奇汉堡(万宝店),该商户暂无星级,http://www.dianping.com/shop/126615461/review,
84,艾可奇汉堡,123679641,艾可奇汉堡,该商户暂无星级,http://www.dianping.com/shop/123679641/review,
84,艾可奇汉堡,68200243,艾可奇汉堡(北辰店),该商户暂无星级,http://www.dianping.com/shop/68200243/review,
84,艾可奇汉堡,79340934,艾可奇汉堡(萨大中路店),该商户暂无星级,http://www.dianping.com/shop/79340934/review,
84,艾可奇汉堡,80450784,艾可奇汉堡,该商户暂无星级,http://www.dianping.com/shop/80450784/review,
84,艾可奇汉堡,73568520,艾可奇汉堡店,该商户暂无星级,http://www.dianping.com/shop/73568520/review,
84,艾可奇汉堡,83442373,艾可奇汉堡(三十六中店),该商户暂无星级,http://www.dianping.com/shop/83442373/review,
84,艾可奇汉堡,124192631,艾可奇汉堡店,该商户暂无星级,http://www.dianping.com/shop/124192631/review,
84,艾可奇汉堡,111922473,艾可奇汉堡,该商户暂无星级,http://www.dianping.com/shop/111922473/review,
84,艾可奇汉堡,50649996,艾可奇汉堡(水木华庭店),该商户暂无星级,http://www.dianping.com/shop/50649996/review,
84,艾可奇汉堡,68429839,艾可奇汉堡,该商户暂无星级,http://www.dianping.com/shop/68429839/review,
84,艾可奇汉堡,67096423,艾可奇汉堡,该商户暂无星级,http://www.dianping.com/shop/67096423/review,
84,艾可奇汉堡,72357878,艾可奇汉堡(阳光嘉城店),准四星商户,http://www.dianping.com/shop/72357878#comment,
84,艾可奇汉堡,66244798,艾可奇汉堡,三星商户,http://www.dianping.com/shop/66244798#comment,
84,艾可奇汉堡,20783074,艾可奇汉堡,准四星商户,http://www.dianping.com/shop/20783074#comment,
84,艾可奇汉堡,68700226,艾可奇汉堡(新肇店),该商户暂无星级,http://www.dianping.com/shop/68700226/review,
84,艾可奇汉堡,23867723,艾可奇汉堡(澳龙店),三星商户,http://www.dianping.com/shop/23867723#comment,
84,艾可奇汉堡,72464608,艾可奇汉堡,三星商户,http://www.dianping.com/shop/72464608#comment,
84,艾可奇汉堡,80517803,艾可奇汉堡(新电业局店),三星商户,http://www.dianping.com/shop/80517803#comment,
84,艾可奇汉堡,32641909,艾可奇汉堡(湖滨店),三星商户,http://www.dianping.com/shop/32641909#comment,
84,艾可奇汉堡,48741863,艾可奇汉堡(铁人中学店),准四星商户,http://www.dianping.com/shop/48741863#comment,
84,艾可奇汉堡,79925765,艾可奇汉堡(永乐店),准四星商户,http://www.dianping.com/shop/79925765#comment,
84,艾可奇汉堡,43700977,艾可奇汉堡,三星商户,http://www.dianping.com/shop/43700977#comment,
85,艾可奇汉堡,8011102,艾可奇汉堡,准四星商户,http://www.dianping.com/shop/8011102#comment,
85,艾可奇汉堡,58989625,艾可奇汉堡,该商户暂无星级,http://www.dianping.com/shop/58989625/review,
85,艾可奇汉堡,38313892,艾可奇汉堡,该商户暂无星级,http://www.dianping.com/shop/38313892/review,
85,艾可奇汉堡,40591936,艾可奇汉堡,该商户暂无星级,http://www.dianping.com/shop/40591936/review,
85,艾可奇汉堡,79386016,艾可奇汉堡(中心大街店),该商户暂无星级,http://www.dianping.com/shop/79386016/review,
85,艾可奇汉堡,100683661,艾可奇汉堡,该商户暂无星级,http://www.dianping.com/shop/100683661/review,
85,艾可奇汉堡,70354434,艾可奇汉堡,该商户暂无星级,http://www.dianping.com/shop/70354434/review,歇业/关闭
86,艾可奇汉堡,20787857,食尚艾可奇汉堡,准四星商户,http://www.dianping.com/shop/20787857#comment,
86,艾可奇汉堡,69345637,艾可奇汉堡,该商户暂无星级,http://www.dianping.com/shop/69345637/review,
86,艾可奇汉堡,93308075,艾可奇汉堡,该商户暂无星级,http://www.dianping.com/shop/93308075/review,
86,艾可奇汉堡,40937558,艾可奇汉堡,该商户暂无星级,http://www.dianping.com/shop/40937558/review,
86,艾可奇汉堡,97742982,艾可奇汉堡,该商户暂无星级,http://www.dianping.com/shop/97742982/review,
86,艾可奇汉堡,111948741,艾可奇汉堡,该商户暂无星级,http://www.dianping.com/shop/111948741/review,
86,艾可奇汉堡,77662730,艾可奇汉堡,该商户暂无星级,http://www.dianping.com/shop/77662730/review,
86,艾可奇汉堡,122053179,艾可奇汉堡,该商户暂无星级,http://www.dianping.com/shop/122053179/review,
87,艾可奇汉堡,20629180,艾可奇汉堡,四星商户,http://www.dianping.com/shop/20629180#comment,
87,艾可奇汉堡,22001572,艾可奇汉堡,准四星商户,http://www.dianping.com/shop/22001572#comment,
87,艾可奇汉堡,90577985,艾可奇汉堡(北山店),三星商户,http://www.dianping.com/shop/90577985#comment,
87,艾可奇汉堡,94259251,艾可奇汉堡(新东方店),该商户暂无星级,http://www.dianping.com/shop/94259251/review,
87,艾可奇汉堡,68887599,艾可奇汉堡,该商户暂无星级,http://www.dianping.com/shop/68887599/review,
87,艾可奇汉堡,123377734,芳鑫艾可奇汉堡(客运站店),该商户暂无星级,http://www.dianping.com/shop/123377734/review,
88,艾可奇汉堡,22263912,艾可奇汉堡(大直路店),准四星商户,http://www.dianping.com/shop/22263912#comment,
88,艾可奇汉堡,90936538,艾可奇汉堡(林中店),准四星商户,http://www.dianping.com/shop/90936538#comment,
88,艾可奇汉堡,22739270,艾可奇汉堡(嘎哩娅路店),准四星商户,http://www.dianping.com/shop/22739270#comment,
88,艾可奇汉堡,41167308,艾可奇汉堡,准四星商户,http://www.dianping.com/shop/41167308#comment,
88,艾可奇汉堡,65596412,艾可奇汉堡,准四星商户,http://www.dianping.com/shop/65596412#comment,
88,艾可奇汉堡,76922529,艾可奇汉堡(宁安店),三星商户,http://www.dianping.com/shop/76922529#comment,
88,艾可奇汉堡,41021067,艾可奇汉堡,准四星商户,http://www.dianping.com/shop/41021067#comment,
88,艾可奇汉堡,23868503,艾可奇汉堡(江南店),准四星商户,http://www.dianping.com/shop/23868503#comment,
88,艾可奇汉堡,69808258,艾可奇汉堡(四中店),准四星商户,http://www.dianping.com/shop/69808258#comment,
88,艾可奇汉堡,50622897,艾可奇汉堡青云路店(青云路店),三星商户,http://www.dianping.com/shop/50622897#comment,
88,艾可奇汉堡,50465230,艾可奇汉堡(温春店),三星商户,http://www.dianping.com/shop/50465230/review,
88,艾可奇汉堡,24978633,艾可奇汉堡,该商户暂无星级,http://www.dianping.com/shop/24978633/review,
88,艾可奇汉堡,39746681,艾可奇汉堡,该商户暂无星级,http://www.dianping.com/shop/39746681/review,
88,艾可奇汉堡,39605183,爱尚涮串吧旋转小火锅,该商户暂无星级,http://www.dianping.com/shop/39605183/review,
88,艾可奇汉堡,69370895,艾可奇汉堡,该商户暂无星级,http://www.dianping.com/shop/69370895/review,
88,艾可奇汉堡,80418982,艾可奇汉堡,该商户暂无星级,http://www.dianping.com/shop/80418982/review,
88,艾可奇汉堡,126619597,艾可奇汉堡,该商户暂无星级,http://www.dianping.com/shop/126619597/review,
88,艾可奇汉堡,70175773,艾可奇汉堡,该商户暂无星级,http://www.dianping.com/shop/70175773/review,
89,艾可奇汉堡,22220223,艾可奇汉堡,三星商户,http://www.dianping.com/shop/22220223#comment,
89,艾可奇汉堡,77892396,艾可奇汉堡,该商户暂无星级,http://www.dianping.com/shop/77892396/review,
89,艾可奇汉堡,97934220,艾可奇汉堡,该商户暂无星级,http://www.dianping.com/shop/97934220/review,
89,艾可奇汉堡,65623129,艾可奇汉堡,该商户暂无星级,http://www.dianping.com/shop/65623129/review,
89,艾可奇汉堡,22971085,艾可奇汉堡(泰山街店),准四星商户,http://www.dianping.com/shop/22971085#comment,
89,艾可奇汉堡,21125029,艾可奇汉堡,准四星商户,http://www.dianping.com/shop/21125029#comment,
89,艾可奇汉堡,112499972,艾可奇汉堡(七道街店),该商户暂无星级,http://www.dianping.com/shop/112499972/review,
89,艾可奇汉堡,114770213,艾可奇汉堡,该商户暂无星级,http://www.dianping.com/shop/114770213/review,
89,艾可奇汉堡,41349140,艾可奇汉堡,该商户暂无星级,http://www.dianping.com/shop/41349140/review,
89,艾可奇汉堡,65401196,艾可奇汉堡(学院店),该商户暂无星级,http://www.dianping.com/shop/65401196/review,
89,艾可奇汉堡,101372787,艾可奇汉堡(龙河大厦西北),该商户暂无星级,http://www.dianping.com/shop/101372787/review,
89,艾可奇汉堡,80466906,艾可奇汉堡,该商户暂无星级,http://www.dianping.com/shop/80466906/review,
89,艾可奇汉堡,79365218,艾可奇汉堡,该商户暂无星级,http://www.dianping.com/shop/79365218/review,歇业/关闭
90,艾可奇汉堡,21060369,艾可奇汉堡,准四星商户,http://www.dianping.com/shop/21060369#comment,
90,艾可奇汉堡,65886933,艾可奇汉堡,准四星商户,http://www.dianping.com/shop/65886933#comment,
90,艾可奇汉堡,69277359,艾可奇汉堡,准四星商户,http://www.dianping.com/shop/69277359#comment,
90,艾可奇汉堡,57649916,艾可奇汉堡(紫都花园店),准四星商户,http://www.dianping.com/shop/57649916#comment,
90,艾可奇汉堡,75647501,艾可奇汉堡(肇东店),该商户暂无星级,http://www.dianping.com/shop/75647501/review,
90,艾可奇汉堡,102428291,艾可奇汉堡(新建小学店),该商户暂无星级,http://www.dianping.com/shop/102428291/review,
90,艾可奇汉堡,67614805,艾可奇汉堡,该商户暂无星级,http://www.dianping.com/shop/67614805/review,
90,艾可奇汉堡,68292555,艾可奇汉堡,该商户暂无星级,http://www.dianping.com/shop/68292555/review,
90,艾可奇汉堡,102515373,艾可奇汉堡,该商户暂无星级,http://www.dianping.com/shop/102515373/review,
90,艾可奇汉堡,65710004,艾可奇汉堡(海伦店),三星商户,http://www.dianping.com/shop/65710004#comment,
90,艾可奇汉堡,68888277,艾可奇汉堡(一中店),三星商户,http://www.dianping.com/shop/68888277#comment,
90,艾可奇汉堡,128622760,艾可奇汉堡,该商户暂无星级,http://www.dianping.com/shop/128622760/review,
90,艾可奇汉堡,99845079,艾可奇汉堡,该商户暂无星级,http://www.dianping.com/shop/99845079/review,
90,艾可奇汉堡,120088719,艾可奇汉堡,该商户暂无星级,http://www.dianping.com/shop/120088719/review,
90,艾可奇汉堡,92459898,艾可奇汉堡(德昌店),该商户暂无星级,http://www.dianping.com/shop/92459898/review,
90,艾可奇汉堡,68866634,艾可奇汉堡,该商户暂无星级,http://www.dianping.com/shop/68866634/review,
110,艾可奇汉堡,90505963,艾可奇汉堡店,该商户暂无星级,http://www.dianping.com/shop/90505963/review,
148,艾可奇汉堡,23879491,艾可奇汉堡店,准四星商户,http://www.dianping.com/shop/23879491#comment,
149,艾可奇汉堡,18512603,艾可奇汉堡(渤海路店),四星商户,http://www.dianping.com/shop/18512603#comment,
172,艾可奇汉堡,92480317,艾可奇汉堡,该商户暂无星级,http://www.dianping.com/shop/92480317/review,
173,艾可奇汉堡,108361475,艾可奇汉堡,该商户暂无星级,http://www.dianping.com/shop/108361475/review,
267,艾可奇汉堡,20788506,艾可奇汉堡(昆明店),准四星商户,http://www.dianping.com/shop/20788506#comment,
270,艾可奇汉堡,56855700,艾可奇汉堡,三星商户,http://www.dianping.com/shop/56855700#comment,
