10,佳佳基,59061573,佳佳基(南大滨海店),该商户暂无星级,http://www.dianping.com/shop/59061573/review,歇业/关闭
14,佳佳基,67049158,水水佳佳基,该商户暂无星级,http://www.dianping.com/shop/67049158/review,
14,佳佳基,66176483,佳佳基(城头店),该商户暂无星级,http://www.dianping.com/shop/66176483/review,
14,佳佳基,10581099,佳佳基三山餐厅,该商户暂无星级,http://www.dianping.com/shop/10581099/review,
14,佳佳基,22445723,佳佳基,该商户暂无星级,http://www.dianping.com/shop/22445723/review,
14,佳佳基,23980865,佳佳基,准四星商户,http://www.dianping.com/shop/23980865#comment,
14,佳佳基,68690427,佳佳基汉堡炸鸡(江田店),三星商户,http://www.dianping.com/shop/68690427#comment,
14,佳佳基,32670367,佳佳基(江镜店),准四星商户,http://www.dianping.com/shop/32670367#comment,
18,佳佳基,66154417,佳佳基,该商户暂无星级,http://www.dianping.com/shop/66154417/review,
22,佳佳基,108347579,佳佳基饮品汉堡(大众广场店),该商户暂无星级,http://www.dianping.com/shop/108347579/review,
27,佳佳基,21810547,佳佳基,四星商户,http://www.dianping.com/shop/21810547#comment,
27,佳佳基,92787934,佳佳基乐活餐厅,该商户暂无星级,http://www.dianping.com/shop/92787934/review,
27,佳佳基,66499484,广平县佳佳基,该商户暂无星级,http://www.dianping.com/shop/66499484/review,
27,佳佳基,66530313,佳佳基,三星商户,http://www.dianping.com/shop/66530313/review,
27,佳佳基,22449513,佳佳基,三星商户,http://www.dianping.com/shop/22449513#comment,
45,佳佳基,129077135,佳佳基,该商户暂无星级,http://www.dianping.com/shop/129077135/review,
62,佳佳基,67350595,佳佳基,该商户暂无星级,http://www.dianping.com/shop/67350595/review,
62,佳佳基,9913490,佳佳基(北镇店),准四星商户,http://www.dianping.com/shop/9913490#comment,
62,佳佳基,6612121,佳佳基,四星商户,http://www.dianping.com/shop/6612121#comment,
62,佳佳基,22143640,佳佳基(沟帮子店),四星商户,http://www.dianping.com/shop/22143640#comment,
69,佳佳基,21134876,佳佳基乐活餐厅,该商户暂无星级,http://www.dianping.com/shop/21134876#comment,歇业/关闭
69,佳佳基,79720726,佳佳基乐活餐厅(d7街店),准四星商户,http://www.dianping.com/shop/79720726#comment,
82,佳佳基,21124590,佳佳基中西餐厅,准四星商户,http://www.dianping.com/shop/21124590#comment,
98,佳佳基,23012036,佳佳基(延陵店),三星商户,http://www.dianping.com/shop/23012036#comment,
101,佳佳基,99079847,佳佳基(公园路店),该商户暂无星级,http://www.dianping.com/shop/99079847/review,
127,佳佳基,76687865,佳佳基(江口店),该商户暂无星级,http://www.dianping.com/shop/76687865/review,
128,佳佳基,23606544,佳佳基(建宁店),三星商户,http://www.dianping.com/shop/23606544#comment,
129,佳佳基,125100448,佳佳基汉堡店,该商户暂无星级,http://www.dianping.com/shop/125100448/review,
129,佳佳基,5482915,佳佳基,三星商户,http://www.dianping.com/shop/5482915#comment,
133,佳佳基,44221018,佳佳基,该商户暂无星级,http://www.dianping.com/shop/44221018/review,
133,佳佳基,9460123,佳佳基(解放西路店),该商户暂无星级,http://www.dianping.com/shop/9460123#comment,歇业/关闭
133,佳佳基,101936458,佳佳基(金马店),准四星商户,http://www.dianping.com/shop/101936458#comment,
134,佳佳基,572864,南大佳佳基,三星商户,http://www.dianping.com/shop/572864#comment,
134,佳佳基,9155702,佳佳基,准四星商户,http://www.dianping.com/shop/9155702#comment,
135,佳佳基,4816328,佳佳基大酒店,三星商户,http://www.dianping.com/shop/4816328#comment,
135,佳佳基,58680205,佳佳基(广场店),三星商户,http://www.dianping.com/shop/58680205#comment,
135,佳佳基,110400793,老六烤牛肉(珠海东路二店),三星商户,http://www.dianping.com/shop/110400793#comment,
135,佳佳基,50568270,佳佳基(好又多店),三星商户,http://www.dianping.com/shop/50568270#comment,
135,佳佳基,9594417,爵士牛排,准四星商户,http://www.dianping.com/shop/9594417#comment,
135,佳佳基,101635410,朝天门火锅店,准四星商户,http://www.dianping.com/shop/101635410#comment,
135,佳佳基,108117073,汉釜宫自助烤肉店(乐平店),准四星商户,http://www.dianping.com/shop/108117073#comment,
135,佳佳基,44368209,季季红自助火锅(乐平店),三星商户,http://www.dianping.com/shop/44368209#comment,
135,佳佳基,120099092,三木烤肉,准四星商户,http://www.dianping.com/shop/120099092#comment,
135,佳佳基,96225948,李记汤包拌粉店,准四星商户,http://www.dianping.com/shop/96225948#comment,
135,佳佳基,40705379,八大碗,准四星商户,http://www.dianping.com/shop/40705379#comment,
135,佳佳基,104885807,御品坊108烤肉,准四星商户,http://www.dianping.com/shop/104885807#comment,
135,佳佳基,107780759,豪德亨牛排自助餐厅(乐平店),准四星商户,http://www.dianping.com/shop/107780759#comment,
135,佳佳基,66081883,王小妞家的饺子店,准四星商户,http://www.dianping.com/shop/66081883#comment,
135,佳佳基,10522731,四季红自助烤肉火锅,准四星商户,http://www.dianping.com/shop/10522731#comment,
135,佳佳基,110717422,吉牛捞面板烧饭,该商户暂无星级,http://www.dianping.com/shop/110717422/review,
135,佳佳基,41064935,张记私房菜,准四星商户,http://www.dianping.com/shop/41064935#comment,
135,佳佳基,41173865,忆家青年餐厅,三星商户,http://www.dianping.com/shop/41173865#comment,
135,佳佳基,91944377,老北门,准四星商户,http://www.dianping.com/shop/91944377#comment,
135,佳佳基,98422215,乐平市达拉斯牛排店,三星商户,http://www.dianping.com/shop/98422215#comment,
135,佳佳基,9594982,四妹大排档,三星商户,http://www.dianping.com/shop/9594982#comment,
135,佳佳基,17653000,何堂私房菜,准四星商户,http://www.dianping.com/shop/17653000#comment,
135,佳佳基,77480950,好久不见自助牛排,准四星商户,http://www.dianping.com/shop/77480950#comment,
135,佳佳基,102914891,彩云食品,该商户暂无星级,http://www.dianping.com/shop/102914891/review,
135,佳佳基,113151207,油条包麻子（金包银）小摊,准四星商户,http://www.dianping.com/shop/113151207#comment,
135,佳佳基,57018176,钟海平自助餐,准四星商户,http://www.dianping.com/shop/57018176#comment,
135,佳佳基,39862359,荷塘夜色,三星商户,http://www.dianping.com/shop/39862359#comment,
135,佳佳基,120100127,沈家门海鲜大排档,三星商户,http://www.dianping.com/shop/120100127#comment,
135,佳佳基,94024325,盖式蟹煲,准四星商户,http://www.dianping.com/shop/94024325#comment,
135,佳佳基,48959638,阿曼尼,该商户暂无星级,http://www.dianping.com/shop/48959638/review,
135,佳佳基,67148180,王嘉鸭头馆,准四星商户,http://www.dianping.com/shop/67148180#comment,
135,佳佳基,40783055,土菜18碗,三星商户,http://www.dianping.com/shop/40783055#comment,
135,佳佳基,21277554,赵小姐的店,准四星商户,http://www.dianping.com/shop/21277554#comment,
135,佳佳基,92138533,永康肉饼,准四星商户,http://www.dianping.com/shop/92138533#comment,
135,佳佳基,67037472,维纳斯鲜花,三星商户,http://www.dianping.com/shop/67037472#comment,
135,佳佳基,124057118,古早木子记,准四星商户,http://www.dianping.com/shop/124057118#comment,
135,佳佳基,91902908,品匠小煲煲,三星商户,http://www.dianping.com/shop/91902908#comment,
135,佳佳基,125404773,黄牛莊,准四星商户,http://www.dianping.com/shop/125404773#comment,
135,佳佳基,76659930,三和小厨,该商户暂无星级,http://www.dianping.com/shop/76659930/review,
135,佳佳基,93949592,六小门口汤包店,准四星商户,http://www.dianping.com/shop/93949592#comment,
135,佳佳基,96455498,原生态烤羊,三星商户,http://www.dianping.com/shop/96455498#comment,
135,佳佳基,66041445,老李冰店,准四星商户,http://www.dianping.com/shop/66041445#comment,
135,佳佳基,122799155,金汉亭涮烤餐厅,三星商户,http://www.dianping.com/shop/122799155#comment,
135,佳佳基,32750671,老袁狗肉馆,准四星商户,http://www.dianping.com/shop/32750671#comment,
135,佳佳基,44368069,星期八特色小吃,准四星商户,http://www.dianping.com/shop/44368069#comment,
135,佳佳基,121742853,肥牛先生(乐平店),准五星商户,http://www.dianping.com/shop/121742853#comment,
135,佳佳基,66507806,新平路夫妻煎馄钝店,准四星商户,http://www.dianping.com/shop/66507806#comment,
135,佳佳基,57008269,老柴鱼头馆,准四星商户,http://www.dianping.com/shop/57008269#comment,
135,佳佳基,127874923,壹碗粉,准四星商户,http://www.dianping.com/shop/127874923#comment,
135,佳佳基,65611004,稻珍乡小吃,准四星商户,http://www.dianping.com/shop/65611004#comment,
135,佳佳基,96496973,有滋有味(佳佳基店),该商户暂无星级,http://www.dianping.com/shop/96496973/review,
135,佳佳基,9597745,乡村水桌酒店,准四星商户,http://www.dianping.com/shop/9597745#comment,
135,佳佳基,57631839,牛行肥牛,准四星商户,http://www.dianping.com/shop/57631839#comment,
135,佳佳基,127893304,签王之王,准四星商户,http://www.dianping.com/shop/127893304#comment,
135,佳佳基,122865971,有你音乐清吧,该商户暂无星级,http://www.dianping.com/shop/122865971/review,
135,佳佳基,122778962,红味宾鲜毛肚老火锅,准四星商户,http://www.dianping.com/shop/122778962#comment,
135,佳佳基,66595426,古茗 奶茶,准四星商户,http://www.dianping.com/shop/66595426#comment,
135,佳佳基,74069282,信用食品店,该商户暂无星级,http://www.dianping.com/shop/74069282/review,
135,佳佳基,22117189,民肴故事时尚餐厅,三星商户,http://www.dianping.com/shop/22117189#comment,
135,佳佳基,58902939,芭比香雪儿冰淇淋,准四星商户,http://www.dianping.com/shop/58902939#comment,
135,佳佳基,18531711,欢乐基(乐平店),准四星商户,http://www.dianping.com/shop/18531711#comment,
135,佳佳基,95360336,彭鹏如意蛋糕,准四星商户,http://www.dianping.com/shop/95360336#comment,
135,佳佳基,67253992,周家巷饺子,准四星商户,http://www.dianping.com/shop/67253992#comment,
135,佳佳基,17669103,爵色马丁音乐餐吧,准四星商户,http://www.dianping.com/shop/17669103#comment,
135,佳佳基,122007231,玉林串串香火锅,准四星商户,http://www.dianping.com/shop/122007231#comment,
135,佳佳基,124577438,蜀锦香小郡肝串串香,准四星商户,http://www.dianping.com/shop/124577438#comment,
135,佳佳基,96268937,纸上烤鱼重庆风味,四星商户,http://www.dianping.com/shop/96268937#comment,
135,佳佳基,56883129,美味花甲(步行街店),准四星商户,http://www.dianping.com/shop/56883129#comment,
135,佳佳基,92406923,景德镇冷粉,准四星商户,http://www.dianping.com/shop/92406923#comment,
135,佳佳基,80425753,世荣海鲜店,该商户暂无星级,http://www.dianping.com/shop/80425753/review,
135,佳佳基,38125982,佳美家粥店,准四星商户,http://www.dianping.com/shop/38125982#comment,
135,佳佳基,41400184,凯凯烧烤,准四星商户,http://www.dianping.com/shop/41400184#comment,
135,佳佳基,110292319,蒙古烤羊肉,三星商户,http://www.dianping.com/shop/110292319#comment,
135,佳佳基,68164474,有一间咖啡,准四星商户,http://www.dianping.com/shop/68164474#comment,
135,佳佳基,57312414,黄记煌,准四星商户,http://www.dianping.com/shop/57312414#comment,
135,佳佳基,66647485,有滋有味(华美店),三星商户,http://www.dianping.com/shop/66647485#comment,
135,佳佳基,24772923,学生烧烤店,准四星商户,http://www.dianping.com/shop/24772923#comment,
135,佳佳基,41329328,茶叶世界,准四星商户,http://www.dianping.com/shop/41329328#comment,
135,佳佳基,122802908,缺一门火锅,三星商户,http://www.dianping.com/shop/122802908#comment,
135,佳佳基,8955190,上岛咖啡厅,三星商户,http://www.dianping.com/shop/8955190#comment,
135,佳佳基,97914090,正钢串串香,三星商户,http://www.dianping.com/shop/97914090#comment,
135,佳佳基,77352751,意大利披萨,三星商户,http://www.dianping.com/shop/77352751#comment,
135,佳佳基,127152278,乐客堡,该商户暂无星级,http://www.dianping.com/shop/127152278/review,
135,佳佳基,40546782,飞仙桥小余包子店,准四星商户,http://www.dianping.com/shop/40546782#comment,
135,佳佳基,97870039,滕记粉面馆,该商户暂无星级,http://www.dianping.com/shop/97870039/review,
135,佳佳基,112013766,鱼你在一起,三星商户,http://www.dianping.com/shop/112013766/review,
135,佳佳基,41421938,四季春水果超市,准四星商户,http://www.dianping.com/shop/41421938#comment,
135,佳佳基,57632039,有滋有味(东门旗舰店),三星商户,http://www.dianping.com/shop/57632039#comment,
135,佳佳基,9594058,乐平人家,准四星商户,http://www.dianping.com/shop/9594058#comment,
135,佳佳基,48137529,巷子里主题餐厅,三星商户,http://www.dianping.com/shop/48137529/review,
135,佳佳基,69753799,甘茶度大寺上店,准四星商户,http://www.dianping.com/shop/69753799#comment,
135,佳佳基,41549438,旺旺大排档,准四星商户,http://www.dianping.com/shop/41549438#comment,
135,佳佳基,65377713,沈字坊臭豆腐,准四星商户,http://www.dianping.com/shop/65377713#comment,
135,佳佳基,27199247,乐平八哥麻辣烫,准四星商户,http://www.dianping.com/shop/27199247#comment,
135,佳佳基,23951217,步行街疯狂烤翅,三星商户,http://www.dianping.com/shop/23951217#comment,
135,佳佳基,57035325,珍味土菜馆,准四星商户,http://www.dianping.com/shop/57035325#comment,
135,佳佳基,56978713,煎饺侠,准四星商户,http://www.dianping.com/shop/56978713#comment,
135,佳佳基,40683073,福旺客美食城,准四星商户,http://www.dianping.com/shop/40683073#comment,
135,佳佳基,92632164,喜欢客功夫煎饼,该商户暂无星级,http://www.dianping.com/shop/92632164/review,
135,佳佳基,40801631,南昌老涂瓦罐汤店,准四星商户,http://www.dianping.com/shop/40801631#comment,
135,佳佳基,95261525,乔奥斯牛排西餐厅,三星商户,http://www.dianping.com/shop/95261525#comment,
135,佳佳基,104962460,泰芒啦,该商户暂无星级,http://www.dianping.com/shop/104962460/review,
135,佳佳基,102134849,众埠小炒(长寿路店),该商户暂无星级,http://www.dianping.com/shop/102134849/review,
135,佳佳基,65588390,重庆担担面,三星商户,http://www.dianping.com/shop/65588390#comment,
135,佳佳基,111592460,徐小包的奶茶,准四星商户,http://www.dianping.com/shop/111592460#comment,
135,佳佳基,71782270,乐平市大光明海鲜店,该商户暂无星级,http://www.dianping.com/shop/71782270/review,
135,佳佳基,23131067,黑咖骑士,准四星商户,http://www.dianping.com/shop/23131067#comment,
135,佳佳基,68031059,烤鱼先生,准五星商户,http://www.dianping.com/shop/68031059#comment,
135,佳佳基,122319412,顶豪牛排,该商户暂无星级,http://www.dianping.com/shop/122319412/review,
135,佳佳基,66798628,烧烤王,准四星商户,http://www.dianping.com/shop/66798628#comment,
135,佳佳基,65682533,锡纸包包,准四星商户,http://www.dianping.com/shop/65682533#comment,
135,佳佳基,107706063,这茶,该商户暂无星级,http://www.dianping.com/shop/107706063/review,
135,佳佳基,98518856,小东北烧烤,该商户暂无星级,http://www.dianping.com/shop/98518856/review,
135,佳佳基,92963467,廣芳園,三星商户,http://www.dianping.com/shop/92963467#comment,
135,佳佳基,40396834,牛魔王面吧(乐平店),三星商户,http://www.dianping.com/shop/40396834#comment,
135,佳佳基,41377260,堂前时尚餐厅,准四星商户,http://www.dianping.com/shop/41377260#comment,
135,佳佳基,97917470,徐大蔬自助砂锅店,准四星商户,http://www.dianping.com/shop/97917470#comment,
135,佳佳基,98806595,88°c现冲茶饮专门店,三星商户,http://www.dianping.com/shop/98806595#comment,
135,佳佳基,69309969,魔力鸡排,准四星商户,http://www.dianping.com/shop/69309969#comment,
135,佳佳基,110289640,兔留香火锅,准四星商户,http://www.dianping.com/shop/110289640#comment,
135,佳佳基,23133662,重庆豪渝火锅(乐平店),准四星商户,http://www.dianping.com/shop/23133662#comment,
135,佳佳基,107759902,馋猫烧烤面筋王,该商户暂无星级,http://www.dianping.com/shop/107759902/review,
135,佳佳基,41484147,南昌特色餐馆,三星商户,http://www.dianping.com/shop/41484147#comment,
135,佳佳基,66947109,鸿福菜馆,该商户暂无星级,http://www.dianping.com/shop/66947109/review,
135,佳佳基,122319414,城市食堂(餐饮店),该商户暂无星级,http://www.dianping.com/shop/122319414/review,
135,佳佳基,98554840,古乐牛香牛杂火锅,准四星商户,http://www.dianping.com/shop/98554840#comment,
135,佳佳基,57200433,佳佳味餐饮,准四星商户,http://www.dianping.com/shop/57200433#comment,
135,佳佳基,68574408,渔夫鱼馆,准四星商户,http://www.dianping.com/shop/68574408#comment,
135,佳佳基,23565051,一品香,准四星商户,http://www.dianping.com/shop/23565051#comment,
135,佳佳基,67854556,新疆天润乳业,该商户暂无星级,http://www.dianping.com/shop/67854556/review,
135,佳佳基,108179717,Idrink吾饮良品(二中店),准四星商户,http://www.dianping.com/shop/108179717#comment,
135,佳佳基,102280248,龙须拉面馆(乐中),准四星商户,http://www.dianping.com/shop/102280248#comment,
135,佳佳基,17218921,萨贝尔意式餐厅,准四星商户,http://www.dianping.com/shop/17218921#comment,
135,佳佳基,97438515,慢生活茶餐厅,该商户暂无星级,http://www.dianping.com/shop/97438515/review,
135,佳佳基,99987813,猪肉海鲜平价店,该商户暂无星级,http://www.dianping.com/shop/99987813/review,
135,佳佳基,92752957,众埠实惠饭店,该商户暂无星级,http://www.dianping.com/shop/92752957/review,
135,佳佳基,101986145,虾兵蟹将,该商户暂无星级,http://www.dianping.com/shop/101986145/review,
135,佳佳基,40607601,龙须拉面馆二中分店(二中分店),该商户暂无星级,http://www.dianping.com/shop/40607601/review,
135,佳佳基,50731950,疯狂烤翅,准四星商户,http://www.dianping.com/shop/50731950#comment,
135,佳佳基,66660461,多彩扎啤吧(珠海路店),该商户暂无星级,http://www.dianping.com/shop/66660461/review,
135,佳佳基,76676568,滋味花甲,该商户暂无星级,http://www.dianping.com/shop/76676568/review,
135,佳佳基,24523900,花果山鲜果汇,三星商户,http://www.dianping.com/shop/24523900#comment,
135,佳佳基,8724601,粥行天下(乐平店),准四星商户,http://www.dianping.com/shop/8724601#comment,
135,佳佳基,67568116,超港连锁烘焙(乐平店),准四星商户,http://www.dianping.com/shop/67568116#comment,
135,佳佳基,63613769,南昌绳金塔汤店,该商户暂无星级,http://www.dianping.com/shop/63613769/review,
135,佳佳基,111552004,独特餐饮,该商户暂无星级,http://www.dianping.com/shop/111552004/review,
135,佳佳基,40577654,飞龙餐馆,该商户暂无星级,http://www.dianping.com/shop/40577654/review,
135,佳佳基,40085212,乐平小吃,该商户暂无星级,http://www.dianping.com/shop/40085212/review,
135,佳佳基,50386763,彭家鸡场乐平销售部,该商户暂无星级,http://www.dianping.com/shop/50386763/review,
135,佳佳基,110290095,涛涛大排档,该商户暂无星级,http://www.dianping.com/shop/110290095/review,
135,佳佳基,111971043,孙记烧烤吧,该商户暂无星级,http://www.dianping.com/shop/111971043/review,
135,佳佳基,93918092,米高林铁板厨房(乐平店),准四星商户,http://www.dianping.com/shop/93918092#comment,
135,佳佳基,40553777,南华自助餐,该商户暂无星级,http://www.dianping.com/shop/40553777/review,
135,佳佳基,76942445,失态旋转火锅,该商户暂无星级,http://www.dianping.com/shop/76942445/review,
135,佳佳基,24862507,渴了油炸,准四星商户,http://www.dianping.com/shop/24862507#comment,
135,佳佳基,81366327,迷路咖啡,准四星商户,http://www.dianping.com/shop/81366327#comment,
135,佳佳基,95374089,鸡排盖饭,该商户暂无星级,http://www.dianping.com/shop/95374089/review,
135,佳佳基,98272387,接渡煎饺,该商户暂无星级,http://www.dianping.com/shop/98272387/review,
135,佳佳基,110258414,馋嘴花甲,该商户暂无星级,http://www.dianping.com/shop/110258414/review,
135,佳佳基,97182757,巴三哥重庆担担面(陶家桥店),该商户暂无星级,http://www.dianping.com/shop/97182757/review,
135,佳佳基,99982587,邹记板栗王,该商户暂无星级,http://www.dianping.com/shop/99982587/review,
135,佳佳基,122969314,素麦,该商户暂无星级,http://www.dianping.com/shop/122969314/review,
135,佳佳基,108145277,吉祥餐馆(西门广场店),该商户暂无星级,http://www.dianping.com/shop/108145277/review,
135,佳佳基,9595425,168餐厅,该商户暂无星级,http://www.dianping.com/shop/9595425/review,
135,佳佳基,96598204,菲力牛排杯,该商户暂无星级,http://www.dianping.com/shop/96598204/review,
135,佳佳基,102377390,原味烧烤,该商户暂无星级,http://www.dianping.com/shop/102377390/review,
135,佳佳基,93611961,意大利披萨,该商户暂无星级,http://www.dianping.com/shop/93611961/review,
135,佳佳基,128354758,正新汉堡(乐平店),该商户暂无星级,http://www.dianping.com/shop/128354758#comment,
135,佳佳基,123599920,卡门天使三千茶农酒庄,该商户暂无星级,http://www.dianping.com/shop/123599920/review,
135,佳佳基,96497086,木木奶咖,该商户暂无星级,http://www.dianping.com/shop/96497086/review,
135,佳佳基,122324011,一諾一生奶茶烘焙店,该商户暂无星级,http://www.dianping.com/shop/122324011/review,
135,佳佳基,93722757,馋嘴公主,该商户暂无星级,http://www.dianping.com/shop/93722757/review,
135,佳佳基,32457127,黎记屌丝烧烤,准四星商户,http://www.dianping.com/shop/32457127#comment,
135,佳佳基,69859385,艾瑞斯生日蛋糕,准四星商户,http://www.dianping.com/shop/69859385#comment,
135,佳佳基,90569810,雪青老冰匠,准四星商户,http://www.dianping.com/shop/90569810#comment,
135,佳佳基,112296229,118中式快餐汉中热米皮,该商户暂无星级,http://www.dianping.com/shop/112296229/review,
135,佳佳基,71206818,小陶干货总汇,该商户暂无星级,http://www.dianping.com/shop/71206818/review,
135,佳佳基,106901053,沪味馆,该商户暂无星级,http://www.dianping.com/shop/106901053/review,
135,佳佳基,111971491,爱烤吧,该商户暂无星级,http://www.dianping.com/shop/111971491/review,
135,佳佳基,62744116,多多烧烤,该商户暂无星级,http://www.dianping.com/shop/62744116/review,
135,佳佳基,62588567,邱河干货店,该商户暂无星级,http://www.dianping.com/shop/62588567/review,
135,佳佳基,101983639,老徐粮油店,该商户暂无星级,http://www.dianping.com/shop/101983639/review,
135,佳佳基,71282883,吉利粮油店,该商户暂无星级,http://www.dianping.com/shop/71282883/review,
135,佳佳基,63438330,盘中餐老排档,三星商户,http://www.dianping.com/shop/63438330#comment,
135,佳佳基,40456931,南昌麻辣涮,该商户暂无星级,http://www.dianping.com/shop/40456931/review,
135,佳佳基,96528261,渝都小吃,该商户暂无星级,http://www.dianping.com/shop/96528261/review,
135,佳佳基,96349348,辣不思蜀,该商户暂无星级,http://www.dianping.com/shop/96349348/review,
135,佳佳基,92700147,黄记煎饺,该商户暂无星级,http://www.dianping.com/shop/92700147/review,
135,佳佳基,50355902,喜洋洋餐馆,该商户暂无星级,http://www.dianping.com/shop/50355902/review,
135,佳佳基,123145790,有缘菜馆,该商户暂无星级,http://www.dianping.com/shop/123145790/review,
135,佳佳基,103013928,美琪生日蛋糕店,该商户暂无星级,http://www.dianping.com/shop/103013928/review,
135,佳佳基,96315730,锡纸天下,该商户暂无星级,http://www.dianping.com/shop/96315730/review,
135,佳佳基,69042202,良品铺子(乐平三店),三星商户,http://www.dianping.com/shop/69042202/review,
135,佳佳基,91915639,樊氏牛骨粉店,该商户暂无星级,http://www.dianping.com/shop/91915639/review,
135,佳佳基,41187573,王记老厨(乐平店),三星商户,http://www.dianping.com/shop/41187573#comment,
135,佳佳基,69753944,小敏吃货站,准四星商户,http://www.dianping.com/shop/69753944#comment,
135,佳佳基,23963869,皇家甜心(乐平店),准四星商户,http://www.dianping.com/shop/23963869#comment,
135,佳佳基,23539678,煌上煌(景德镇乐平2店),准四星商户,http://www.dianping.com/shop/23539678#comment,
135,佳佳基,123155173,一切光零食家(乐平英伦广场店),该商户暂无星级,http://www.dianping.com/shop/123155173/review,
135,佳佳基,32668290,鸬鹚家常菜,三星商户,http://www.dianping.com/shop/32668290#comment,
135,佳佳基,56905955,有口福,该商户暂无星级,http://www.dianping.com/shop/56905955/review,
135,佳佳基,100566775,文兵餐馆,该商户暂无星级,http://www.dianping.com/shop/100566775/review,
135,佳佳基,65305612,汤霸食府,该商户暂无星级,http://www.dianping.com/shop/65305612/review,
135,佳佳基,96283159,厕所串串(新平中路店),该商户暂无星级,http://www.dianping.com/shop/96283159/review,
135,佳佳基,92301296,一品鲜迷宗蟹,该商户暂无星级,http://www.dianping.com/shop/92301296/review,
135,佳佳基,68232362,鸭皇子秘制烤鸭肠(一小店),准四星商户,http://www.dianping.com/shop/68232362#comment,
135,佳佳基,101410051,金栗香,该商户暂无星级,http://www.dianping.com/shop/101410051/review,
135,佳佳基,40965748,春兰酒家,准四星商户,http://www.dianping.com/shop/40965748#comment,
135,佳佳基,106767828,农家小院特色菜馆,该商户暂无星级,http://www.dianping.com/shop/106767828/review,
135,佳佳基,40398071,家乡菜馆,该商户暂无星级,http://www.dianping.com/shop/40398071/review,
135,佳佳基,122663566,创民心中式快餐,该商户暂无星级,http://www.dianping.com/shop/122663566/review,
135,佳佳基,125867018,鲁赣菜馆,该商户暂无星级,http://www.dianping.com/shop/125867018/review,
135,佳佳基,68019552,沃多香正宗重庆小面,准四星商户,http://www.dianping.com/shop/68019552#comment,
135,佳佳基,121481891,呗啦汉堡,该商户暂无星级,http://www.dianping.com/shop/121481891/review,
135,佳佳基,63684965,涌山饭店,该商户暂无星级,http://www.dianping.com/shop/63684965/review,
135,佳佳基,122845121,四季飘香狗肉店,该商户暂无星级,http://www.dianping.com/shop/122845121/review,
135,佳佳基,104872608,米饭香,该商户暂无星级,http://www.dianping.com/shop/104872608/review,
135,佳佳基,23360669,加多宝,该商户暂无星级,http://www.dianping.com/shop/23360669/review,
135,佳佳基,9592761,南河公园餐馆,准四星商户,http://www.dianping.com/shop/9592761#comment,
135,佳佳基,40056536,程记砂锅,准四星商户,http://www.dianping.com/shop/40056536#comment,
135,佳佳基,77705577,朝天门(珠海南路店),三星商户,http://www.dianping.com/shop/77705577#comment,
135,佳佳基,127606748,留一手烤鱼烧烤,该商户暂无星级,http://www.dianping.com/shop/127606748/review,
135,佳佳基,101352401,东芝性品专卖,该商户暂无星级,http://www.dianping.com/shop/101352401/review,
135,佳佳基,74261423,汪麻糍冻米糖专卖部,该商户暂无星级,http://www.dianping.com/shop/74261423/review,
135,佳佳基,65226103,华乐炒货,该商户暂无星级,http://www.dianping.com/shop/65226103/review,
135,佳佳基,123305537,陶家桥冰棒批发,该商户暂无星级,http://www.dianping.com/shop/123305537/review,
135,佳佳基,71613211,金和粮油店,该商户暂无星级,http://www.dianping.com/shop/71613211/review,
135,佳佳基,40978258,彩华喜庆糖果批发,该商户暂无星级,http://www.dianping.com/shop/40978258/review,
135,佳佳基,39740697,金丝猴,该商户暂无星级,http://www.dianping.com/shop/39740697/review,
135,佳佳基,40911629,乐平市金湘乐食品商行,该商户暂无星级,http://www.dianping.com/shop/40911629/review,
135,佳佳基,68900481,惠君早餐店,准四星商户,http://www.dianping.com/shop/68900481#comment,
135,佳佳基,97911656,碳烤吧,该商户暂无星级,http://www.dianping.com/shop/97911656/review,
135,佳佳基,97913638,老字号熙子大排档,该商户暂无星级,http://www.dianping.com/shop/97913638/review,
135,佳佳基,91920806,源川婆婆,准四星商户,http://www.dianping.com/shop/91920806#comment,
135,佳佳基,79622093,徐家客快餐店,准四星商户,http://www.dianping.com/shop/79622093#comment,
135,佳佳基,95076584,欢乐汉堡,该商户暂无星级,http://www.dianping.com/shop/95076584/review,
135,佳佳基,101442823,塔前饭店,该商户暂无星级,http://www.dianping.com/shop/101442823/review,
135,佳佳基,41047646,真味馆,该商户暂无星级,http://www.dianping.com/shop/41047646/review,
135,佳佳基,107712519,西门凉皮,三星商户,http://www.dianping.com/shop/107712519#comment,
135,佳佳基,92460873,茶知味,该商户暂无星级,http://www.dianping.com/shop/92460873/review,
135,佳佳基,45496510,大头排挡,准四星商户,http://www.dianping.com/shop/45496510#comment,
135,佳佳基,70426823,官记米粉,该商户暂无星级,http://www.dianping.com/shop/70426823/review,
135,佳佳基,40935838,香湘餐馆,该商户暂无星级,http://www.dianping.com/shop/40935838/review,
135,佳佳基,62672237,胜华菜馆,该商户暂无星级,http://www.dianping.com/shop/62672237/review,
135,佳佳基,74355066,鄱乐食品批发,该商户暂无星级,http://www.dianping.com/shop/74355066/review,
135,佳佳基,57855576,彭记炒货零嘴,该商户暂无星级,http://www.dianping.com/shop/57855576/review,
135,佳佳基,65991985,乐饮葡萄酒,该商户暂无星级,http://www.dianping.com/shop/65991985/review,
135,佳佳基,99630228,他她奶茶,该商户暂无星级,http://www.dianping.com/shop/99630228/review,
135,佳佳基,70336431,站前冷饮,该商户暂无星级,http://www.dianping.com/shop/70336431/review,
135,佳佳基,69545197,半亩田,准四星商户,http://www.dianping.com/shop/69545197#comment,
135,佳佳基,96044819,胡记义兰特色腌菜拌粉店,该商户暂无星级,http://www.dianping.com/shop/96044819/review,
135,佳佳基,102494993,乐平老冰店,该商户暂无星级,http://www.dianping.com/shop/102494993/review,
135,佳佳基,68890402,鄱阳饭店,准四星商户,http://www.dianping.com/shop/68890402#comment,
135,佳佳基,41280478,民心饭馆,该商户暂无星级,http://www.dianping.com/shop/41280478/review,
135,佳佳基,23336817,海水粗菜馆,准四星商户,http://www.dianping.com/shop/23336817#comment,
135,佳佳基,41336314,长生饭店,该商户暂无星级,http://www.dianping.com/shop/41336314/review,
135,佳佳基,40263057,火凤饭店,该商户暂无星级,http://www.dianping.com/shop/40263057/review,
135,佳佳基,41001838,万家灯火,准四星商户,http://www.dianping.com/shop/41001838#comment,
135,佳佳基,40176213,文华鱼头馆,该商户暂无星级,http://www.dianping.com/shop/40176213/review,
135,佳佳基,43982716,时光味道,准四星商户,http://www.dianping.com/shop/43982716#comment,
135,佳佳基,32879337,骨汤麻辣烫,准四星商户,http://www.dianping.com/shop/32879337#comment,
135,佳佳基,95040504,皮匠大排档,该商户暂无星级,http://www.dianping.com/shop/95040504/review,
135,佳佳基,92940434,乐中老字号铁板烧,准四星商户,http://www.dianping.com/shop/92940434#comment,
135,佳佳基,24698834,好记烧烤,该商户暂无星级,http://www.dianping.com/shop/24698834/review,
135,佳佳基,63925793,鱼庄土菜馆(平价店),该商户暂无星级,http://www.dianping.com/shop/63925793/review,
135,佳佳基,18438957,第一炉面包房(乐平二店),准四星商户,http://www.dianping.com/shop/18438957#comment,
135,佳佳基,126754780,虹梅小吃店,该商户暂无星级,http://www.dianping.com/shop/126754780/review,
135,佳佳基,124122033,洪丰食府,该商户暂无星级,http://www.dianping.com/shop/124122033/review,
135,佳佳基,113913753,建飞小吃,该商户暂无星级,http://www.dianping.com/shop/113913753/review,
135,佳佳基,114537709,塘畔人家餐馆,该商户暂无星级,http://www.dianping.com/shop/114537709/review,
135,佳佳基,93412776,艺装百年,该商户暂无星级,http://www.dianping.com/shop/93412776/review,
135,佳佳基,9596615,家祥饭店,准四星商户,http://www.dianping.com/shop/9596615#comment,
135,佳佳基,77267708,徐记饭店,该商户暂无星级,http://www.dianping.com/shop/77267708/review,
135,佳佳基,113129117,泡面小食堂,准四星商户,http://www.dianping.com/shop/113129117#comment,
135,佳佳基,56926806,扬州德华小吃,准四星商户,http://www.dianping.com/shop/56926806#comment,
135,佳佳基,69155161,韩品小厨(石锅拌饭),准四星商户,http://www.dianping.com/shop/69155161#comment,
135,佳佳基,69124010,过桥米线(新平中路店),三星商户,http://www.dianping.com/shop/69124010#comment,
135,佳佳基,24819195,扇贝王,该商户暂无星级,http://www.dianping.com/shop/24819195/review,
135,佳佳基,27144573,麦田无限(乐平店),准四星商户,http://www.dianping.com/shop/27144573#comment,
135,佳佳基,41135707,早点排挡,准四星商户,http://www.dianping.com/shop/41135707#comment,
135,佳佳基,66754817,欢乐基,三星商户,http://www.dianping.com/shop/66754817#comment,
135,佳佳基,127741210,京百味起司彩色马铃薯,该商户暂无星级,http://www.dianping.com/shop/127741210/review,
135,佳佳基,101408638,188韩国馆,该商户暂无星级,http://www.dianping.com/shop/101408638/review,
135,佳佳基,40102711,海新疯狂烤翅,该商户暂无星级,http://www.dianping.com/shop/40102711/review,
135,佳佳基,79814837,步行街万州烧烤,该商户暂无星级,http://www.dianping.com/shop/79814837/review,
135,佳佳基,68956811,原生态石板烧,该商户暂无星级,http://www.dianping.com/shop/68956811/review,
135,佳佳基,44244205,味香情太空舱果木烤吧,该商户暂无星级,http://www.dianping.com/shop/44244205/review,
135,佳佳基,66041707,如意羊汤,准四星商户,http://www.dianping.com/shop/66041707#comment,
135,佳佳基,123155252,聚味楼,该商户暂无星级,http://www.dianping.com/shop/123155252/review,
135,佳佳基,9596270,晓春酒家,三星商户,http://www.dianping.com/shop/9596270#comment,
135,佳佳基,80242123,恒文烤鸭,该商户暂无星级,http://www.dianping.com/shop/80242123/review,
135,佳佳基,65397725,鸡旋风,准四星商户,http://www.dianping.com/shop/65397725#comment,
135,佳佳基,40268644,酸菜鱼馆,该商户暂无星级,http://www.dianping.com/shop/40268644/review,
135,佳佳基,66194614,舌头好忙,准四星商户,http://www.dianping.com/shop/66194614#comment,
135,佳佳基,32769261,美味花甲(乐中店),准四星商户,http://www.dianping.com/shop/32769261#comment,
135,佳佳基,48017191,好口味烧烤,该商户暂无星级,http://www.dianping.com/shop/48017191/review,
135,佳佳基,48090057,汪氏田螺王,该商户暂无星级,http://www.dianping.com/shop/48090057/review,
135,佳佳基,40622364,锦豪餐厅,该商户暂无星级,http://www.dianping.com/shop/40622364/review,
135,佳佳基,40416242,永靖斋,该商户暂无星级,http://www.dianping.com/shop/40416242/review,
135,佳佳基,68265371,细华餐馆,该商户暂无星级,http://www.dianping.com/shop/68265371/review,
135,佳佳基,65870156,刘阿姨鸡蛋仔,该商户暂无星级,http://www.dianping.com/shop/65870156/review,
135,佳佳基,41425417,老丁餐馆,该商户暂无星级,http://www.dianping.com/shop/41425417/review,
135,佳佳基,11725009,珠海路集贸市场,该商户暂无星级,http://www.dianping.com/shop/11725009/review,
135,佳佳基,49271531,祥旺食品店,该商户暂无星级,http://www.dianping.com/shop/49271531/review,
135,佳佳基,112637380,中博百年堂,该商户暂无星级,http://www.dianping.com/shop/112637380/review,
135,佳佳基,101494862,阿秀瓜子,该商户暂无星级,http://www.dianping.com/shop/101494862/review,
135,佳佳基,41440458,火爆冷饮(新平路店),该商户暂无星级,http://www.dianping.com/shop/41440458/review,
135,佳佳基,74231533,太空谷进口食品·休闲食品,该商户暂无星级,http://www.dianping.com/shop/74231533/review,
135,佳佳基,22435356,怡佳仁,该商户暂无星级,http://www.dianping.com/shop/22435356/review,
135,佳佳基,70434184,山东炒货,该商户暂无星级,http://www.dianping.com/shop/70434184/review,
135,佳佳基,93417975,梦想网咖,该商户暂无星级,http://www.dianping.com/shop/93417975/review,
135,佳佳基,67700720,韩式琥珀水晶冰淇淋,该商户暂无星级,http://www.dianping.com/shop/67700720/review,
135,佳佳基,92462141,老北京炸酱面,该商户暂无星级,http://www.dianping.com/shop/92462141/review,
135,佳佳基,126750291,布雷格英式烘焙,该商户暂无星级,http://www.dianping.com/shop/126750291/review,
135,佳佳基,56985479,麦德汇炸鸡汉堡,准四星商户,http://www.dianping.com/shop/56985479#comment,
135,佳佳基,67600899,锡纸包包石尚拌饭,准四星商户,http://www.dianping.com/shop/67600899#comment,
135,佳佳基,70818507,白玫瑰,该商户暂无星级,http://www.dianping.com/shop/70818507/review,
135,佳佳基,95535490,新加坡烤肉,该商户暂无星级,http://www.dianping.com/shop/95535490/review,
135,佳佳基,50421638,夏莫尼冰淇淋,准四星商户,http://www.dianping.com/shop/50421638#comment,
135,佳佳基,24678664,披萨堡,准四星商户,http://www.dianping.com/shop/24678664#comment,
135,佳佳基,79134696,重庆生面条,该商户暂无星级,http://www.dianping.com/shop/79134696/review,
135,佳佳基,103664433,飘香卤烤店,该商户暂无星级,http://www.dianping.com/shop/103664433/review,
135,佳佳基,67605051,华华排挡,该商户暂无星级,http://www.dianping.com/shop/67605051/review,
135,佳佳基,93010305,royaltea皇家,该商户暂无星级,http://www.dianping.com/shop/93010305/review,
135,佳佳基,114688943,龙福林鱼庄,该商户暂无星级,http://www.dianping.com/shop/114688943/review,
135,佳佳基,69239324,千串百味时尚小火锅,该商户暂无星级,http://www.dianping.com/shop/69239324/review,
135,佳佳基,59283469,正宗云南过桥米线(步行街店),该商户暂无星级,http://www.dianping.com/shop/59283469/review,
135,佳佳基,111774387,家滋味,该商户暂无星级,http://www.dianping.com/shop/111774387/review,
135,佳佳基,68698353,大口九茶饮,准四星商户,http://www.dianping.com/shop/68698353#comment,
135,佳佳基,105268504,遵义祖美羊肉馆,该商户暂无星级,http://www.dianping.com/shop/105268504/review,
135,佳佳基,57412053,长寿老妈砂锅串串香(珠海中路店),三星商户,http://www.dianping.com/shop/57412053#comment,
135,佳佳基,97713590,徐记水煮油炸,该商户暂无星级,http://www.dianping.com/shop/97713590/review,
135,佳佳基,96247897,陈记早餐店,准四星商户,http://www.dianping.com/shop/96247897#comment,
135,佳佳基,77477198,梧桐书咖咖啡店,该商户暂无星级,http://www.dianping.com/shop/77477198/review,
135,佳佳基,40940601,遵义羊肉粉馆,准四星商户,http://www.dianping.com/shop/40940601#comment,
135,佳佳基,125225455,卤三国,该商户暂无星级,http://www.dianping.com/shop/125225455/review,
135,佳佳基,125766244,我在等你情感主题餐厅,该商户暂无星级,http://www.dianping.com/shop/125766244/review,
135,佳佳基,69561445,魔芋生态园,该商户暂无星级,http://www.dianping.com/shop/69561445/review,
135,佳佳基,48322650,翥山餐馆,该商户暂无星级,http://www.dianping.com/shop/48322650/review,
135,佳佳基,68701128,韵味春天时尚·餐厅,该商户暂无星级,http://www.dianping.com/shop/68701128/review,
135,佳佳基,40476152,周记菜馆,该商户暂无星级,http://www.dianping.com/shop/40476152/review,
135,佳佳基,105788272,福客来餐厅,该商户暂无星级,http://www.dianping.com/shop/105788272/review,
135,佳佳基,68918091,自由自在进口超市,该商户暂无星级,http://www.dianping.com/shop/68918091/review,
135,佳佳基,68412284,小余早餐,该商户暂无星级,http://www.dianping.com/shop/68412284/review,
135,佳佳基,127048294,好趣处快餐,该商户暂无星级,http://www.dianping.com/shop/127048294/review,
135,佳佳基,56900605,花花小面馆,该商户暂无星级,http://www.dianping.com/shop/56900605/review,
135,佳佳基,65839330,雪峰快餐,该商户暂无星级,http://www.dianping.com/shop/65839330/review,
135,佳佳基,18098146,南昌光头汤店,该商户暂无星级,http://www.dianping.com/shop/18098146/review,
135,佳佳基,65596066,合口味牛肉面馆,该商户暂无星级,http://www.dianping.com/shop/65596066/review,
135,佳佳基,68665008,家家排档,该商户暂无星级,http://www.dianping.com/shop/68665008/review,
135,佳佳基,43836669,金淮鸭血粉丝(乐平店),该商户暂无星级,http://www.dianping.com/shop/43836669/review,
135,佳佳基,128276318,南昌滨海家自助快餐,该商户暂无星级,http://www.dianping.com/shop/128276318/review,
135,佳佳基,41562798,鹰潭牛骨粉,该商户暂无星级,http://www.dianping.com/shop/41562798/review,
135,佳佳基,71034106,长生大米配送中心,该商户暂无星级,http://www.dianping.com/shop/71034106/review,
135,佳佳基,113867758,小王特色生煎锅贴,该商户暂无星级,http://www.dianping.com/shop/113867758/review,
135,佳佳基,99434638,爱加旺卤菜店,该商户暂无星级,http://www.dianping.com/shop/99434638/review,
135,佳佳基,39613042,三毛早餐点,该商户暂无星级,http://www.dianping.com/shop/39613042/review,
135,佳佳基,59061041,疯狂烤翅,该商户暂无星级,http://www.dianping.com/shop/59061041/review,
135,佳佳基,40179003,蒋发平饺子店,该商户暂无星级,http://www.dianping.com/shop/40179003/review,
135,佳佳基,79886097,成都担担面,该商户暂无星级,http://www.dianping.com/shop/79886097/review,
135,佳佳基,68915258,老陈饺子馆,该商户暂无星级,http://www.dianping.com/shop/68915258/review,
135,佳佳基,96317415,辣婆子木桶饭,该商户暂无星级,http://www.dianping.com/shop/96317415/review,
135,佳佳基,95513752,烫丫丫,该商户暂无星级,http://www.dianping.com/shop/95513752/review,
135,佳佳基,101408410,贵州特色小吃,该商户暂无星级,http://www.dianping.com/shop/101408410/review,
135,佳佳基,108190110,荷小馆(新平路店),该商户暂无星级,http://www.dianping.com/shop/108190110/review,
135,佳佳基,97483565,阿军快餐,该商户暂无星级,http://www.dianping.com/shop/97483565/review,
135,佳佳基,126162018,徐家饭店,该商户暂无星级,http://www.dianping.com/shop/126162018/review,
135,佳佳基,40334728,天天排档,该商户暂无星级,http://www.dianping.com/shop/40334728/review,
135,佳佳基,107027691,海辣百川烫,该商户暂无星级,http://www.dianping.com/shop/107027691/review,
135,佳佳基,123142767,忆香小吃店,该商户暂无星级,http://www.dianping.com/shop/123142767/review,
135,佳佳基,102001199,徐建平放心包子,该商户暂无星级,http://www.dianping.com/shop/102001199/review,
135,佳佳基,41301860,家乡味,该商户暂无星级,http://www.dianping.com/shop/41301860/review,
135,佳佳基,125705804,胡记宜宾燃面,该商户暂无星级,http://www.dianping.com/shop/125705804/review,
135,佳佳基,65516218,甜甜炸酱面(新平中路店),该商户暂无星级,http://www.dianping.com/shop/65516218/review,
135,佳佳基,100428575,熙熙餐厅(步行街店),该商户暂无星级,http://www.dianping.com/shop/100428575/review,
135,佳佳基,40548881,一口香汤包,该商户暂无星级,http://www.dianping.com/shop/40548881/review,
135,佳佳基,93482567,欢乐果园,该商户暂无星级,http://www.dianping.com/shop/93482567/review,
135,佳佳基,43719006,果多多,该商户暂无星级,http://www.dianping.com/shop/43719006/review,
135,佳佳基,124746185,骨汤牛肉面,该商户暂无星级,http://www.dianping.com/shop/124746185/review,
135,佳佳基,122320086,暴走猪蹄小吃,该商户暂无星级,http://www.dianping.com/shop/122320086/review,
135,佳佳基,106764928,小小炸酱面,该商户暂无星级,http://www.dianping.com/shop/106764928/review,
135,佳佳基,125849981,爱华排档,该商户暂无星级,http://www.dianping.com/shop/125849981/review,
135,佳佳基,110576412,一味难求快餐,该商户暂无星级,http://www.dianping.com/shop/110576412/review,
135,佳佳基,98230519,汪记旋风黑鸭,该商户暂无星级,http://www.dianping.com/shop/98230519/review,
135,佳佳基,72018496,天天阳光健康生活馆,该商户暂无星级,http://www.dianping.com/shop/72018496/review,
135,佳佳基,39860542,兰州正宗牛肉拉面刀削面,该商户暂无星级,http://www.dianping.com/shop/39860542/review,
135,佳佳基,39712948,河南佬放心包子店(乐平二店),该商户暂无星级,http://www.dianping.com/shop/39712948/review,
135,佳佳基,68449217,宾海家自助快餐,该商户暂无星级,http://www.dianping.com/shop/68449217/review,
135,佳佳基,68463523,正宗兰州牛肉拉面,准四星商户,http://www.dianping.com/shop/68463523#comment,
135,佳佳基,75105585,小辣椒回转麻辣烫,准四星商户,http://www.dianping.com/shop/75105585#comment,
135,佳佳基,41265644,旺阁糖水店,准四星商户,http://www.dianping.com/shop/41265644#comment,
135,佳佳基,41448281,金凤水果店,三星商户,http://www.dianping.com/shop/41448281#comment,
135,佳佳基,41082566,好运快餐,准四星商户,http://www.dianping.com/shop/41082566#comment,
135,佳佳基,68690005,胖子饭店,准四星商户,http://www.dianping.com/shop/68690005#comment,
135,佳佳基,114801279,龙门花甲,三星商户,http://www.dianping.com/shop/114801279/review,
135,佳佳基,41286895,徐氏蜂蜜,三星商户,http://www.dianping.com/shop/41286895/review,
135,佳佳基,73426471,老巷口小吃铺,三星商户,http://www.dianping.com/shop/73426471/review,
135,佳佳基,39704094,钟记汤包店,三星商户,http://www.dianping.com/shop/39704094#comment,
135,佳佳基,63341843,悠意思重庆酸辣粉,三星商户,http://www.dianping.com/shop/63341843#comment,
135,佳佳基,66633277,杨国福麻辣烫,准四星商户,http://www.dianping.com/shop/66633277#comment,
135,佳佳基,95983025,香缇丽舍烘焙店,准四星商户,http://www.dianping.com/shop/95983025#comment,
135,佳佳基,127997150,古乐牛香,该商户暂无星级,http://www.dianping.com/shop/127997150/review,
135,佳佳基,67906223,小滋生活馆,准四星商户,http://www.dianping.com/shop/67906223#comment,
135,佳佳基,9592536,麦香园蛋糕,准四星商户,http://www.dianping.com/shop/9592536#comment,
135,佳佳基,111567213,欣诚甜品,该商户暂无星级,http://www.dianping.com/shop/111567213/review,
135,佳佳基,41324795,大台北奶茶店,准四星商户,http://www.dianping.com/shop/41324795#comment,
135,佳佳基,112508717,王姑娘秘制,该商户暂无星级,http://www.dianping.com/shop/112508717/review,
135,佳佳基,45410654,多美味汉堡店(二中店),准四星商户,http://www.dianping.com/shop/45410654#comment,
135,佳佳基,101013976,果味多水果店,该商户暂无星级,http://www.dianping.com/shop/101013976/review,
135,佳佳基,65335059,果多果,该商户暂无星级,http://www.dianping.com/shop/65335059/review,
135,佳佳基,68443504,王师傅特色牛骨粉面,该商户暂无星级,http://www.dianping.com/shop/68443504/review,
135,佳佳基,127436511,吃饭要紧,该商户暂无星级,http://www.dianping.com/shop/127436511/review,
135,佳佳基,112152989,馋掉牙开心花甲粉,该商户暂无星级,http://www.dianping.com/shop/112152989/review,
135,佳佳基,77265292,水果帮,该商户暂无星级,http://www.dianping.com/shop/77265292/review,
135,佳佳基,39877313,春兴排档城,该商户暂无星级,http://www.dianping.com/shop/39877313/review,
135,佳佳基,123599930,优蔬果良吧,该商户暂无星级,http://www.dianping.com/shop/123599930/review,
135,佳佳基,57283594,御膳冒菜(珠海中路店),该商户暂无星级,http://www.dianping.com/shop/57283594/review,
135,佳佳基,41475628,康师傅大排档,该商户暂无星级,http://www.dianping.com/shop/41475628/review,
135,佳佳基,96264697,水果汇,该商户暂无星级,http://www.dianping.com/shop/96264697/review,
135,佳佳基,122960580,优蔬果粮吧,该商户暂无星级,http://www.dianping.com/shop/122960580/review,
135,佳佳基,40808078,老津门汤包,该商户暂无星级,http://www.dianping.com/shop/40808078/review,
135,佳佳基,57204445,老冯排档,该商户暂无星级,http://www.dianping.com/shop/57204445/review,
135,佳佳基,123145775,天津灌汤包,该商户暂无星级,http://www.dianping.com/shop/123145775/review,
135,佳佳基,68343195,乐平峰峰卤菜店,该商户暂无星级,http://www.dianping.com/shop/68343195/review,
135,佳佳基,40203497,老想来自助快餐,该商户暂无星级,http://www.dianping.com/shop/40203497/review,
135,佳佳基,123599827,面资鲜馆,该商户暂无星级,http://www.dianping.com/shop/123599827/review,
135,佳佳基,63247558,友味来快餐,该商户暂无星级,http://www.dianping.com/shop/63247558/review,
135,佳佳基,92407127,冒蜀黍,该商户暂无星级,http://www.dianping.com/shop/92407127/review,
135,佳佳基,123145783,眼镜排挡,该商户暂无星级,http://www.dianping.com/shop/123145783/review,
135,佳佳基,127914224,玛迪奥烘焙,该商户暂无星级,http://www.dianping.com/shop/127914224/review,
135,佳佳基,91915480,壹家烤猪蹄,该商户暂无星级,http://www.dianping.com/shop/91915480/review,
135,佳佳基,99708767,小董早餐店,该商户暂无星级,http://www.dianping.com/shop/99708767/review,
135,佳佳基,67734169,面资小馆,该商户暂无星级,http://www.dianping.com/shop/67734169/review,
135,佳佳基,79419601,双凤水果,该商户暂无星级,http://www.dianping.com/shop/79419601/review,
135,佳佳基,68628418,杭州小笼包,该商户暂无星级,http://www.dianping.com/shop/68628418/review,
135,佳佳基,44328239,重庆酸辣粉,该商户暂无星级,http://www.dianping.com/shop/44328239/review,
135,佳佳基,127042600,中国兰州拉面,该商户暂无星级,http://www.dianping.com/shop/127042600/review,
135,佳佳基,40726694,矮子排档,该商户暂无星级,http://www.dianping.com/shop/40726694/review,
135,佳佳基,110823865,福满堂美食城,该商户暂无星级,http://www.dianping.com/shop/110823865/review,
135,佳佳基,67069161,晨光烧饼,该商户暂无星级,http://www.dianping.com/shop/67069161/review,
135,佳佳基,110107651,新丰大包,该商户暂无星级,http://www.dianping.com/shop/110107651/review,
135,佳佳基,102458530,福建沙县小吃(大寺上店),该商户暂无星级,http://www.dianping.com/shop/102458530/review,
135,佳佳基,80343293,90后麻辣烫,该商户暂无星级,http://www.dianping.com/shop/80343293/review,
135,佳佳基,68628297,东琴饺子店,该商户暂无星级,http://www.dianping.com/shop/68628297/review,
135,佳佳基,77486033,龙门煮新派潮煮麻辣烫(珠海中路店),该商户暂无星级,http://www.dianping.com/shop/77486033/review,
135,佳佳基,100977267,长寿路米店,该商户暂无星级,http://www.dianping.com/shop/100977267/review,
135,佳佳基,79807734,雪平排档,该商户暂无星级,http://www.dianping.com/shop/79807734/review,
135,佳佳基,91970234,黑咖骑士,该商户暂无星级,http://www.dianping.com/shop/91970234/review,
135,佳佳基,10523417,星月冰厅,该商户暂无星级,http://www.dianping.com/shop/10523417/review,
135,佳佳基,23057707,我们家大拇指,准四星商户,http://www.dianping.com/shop/23057707#comment,
135,佳佳基,24701689,海根拍档,准四星商户,http://www.dianping.com/shop/24701689#comment,
135,佳佳基,41295798,随缘大排档,准四星商户,http://www.dianping.com/shop/41295798#comment,
135,佳佳基,64976549,洪英排挡,三星商户,http://www.dianping.com/shop/64976549#comment,
135,佳佳基,65048294,城郊农贸市场,三星商户,http://www.dianping.com/shop/65048294#comment,
135,佳佳基,32333306,绝味鸭脖(长寿路店),准四星商户,http://www.dianping.com/shop/32333306#comment,
135,佳佳基,40219039,小汤羊肉馆,准四星商户,http://www.dianping.com/shop/40219039#comment,
135,佳佳基,63377827,铅山烫粉,准四星商户,http://www.dianping.com/shop/63377827#comment,
135,佳佳基,27413009,好果多,准四星商户,http://www.dianping.com/shop/27413009#comment,
135,佳佳基,56981473,新天津大汤包,准四星商户,http://www.dianping.com/shop/56981473#comment,
135,佳佳基,125966568,蜜雪冰城(文化宫店),该商户暂无星级,http://www.dianping.com/shop/125966568/review,
135,佳佳基,41333265,贵州遵义羊肉馆,该商户暂无星级,http://www.dianping.com/shop/41333265/review,
135,佳佳基,125215870,资溪面包,该商户暂无星级,http://www.dianping.com/shop/125215870/review,
135,佳佳基,111590549,ChaLi茶里(英伦广场店),该商户暂无星级,http://www.dianping.com/shop/111590549/review,
135,佳佳基,90907923,英子饺子店(周家巷),该商户暂无星级,http://www.dianping.com/shop/90907923/review,
135,佳佳基,77304768,南昌小胡瓦罐汤,该商户暂无星级,http://www.dianping.com/shop/77304768/review,
135,佳佳基,68733521,旺仔鲜包,准四星商户,http://www.dianping.com/shop/68733521#comment,
135,佳佳基,68453570,八一排档,准四星商户,http://www.dianping.com/shop/68453570#comment,
135,佳佳基,91655556,奇迹烤肉拌饭,准四星商户,http://www.dianping.com/shop/91655556#comment,
135,佳佳基,41485258,温州面馆,该商户暂无星级,http://www.dianping.com/shop/41485258/review,
135,佳佳基,99975484,食为先小吃,该商户暂无星级,http://www.dianping.com/shop/99975484/review,
135,佳佳基,99489719,东门程氏砂锅,该商户暂无星级,http://www.dianping.com/shop/99489719/review,
135,佳佳基,98209276,常青麦香园,该商户暂无星级,http://www.dianping.com/shop/98209276/review,
135,佳佳基,101946205,韩式炸鸡,该商户暂无星级,http://www.dianping.com/shop/101946205/review,
135,佳佳基,98516568,金牌粥铺,该商户暂无星级,http://www.dianping.com/shop/98516568/review,
135,佳佳基,79856449,赣乐木桶饭,该商户暂无星级,http://www.dianping.com/shop/79856449/review,
135,佳佳基,11724645,大头水果,该商户暂无星级,http://www.dianping.com/shop/11724645/review,
135,佳佳基,114223997,开心果伴水果店,该商户暂无星级,http://www.dianping.com/shop/114223997/review,
135,佳佳基,98386103,华原工坊,该商户暂无星级,http://www.dianping.com/shop/98386103/review,
135,佳佳基,100648771,小样小乳酸,该商户暂无星级,http://www.dianping.com/shop/100648771/review,
135,佳佳基,11724681,乐平市水果市场,该商户暂无星级,http://www.dianping.com/shop/11724681/review,
135,佳佳基,103665704,老上海馄饨铺,该商户暂无星级,http://www.dianping.com/shop/103665704/review,
135,佳佳基,113156504,眼镜小吃,该商户暂无星级,http://www.dianping.com/shop/113156504/review,
135,佳佳基,101385619,砂钵汤店,该商户暂无星级,http://www.dianping.com/shop/101385619/review,
135,佳佳基,90329997,天天美食,该商户暂无星级,http://www.dianping.com/shop/90329997/review,
135,佳佳基,80296574,鲜味轩,该商户暂无星级,http://www.dianping.com/shop/80296574/review,
135,佳佳基,68313756,诸葛烤鱼,该商户暂无星级,http://www.dianping.com/shop/68313756/review,
135,佳佳基,123391046,真实惠自助快餐,该商户暂无星级,http://www.dianping.com/shop/123391046/review,
135,佳佳基,66897928,渝之味重庆小面,该商户暂无星级,http://www.dianping.com/shop/66897928/review,
135,佳佳基,66211196,骨头饭,该商户暂无星级,http://www.dianping.com/shop/66211196/review,
135,佳佳基,122904376,慧欣排挡,该商户暂无星级,http://www.dianping.com/shop/122904376/review,
135,佳佳基,101371722,二号街角,该商户暂无星级,http://www.dianping.com/shop/101371722/review,
135,佳佳基,112508649,新浏阳蒸菜湘菜,该商户暂无星级,http://www.dianping.com/shop/112508649/review,
135,佳佳基,123154888,董记老厨,该商户暂无星级,http://www.dianping.com/shop/123154888/review,
135,佳佳基,122960591,蓝天早餐店,该商户暂无星级,http://www.dianping.com/shop/122960591/review,
135,佳佳基,123155055,酒酿老面馒头,该商户暂无星级,http://www.dianping.com/shop/123155055/review,
135,佳佳基,40735855,红旺排挡,该商户暂无星级,http://www.dianping.com/shop/40735855/review,
135,佳佳基,123155154,匠人水果站,该商户暂无星级,http://www.dianping.com/shop/123155154/review,
135,佳佳基,71628974,尚品肉行,该商户暂无星级,http://www.dianping.com/shop/71628974/review,
135,佳佳基,107893772,鸡蜜档案,该商户暂无星级,http://www.dianping.com/shop/107893772/review,
135,佳佳基,71526470,胡大毛香蕉批发部,该商户暂无星级,http://www.dianping.com/shop/71526470/review,
135,佳佳基,92532993,福建沙县小吃,该商户暂无星级,http://www.dianping.com/shop/92532993/review,
135,佳佳基,111768202,鲜多多,该商户暂无星级,http://www.dianping.com/shop/111768202/review,
135,佳佳基,123154907,南昌特色早餐,该商户暂无星级,http://www.dianping.com/shop/123154907/review,
135,佳佳基,122321001,小王主题餐馆中餐,该商户暂无星级,http://www.dianping.com/shop/122321001/review,
135,佳佳基,122316999,泉城烤薯小吃,该商户暂无星级,http://www.dianping.com/shop/122316999/review,
135,佳佳基,122529301,长银排档,该商户暂无星级,http://www.dianping.com/shop/122529301/review,
135,佳佳基,98449786,手撕面包,该商户暂无星级,http://www.dianping.com/shop/98449786/review,
135,佳佳基,98345446,食趣时代(石锅饭),该商户暂无星级,http://www.dianping.com/shop/98345446/review,
135,佳佳基,122877121,润觉,该商户暂无星级,http://www.dianping.com/shop/122877121/review,
135,佳佳基,59450765,青春里(珠海中路店),该商户暂无星级,http://www.dianping.com/shop/59450765/review,
135,佳佳基,74607641,抚州特色小吃,该商户暂无星级,http://www.dianping.com/shop/74607641/review,
135,佳佳基,107284096,特色牛肉粉面,该商户暂无星级,http://www.dianping.com/shop/107284096/review,
135,佳佳基,68658587,如意蛋糕,该商户暂无星级,http://www.dianping.com/shop/68658587/review,
135,佳佳基,68335455,小兰夜宵,准四星商户,http://www.dianping.com/shop/68335455#comment,
135,佳佳基,24685467,派客汉堡,准四星商户,http://www.dianping.com/shop/24685467#comment,
135,佳佳基,41163314,百姓厨房,准四星商户,http://www.dianping.com/shop/41163314#comment,
135,佳佳基,68733534,小熊大排档,准四星商户,http://www.dianping.com/shop/68733534#comment,
135,佳佳基,43595699,煮满签,三星商户,http://www.dianping.com/shop/43595699#comment,
135,佳佳基,67698556,古茗奶茶(乐中店),准四星商户,http://www.dianping.com/shop/67698556#comment,
135,佳佳基,22438085,甘茶度(乐中店),准四星商户,http://www.dianping.com/shop/22438085#comment,
135,佳佳基,21757328,彭德楷黄焖鸡米饭,准四星商户,http://www.dianping.com/shop/21757328#comment,
135,佳佳基,113106052,泡面小食堂,准四星商户,http://www.dianping.com/shop/113106052#comment,
135,佳佳基,50553671,绝味鸭脖乐平一店(乐平一店),准四星商户,http://www.dianping.com/shop/50553671#comment,
135,佳佳基,41245386,烤鱼堂,准四星商户,http://www.dianping.com/shop/41245386#comment,
135,佳佳基,43780552,骨之味(乐平店),准四星商户,http://www.dianping.com/shop/43780552#comment,
135,佳佳基,69134911,一品香蛋糕店,准四星商户,http://www.dianping.com/shop/69134911#comment,
135,佳佳基,90893107,五谷渔粉,准四星商户,http://www.dianping.com/shop/90893107#comment,
135,佳佳基,92839223,黑色经典长沙臭豆腐(乐中店),准四星商户,http://www.dianping.com/shop/92839223#comment,
135,佳佳基,97285477,李功夫鸡排,准四星商户,http://www.dianping.com/shop/97285477#comment,
135,佳佳基,40192781,新上海南翔大汤包,准四星商户,http://www.dianping.com/shop/40192781#comment,
135,佳佳基,40771833,馍馍哥,准四星商户,http://www.dianping.com/shop/40771833#comment,
135,佳佳基,65408390,金桥商务快餐,准四星商户,http://www.dianping.com/shop/65408390#comment,
135,佳佳基,76727383,兰州拉面(乐中店),准四星商户,http://www.dianping.com/shop/76727383#comment,
135,佳佳基,23301067,巴渝风,准四星商户,http://www.dianping.com/shop/23301067#comment,
135,佳佳基,107752597,正大鸡排,准四星商户,http://www.dianping.com/shop/107752597#comment,
135,佳佳基,17849999,雪比尔面包房(乐平市二中店),准四星商户,http://www.dianping.com/shop/17849999#comment,
135,佳佳基,39936733,龙须拉面馆,准四星商户,http://www.dianping.com/shop/39936733#comment,
135,佳佳基,91602975,手撕面包,三星商户,http://www.dianping.com/shop/91602975#comment,
135,佳佳基,17525292,现代永和豆浆(乐平店),准四星商户,http://www.dianping.com/shop/17525292#comment,
135,佳佳基,95396085,恰巧,准四星商户,http://www.dianping.com/shop/95396085#comment,
135,佳佳基,76917717,味道烘焙茶饮,准四星商户,http://www.dianping.com/shop/76917717#comment,
135,佳佳基,68671038,多子大排档,准四星商户,http://www.dianping.com/shop/68671038#comment,
135,佳佳基,75112510,次坞打面馆,准四星商户,http://www.dianping.com/shop/75112510#comment,
135,佳佳基,65301722,大刀凉皮,准四星商户,http://www.dianping.com/shop/65301722#comment,
135,佳佳基,93518748,facetea茶颜,三星商户,http://www.dianping.com/shop/93518748#comment,
135,佳佳基,58645363,向岛咖啡,准四星商户,http://www.dianping.com/shop/58645363#comment,
135,佳佳基,67609911,占记饮食店,该商户暂无星级,http://www.dianping.com/shop/67609911/review,
135,佳佳基,120103208,胡哥肠粉,该商户暂无星级,http://www.dianping.com/shop/120103208/review,
135,佳佳基,80318888,蒋先生糕点,该商户暂无星级,http://www.dianping.com/shop/80318888/review,
135,佳佳基,125241894,小确茶,该商户暂无星级,http://www.dianping.com/shop/125241894/review,
135,佳佳基,122009009,正钢火锅(好又多店),该商户暂无星级,http://www.dianping.com/shop/122009009/review,
135,佳佳基,44181335,糖半甜,准四星商户,http://www.dianping.com/shop/44181335#comment,
135,佳佳基,21150808,一品香(二店),三星商户,http://www.dianping.com/shop/21150808#comment,
135,佳佳基,97185790,乌茶邦,三星商户,http://www.dianping.com/shop/97185790#comment,
135,佳佳基,97171238,三林排挡,该商户暂无星级,http://www.dianping.com/shop/97171238/review,
135,佳佳基,40774141,蜀香粉面馆,该商户暂无星级,http://www.dianping.com/shop/40774141/review,
135,佳佳基,111913613,王氏秘制粉,该商户暂无星级,http://www.dianping.com/shop/111913613/review,
135,佳佳基,40340515,为民粮油店,该商户暂无星级,http://www.dianping.com/shop/40340515/review,
135,佳佳基,110493956,大碗小面,该商户暂无星级,http://www.dianping.com/shop/110493956/review,
135,佳佳基,91651336,卡瑞芝,该商户暂无星级,http://www.dianping.com/shop/91651336/review,
135,佳佳基,108316713,沙县美食,该商户暂无星级,http://www.dianping.com/shop/108316713/review,
135,佳佳基,99997002,蓝带扎啤乐平总经销,该商户暂无星级,http://www.dianping.com/shop/99997002/review,
135,佳佳基,64287787,科恩概念厨房,该商户暂无星级,http://www.dianping.com/shop/64287787/review,
135,佳佳基,10522825,南天门食府,该商户暂无星级,http://www.dianping.com/shop/10522825/review,
135,佳佳基,110440966,快乐烤吧,该商户暂无星级,http://www.dianping.com/shop/110440966/review,
135,佳佳基,64901593,乐华粮店,该商户暂无星级,http://www.dianping.com/shop/64901593/review,
135,佳佳基,80477411,麻辣香鲜大排档,该商户暂无星级,http://www.dianping.com/shop/80477411/review,
135,佳佳基,77926443,嘉美酒楼,该商户暂无星级,http://www.dianping.com/shop/77926443/review,
135,佳佳基,68617220,小王排档,该商户暂无星级,http://www.dianping.com/shop/68617220/review,
135,佳佳基,126010091,火车站食堂,该商户暂无星级,http://www.dianping.com/shop/126010091/review,
135,佳佳基,80277630,小李锟钝饺子店,该商户暂无星级,http://www.dianping.com/shop/80277630/review,
135,佳佳基,80379600,后街大排档,该商户暂无星级,http://www.dianping.com/shop/80379600/review,
135,佳佳基,11724969,南门集贸市场,该商户暂无星级,http://www.dianping.com/shop/11724969/review,
135,佳佳基,93177853,贝克汉堡(长寿路店),该商户暂无星级,http://www.dianping.com/shop/93177853/review,
135,佳佳基,68470119,旺仔鲜包,该商户暂无星级,http://www.dianping.com/shop/68470119/review,
135,佳佳基,124593275,阳光鲜果实体店,该商户暂无星级,http://www.dianping.com/shop/124593275/review,
135,佳佳基,68660628,豪大大鸡排,该商户暂无星级,http://www.dianping.com/shop/68660628/review,
135,佳佳基,101950406,姑姑家特色饺子,该商户暂无星级,http://www.dianping.com/shop/101950406/review,
135,佳佳基,100328204,德兴饭店,该商户暂无星级,http://www.dianping.com/shop/100328204/review,
135,佳佳基,79948478,劳力站大排档,该商户暂无星级,http://www.dianping.com/shop/79948478/review,
135,佳佳基,40575803,民惠羊肉面馆,该商户暂无星级,http://www.dianping.com/shop/40575803/review,
135,佳佳基,79905347,鸽仂毛大排档,该商户暂无星级,http://www.dianping.com/shop/79905347/review,
135,佳佳基,75060302,好再来特色小吃,该商户暂无星级,http://www.dianping.com/shop/75060302/review,
135,佳佳基,96264657,一扫光,该商户暂无星级,http://www.dianping.com/shop/96264657/review,
135,佳佳基,62491194,赛江南中餐厅,准四星商户,http://www.dianping.com/shop/62491194#comment,
135,佳佳基,68416989,良心早点,准四星商户,http://www.dianping.com/shop/68416989#comment,
135,佳佳基,68733716,老占早点,准四星商户,http://www.dianping.com/shop/68733716#comment,
135,佳佳基,68733761,睐西七子钱,准四星商户,http://www.dianping.com/shop/68733761#comment,
135,佳佳基,65405348,砂锅麻辣烫,三星商户,http://www.dianping.com/shop/65405348#comment,
135,佳佳基,95373418,柠檬gogo,三星商户,http://www.dianping.com/shop/95373418/review,
135,佳佳基,40935956,正宗兰州牛肉拉面,准四星商户,http://www.dianping.com/shop/40935956#comment,
135,佳佳基,66586301,妯娌老鸭粉丝汤,准四星商户,http://www.dianping.com/shop/66586301#comment,
135,佳佳基,122595750,牛杂状元,准四星商户,http://www.dianping.com/shop/122595750#comment,
135,佳佳基,11476564,华莱士(北门洎阳路店),准四星商户,http://www.dianping.com/shop/11476564#comment,
135,佳佳基,68316881,洎阳土菜馆,准四星商户,http://www.dianping.com/shop/68316881#comment,
135,佳佳基,9594968,德福饭庄,准四星商户,http://www.dianping.com/shop/9594968#comment,
135,佳佳基,65951789,进口产品超市,准四星商户,http://www.dianping.com/shop/65951789#comment,
135,佳佳基,97279972,饭好了,准四星商户,http://www.dianping.com/shop/97279972#comment,
137,佳佳基,10626581,佳佳基武宁餐厅,三星商户,http://www.dianping.com/shop/10626581#comment,
141,佳佳基,9389717,佳佳基,三星商户,http://www.dianping.com/shop/9389717#comment,
142,佳佳基,18964618,佳佳基,准四星商户,http://www.dianping.com/shop/18964618#comment,
143,佳佳基,3104626,佳佳基(洪客隆店),四星商户,http://www.dianping.com/shop/3104626#comment,
143,佳佳基,69707890,佳佳基(抚职店),准四星商户,http://www.dianping.com/shop/69707890#comment,
143,佳佳基,9915263,佳佳基(崇仁店),四星商户,http://www.dianping.com/shop/9915263#comment,
143,佳佳基,21152851,佳佳基(乐安店),准四星商户,http://www.dianping.com/shop/21152851#comment,
143,佳佳基,9917186,佳佳基(南城店),准四星商户,http://www.dianping.com/shop/9917186#comment,
143,佳佳基,10523160,佳佳基(南丰店),四星商户,http://www.dianping.com/shop/10523160#comment,
143,佳佳基,67309697,佳佳基(金溪店),准四星商户,http://www.dianping.com/shop/67309697#comment,
143,佳佳基,21782573,佳佳基(上顿渡店),准四星商户,http://www.dianping.com/shop/21782573#comment,
143,佳佳基,19352392,佳佳基(宜黄店),该商户暂无星级,http://www.dianping.com/shop/19352392#comment,歇业/关闭
143,佳佳基,22678929,佳佳基(罗湖店),该商户暂无星级,http://www.dianping.com/shop/22678929#comment,歇业/关闭
143,佳佳基,79938672,佳佳基,三星商户,http://www.dianping.com/shop/79938672#comment,
143,佳佳基,96636348,佳佳基(广昌店),该商户暂无星级,http://www.dianping.com/shop/96636348#comment,
143,佳佳基,21040773,佳佳基(黎川店),四星商户,http://www.dianping.com/shop/21040773#comment,
143,佳佳基,91955211,佳佳基,该商户暂无星级,http://www.dianping.com/shop/91955211/review,
143,佳佳基,98560667,佳佳基,该商户暂无星级,http://www.dianping.com/shop/98560667/review,
144,佳佳基,76572051,佳佳基,该商户暂无星级,http://www.dianping.com/shop/76572051/review,
144,佳佳基,58051581,佳佳基乐活餐厅,该商户暂无星级,http://www.dianping.com/shop/58051581/review,
144,佳佳基,90113995,佳佳基(田畈街店),三星商户,http://www.dianping.com/shop/90113995#comment,
156,佳佳基,66039421,佳佳基,该商户暂无星级,http://www.dianping.com/shop/66039421/review,
156,佳佳基,68910500,佳佳基中西·休闲餐厅,该商户暂无星级,http://www.dianping.com/shop/68910500/review,
156,佳佳基,13819675,佳佳基(滨海购物广场店),准四星商户,http://www.dianping.com/shop/13819675#comment,
156,佳佳基,66048502,佳佳基,准四星商户,http://www.dianping.com/shop/66048502#comment,
156,佳佳基,66125319,滨海佳佳基店,准四星商户,http://www.dianping.com/shop/66125319#comment,
156,佳佳基,66258257,乐陵滨海佳佳基,三星商户,http://www.dianping.com/shop/66258257#comment,
173,佳佳基,21778260,佳佳基,四星商户,http://www.dianping.com/shop/21778260#comment,
173,佳佳基,58057031,佳佳基(芒山店),准四星商户,http://www.dianping.com/shop/58057031#comment,
173,佳佳基,12596836,佳佳基(北关店),准四星商户,http://www.dianping.com/shop/12596836#comment,
175,佳佳基,44313165,佳佳基(郸城店),准四星商户,http://www.dianping.com/shop/44313165#comment,
182,佳佳基,114755739,佳佳基西式快餐,该商户暂无星级,http://www.dianping.com/shop/114755739/review,
195,佳佳基,8947311,佳佳基,准四星商户,http://www.dianping.com/shop/8947311#comment,
195,佳佳基,65179051,佳佳基(武冈店),准四星商户,http://www.dianping.com/shop/65179051#comment,
197,佳佳基,5420253,佳佳基(总工会店),准四星商户,http://www.dianping.com/shop/5420253#comment,
203,佳佳基,112775415,佳佳基涟源餐厅,该商户暂无星级,http://www.dianping.com/shop/112775415/review,
203,佳佳基,57503658,佳佳基乐活餐厅,准四星商户,http://www.dianping.com/shop/57503658#comment,
207,佳佳基,9456530,佳佳基(南阳分店),准四星商户,http://www.dianping.com/shop/9456530#comment,
207,佳佳基,123670819,佳佳基CBC(陈店),该商户暂无星级,http://www.dianping.com/shop/123670819/review,
207,佳佳基,65978031,佳佳基(贵屿店),准四星商户,http://www.dianping.com/shop/65978031#comment,
215,佳佳基,8663112,佳佳基餐厅,该商户暂无星级,http://www.dianping.com/shop/8663112#comment,歇业/关闭
215,佳佳基,10617259,佳佳基,三星商户,http://www.dianping.com/shop/10617259#comment,
215,佳佳基,122341888,佳佳基碣石餐厅,该商户暂无星级,http://www.dianping.com/shop/122341888/review,歇业/关闭
215,佳佳基,5504323,佳佳基,三星商户,http://www.dianping.com/shop/5504323#comment,
216,佳佳基,79996270,佳佳基,该商户暂无星级,http://www.dianping.com/shop/79996270/review,
246,佳佳基,96343582,佳佳基,三星商户,http://www.dianping.com/shop/96343582#comment,
254,佳佳基,122511658,佳佳基,该商户暂无星级,http://www.dianping.com/shop/122511658/review,
299,佳佳基,66576906,佳佳基,准四星商户,http://www.dianping.com/shop/66576906#comment,
