1,阿堡仔,74603398,阿堡仔炸鸡汉堡,准四星商户,http://www.dianping.com/shop/74603398#comment,
2,阿堡仔,69045634,阿堡仔炸鸡汉堡(天秀路店),准四星商户,http://www.dianping.com/shop/69045634#comment,
2,阿堡仔,79420536,阿堡仔炸鸡汉堡(满白路店),准四星商户,http://www.dianping.com/shop/79420536#comment,
2,阿堡仔,97689935,阿堡仔,三星商户,http://www.dianping.com/shop/97689935/review,
2,阿堡仔,98114624,阿堡仔,该商户暂无星级,http://www.dianping.com/shop/98114624/review,
2,阿堡仔,101677183,阿堡仔,该商户暂无星级,http://www.dianping.com/shop/101677183/review,
3,阿堡仔,70585112,阿堡仔(小和山店),三星商户,http://www.dianping.com/shop/70585112#comment,
7,阿堡仔,67766789,阿堡仔,准四星商户,http://www.dianping.com/shop/67766789#comment,
7,阿堡仔,110424547,阿堡仔炸鸡汉堡(大浪店),该商户暂无星级,http://www.dianping.com/shop/110424547/review,
8,阿堡仔,67628920,阿堡仔炸鸡汉堡(缤纷店),准四星商户,http://www.dianping.com/shop/67628920#comment,
8,阿堡仔,65612525,阿堡仔(成华区双桥店),准四星商户,http://www.dianping.com/shop/65612525#comment,
8,阿堡仔,67183499,阿堡仔炸鸡汉堡(锦城逸景店),准四星商户,http://www.dianping.com/shop/67183499#comment,
8,阿堡仔,66857703,阿堡仔,准四星商户,http://www.dianping.com/shop/66857703#comment,
8,阿堡仔,57628559,阿堡仔,准四星商户,http://www.dianping.com/shop/57628559#comment,
8,阿堡仔,110306313,阿堡仔炸鸡汉堡,准四星商户,http://www.dianping.com/shop/110306313#comment,
8,阿堡仔,68000301,阿堡仔,准四星商户,http://www.dianping.com/shop/68000301#comment,
8,阿堡仔,103673470,阿堡仔,准四星商户,http://www.dianping.com/shop/103673470#comment,
8,阿堡仔,66457140,阿堡仔(华新店),三星商户,http://www.dianping.com/shop/66457140#comment,
8,阿堡仔,67055402,阿堡仔炸鸡汉堡(莲桂南路店),准四星商户,http://www.dianping.com/shop/67055402#comment,
8,阿堡仔,66598082,阿堡仔(文德路店),准四星商户,http://www.dianping.com/shop/66598082#comment,
8,阿堡仔,80622313,阿堡仔炸鸡汉堡,准四星商户,http://www.dianping.com/shop/80622313#comment,
8,阿堡仔,69205463,阿堡仔炸鸡汉堡,该商户暂无星级,http://www.dianping.com/shop/69205463#comment,歇业/关闭
8,阿堡仔,92113302,阿堡仔炸鸡汉堡,准四星商户,http://www.dianping.com/shop/92113302#comment,
8,阿堡仔,65841857,阿堡仔,准四星商户,http://www.dianping.com/shop/65841857#comment,歇业/关闭
8,阿堡仔,69286059,阿堡仔炸鸡汉堡(成信店),该商户暂无星级,http://www.dianping.com/shop/69286059#comment,
8,阿堡仔,93649889,阿堡仔(凌云街店),三星商户,http://www.dianping.com/shop/93649889#comment,
8,阿堡仔,74605914,阿堡仔,三星商户,http://www.dianping.com/shop/74605914#comment,
8,阿堡仔,110448946,阿堡仔,准四星商户,http://www.dianping.com/shop/110448946#comment,
8,阿堡仔,67624252,阿堡仔(体院店),准四星商户,http://www.dianping.com/shop/67624252#comment,
8,阿堡仔,67571614,阿堡仔炸鸡汉堡奶茶店,准四星商户,http://www.dianping.com/shop/67571614#comment,
8,阿堡仔,91975168,阿堡仔(丽都路店),三星商户,http://www.dianping.com/shop/91975168/review,
8,阿堡仔,56998385,阿堡仔(经天路店),准四星商户,http://www.dianping.com/shop/56998385#comment,
8,阿堡仔,67854400,阿堡仔(太升南路店),三星商户,http://www.dianping.com/shop/67854400#comment,
8,阿堡仔,93546842,阿堡仔炸鸡汉堡(西河店),该商户暂无星级,http://www.dianping.com/shop/93546842/review,
8,阿堡仔,96465230,阿堡仔炸鸡汉堡(金履路店),该商户暂无星级,http://www.dianping.com/shop/96465230/review,
8,阿堡仔,96727790,阿堡仔炸鸡汉堡(金华桥店),该商户暂无星级,http://www.dianping.com/shop/96727790/review,
8,阿堡仔,76982542,阿堡仔炸鸡汉堡(肖家河店),该商户暂无星级,http://www.dianping.com/shop/76982542/review,
8,阿堡仔,90047431,阿堡仔炸鸡汉堡(郫筒镇店),该商户暂无星级,http://www.dianping.com/shop/90047431/review,
8,阿堡仔,93320477,阿堡仔炸鸡汉堡,该商户暂无星级,http://www.dianping.com/shop/93320477/review,歇业/关闭
8,阿堡仔,92333363,阿堡仔汉堡炸鸡(逸都路双安东巷店),三星商户,http://www.dianping.com/shop/92333363#comment,
8,阿堡仔,102514723,阿堡仔,该商户暂无星级,http://www.dianping.com/shop/102514723/review,
8,阿堡仔,65787512,阿堡仔(华联店),准四星商户,http://www.dianping.com/shop/65787512#comment,
8,阿堡仔,91847631,阿堡仔,准四星商户,http://www.dianping.com/shop/91847631/review,歇业/关闭
8,阿堡仔,67932969,阿堡仔(新中店),三星商户,http://www.dianping.com/shop/67932969#comment,
8,阿堡仔,69498075,阿堡仔炸鸡汉堡,三星商户,http://www.dianping.com/shop/69498075/review,
8,阿堡仔,112239227,阿堡仔炸鸡汉堡(中和店),该商户暂无星级,http://www.dianping.com/shop/112239227/review,
8,阿堡仔,92923365,阿堡仔炸鸡汉堡品牌店,该商户暂无星级,http://www.dianping.com/shop/92923365/review,
8,阿堡仔,112948682,阿堡仔炸鸡汉堡,该商户暂无星级,http://www.dianping.com/shop/112948682/review,
8,阿堡仔,129110169,阿堡仔炸鸡汉堡,该商户暂无星级,http://www.dianping.com/shop/129110169/review,
8,阿堡仔,95322731,阿堡仔汉堡,该商户暂无星级,http://www.dianping.com/shop/95322731/review,
8,阿堡仔,70075402,阿堡仔炸鸡汉堡,该商户暂无星级,http://www.dianping.com/shop/70075402/review,
8,阿堡仔,110491254,阿堡仔炸鸡汉堡(正兴镇店),该商户暂无星级,http://www.dianping.com/shop/110491254/review,
8,阿堡仔,111870120,ABZ阿堡仔炸鸡汉堡,该商户暂无星级,http://www.dianping.com/shop/111870120/review,
8,阿堡仔,66602173,阿堡仔,该商户暂无星级,http://www.dianping.com/shop/66602173/review,
8,阿堡仔,112593325,阿堡仔,该商户暂无星级,http://www.dianping.com/shop/112593325/review,
8,阿堡仔,67344010,阿堡仔,该商户暂无星级,http://www.dianping.com/shop/67344010/review,
8,阿堡仔,91871837,阿堡仔,三星商户,http://www.dianping.com/shop/91871837/review,
8,阿堡仔,67688151,阿堡仔(抚琴店),准四星商户,http://www.dianping.com/shop/67688151#comment,
9,阿堡仔,65329490,阿堡仔,准四星商户,http://www.dianping.com/shop/65329490#comment,
9,阿堡仔,69452150,阿堡仔,准四星商户,http://www.dianping.com/shop/69452150#comment,
9,阿堡仔,91955084,阿堡仔(观音桥店),准四星商户,http://www.dianping.com/shop/91955084#comment,
9,阿堡仔,122058146,阿堡仔炸鸡汉堡,该商户暂无星级,http://www.dianping.com/shop/122058146/review,
9,阿堡仔,96366755,阿堡仔炸鸡汉堡(红原路店),该商户暂无星级,http://www.dianping.com/shop/96366755/review,
9,阿堡仔,77469043,阿堡仔,该商户暂无星级,http://www.dianping.com/shop/77469043/review,
9,阿堡仔,123749915,阿堡仔炸鸡汉堡,该商户暂无星级,http://www.dianping.com/shop/123749915/review,
10,阿堡仔,110235032,阿堡仔炸鸡汉堡(天山路店),四星商户,http://www.dianping.com/shop/110235032#comment,
10,阿堡仔,107725369,阿堡仔炸鸡汉堡,准四星商户,http://www.dianping.com/shop/107725369#comment,
10,阿堡仔,122227563,阿堡仔炸鸡汉堡(中山路店),四星商户,http://www.dianping.com/shop/122227563#comment,
10,阿堡仔,103546776,阿堡仔炸鸡汉堡(五爱道店),准四星商户,http://www.dianping.com/shop/103546776#comment,
10,阿堡仔,93199473,阿堡仔,准四星商户,http://www.dianping.com/shop/93199473#comment,
10,阿堡仔,65686829,阿堡仔炸鸡汉堡,准四星商户,http://www.dianping.com/shop/65686829#comment,
10,阿堡仔,122552232,阿堡仔炸鸡汉堡(南门外大街店),四星商户,http://www.dianping.com/shop/122552232#comment,
10,阿堡仔,103015842,阿堡仔炸鸡汉堡(曲江路店),准四星商户,http://www.dianping.com/shop/103015842#comment,
10,阿堡仔,113893812,阿堡仔炸鸡汉堡(巨福新园店),四星商户,http://www.dianping.com/shop/113893812#comment,
10,阿堡仔,112234088,阿堡仔炸鸡汉堡(佳荣里店),四星商户,http://www.dianping.com/shop/112234088#comment,
10,阿堡仔,126543890,阿堡仔炸鸡汉堡,准四星商户,http://www.dianping.com/shop/126543890#comment,
10,阿堡仔,112502644,阿堡仔炸鸡汉堡(中山店),四星商户,http://www.dianping.com/shop/112502644#comment,
10,阿堡仔,114876428,阿堡仔炸鸡汉堡,准四星商户,http://www.dianping.com/shop/114876428#comment,
10,阿堡仔,125278022,阿堡仔炸鸡汉堡(大沽路店),准四星商户,http://www.dianping.com/shop/125278022#comment,
10,阿堡仔,124889493,阿堡仔炸鸡汉堡,准四星商户,http://www.dianping.com/shop/124889493#comment,
10,阿堡仔,113890074,阿堡仔炸鸡汉堡(军粮城店),准四星商户,http://www.dianping.com/shop/113890074#comment,
10,阿堡仔,113947542,阿堡仔炸鸡汉堡(大港店),该商户暂无星级,http://www.dianping.com/shop/113947542/review,
10,阿堡仔,122225636,阿堡仔炸鸡汉堡,三星商户,http://www.dianping.com/shop/122225636/review,歇业/关闭
10,阿堡仔,122556238,阿堡仔炸鸡汉堡,该商户暂无星级,http://www.dianping.com/shop/122556238/review,歇业/关闭
10,阿堡仔,110255800,阿堡仔炸鸡汉堡,该商户暂无星级,http://www.dianping.com/shop/110255800/review,歇业/关闭
10,阿堡仔,129231608,阿堡仔汉堡,该商户暂无星级,http://www.dianping.com/shop/129231608/review,
16,阿堡仔,69302051,阿堡仔炸鸡汉堡,该商户暂无星级,http://www.dianping.com/shop/69302051/review,
17,阿堡仔,90465276,阿堡仔炸鸡汉堡,准四星商户,http://www.dianping.com/shop/90465276#comment,
17,阿堡仔,103573222,阿堡仔炸鸡汉堡(三中店),三星商户,http://www.dianping.com/shop/103573222#comment,
17,阿堡仔,79677055,阿堡仔炸鸡汉堡,三星商户,http://www.dianping.com/shop/79677055#comment,
17,阿堡仔,76939451,阿堡仔(翻译学院店),准四星商户,http://www.dianping.com/shop/76939451#comment,
17,阿堡仔,66725198,阿堡仔炸鸡汉堡,准四星商户,http://www.dianping.com/shop/66725198#comment,
17,阿堡仔,95995521,阿堡仔炸鸡汉堡冷饮(伞塔路店),三星商户,http://www.dianping.com/shop/95995521#comment,
17,阿堡仔,73565724,阿堡仔炸鸡汉堡,准四星商户,http://www.dianping.com/shop/73565724#comment,
17,阿堡仔,127043825,阿堡仔炸鸡汉堡店,三星商户,http://www.dianping.com/shop/127043825/review,
17,阿堡仔,96006665,阿堡仔阿堡仔炸鸡汉堡店(西影路店),该商户暂无星级,http://www.dianping.com/shop/96006665/review,
17,阿堡仔,91900558,阿堡仔炸鸡汉堡,准四星商户,http://www.dianping.com/shop/91900558#comment,
17,阿堡仔,114508055,阿堡仔炸鸡汉堡(新科路店),三星商户,http://www.dianping.com/shop/114508055#comment,
17,阿堡仔,111518572,阿堡仔炸鸡汉堡,三星商户,http://www.dianping.com/shop/111518572#comment,
17,阿堡仔,110230667,阿堡仔炸鸡汉堡(明德路店),准四星商户,http://www.dianping.com/shop/110230667#comment,
17,阿堡仔,68937678,阿堡仔炸鸡汉堡(明德门店),准四星商户,http://www.dianping.com/shop/68937678#comment,
17,阿堡仔,67412253,阿堡仔,三星商户,http://www.dianping.com/shop/67412253#comment,
17,阿堡仔,98168667,炸鸡汉堡阿堡仔,该商户暂无星级,http://www.dianping.com/shop/98168667#comment,歇业/关闭
17,阿堡仔,93436115,阿堡仔炸鸡汉堡,该商户暂无星级,http://www.dianping.com/shop/93436115/review,
17,阿堡仔,93000135,阿堡仔炸鸡汉堡,该商户暂无星级,http://www.dianping.com/shop/93000135/review,
17,阿堡仔,79473784,阿堡仔炸鸡汉堡,该商户暂无星级,http://www.dianping.com/shop/79473784/review,
17,阿堡仔,94260592,阿堡仔炸鸡汉堡(何家营惠民市场店),该商户暂无星级,http://www.dianping.com/shop/94260592/review,
17,阿堡仔,83589267,阿堡仔(车城店),该商户暂无星级,http://www.dianping.com/shop/83589267/review,
17,阿堡仔,125971790,炸鸡汉堡阿堡仔,该商户暂无星级,http://www.dianping.com/shop/125971790/review,
17,阿堡仔,92739358,阿堡仔,该商户暂无星级,http://www.dianping.com/shop/92739358/review,歇业/关闭
18,阿堡仔,66033366,阿堡仔炸鸡汉堡(省医院店),准四星商户,http://www.dianping.com/shop/66033366#comment,
18,阿堡仔,96717516,阿堡仔炸鸡汉堡(南八西路店),准四星商户,http://www.dianping.com/shop/96717516#comment,
18,阿堡仔,92632143,阿堡仔,准四星商户,http://www.dianping.com/shop/92632143#comment,
18,阿堡仔,73392660,阿堡仔炸鸡汉堡(中海寰宇店),三星商户,http://www.dianping.com/shop/73392660#comment,
18,阿堡仔,96024813,阿堡仔炸鸡汉堡(124号店),准四星商户,http://www.dianping.com/shop/96024813#comment,
18,阿堡仔,82882741,阿堡仔炸鸡汉堡(爱工店),准四星商户,http://www.dianping.com/shop/82882741#comment,
18,阿堡仔,92105917,阿堡仔,三星商户,http://www.dianping.com/shop/92105917#comment,
18,阿堡仔,92053604,阿堡仔炸鸡汉堡(昆山中路四院店),该商户暂无星级,http://www.dianping.com/shop/92053604/review,
18,阿堡仔,111874395,阿堡仔汉堡,该商户暂无星级,http://www.dianping.com/shop/111874395/review,
18,阿堡仔,124298378,auz阿堡仔,该商户暂无星级,http://www.dianping.com/shop/124298378/review,
18,阿堡仔,98363170,阿堡仔炸鸡汉堡(同江街店),该商户暂无星级,http://www.dianping.com/shop/98363170/review,
18,阿堡仔,120093265,阿堡仔炸鸡汉堡(营盘西街店),该商户暂无星级,http://www.dianping.com/shop/120093265/review,
21,阿堡仔,73430313,阿堡仔(兴隆路店),准四星商户,http://www.dianping.com/shop/73430313#comment,
21,阿堡仔,57424882,阿堡仔汉堡店(延吉路店),准四星商户,http://www.dianping.com/shop/57424882#comment,
21,阿堡仔,66441397,阿堡仔炸鸡汉堡,准四星商户,http://www.dianping.com/shop/66441397#comment,
21,阿堡仔,67730689,阿堡仔炸鸡汉堡(山东路店),准四星商户,http://www.dianping.com/shop/67730689#comment,
21,阿堡仔,24747503,阿堡仔炸鸡汉堡,准四星商户,http://www.dianping.com/shop/24747503#comment,
21,阿堡仔,65945458,阿堡仔(长春路店),准四星商户,http://www.dianping.com/shop/65945458#comment,
21,阿堡仔,46353451,阿堡仔炸鸡汉堡(威海路店),准四星商户,http://www.dianping.com/shop/46353451#comment,
21,阿堡仔,79678339,阿堡仔炸鸡汉堡(汽车站店),准四星商户,http://www.dianping.com/shop/79678339#comment,
21,阿堡仔,83615334,阿堡仔(麦凯乐店),准四星商户,http://www.dianping.com/shop/83615334#comment,
21,阿堡仔,98957033,阿堡仔炸鸡汉堡(江苏路店),准四星商户,http://www.dianping.com/shop/98957033#comment,
21,阿堡仔,107979499,阿堡仔炸鸡汉堡,准四星商户,http://www.dianping.com/shop/107979499#comment,
21,阿堡仔,67551133,阿堡仔炸鸡汉堡(黄浦江店),准四星商户,http://www.dianping.com/shop/67551133#comment,
21,阿堡仔,92710542,阿堡仔炸鸡汉堡(香江路店),三星商户,http://www.dianping.com/shop/92710542/review,
21,阿堡仔,100450172,阿堡仔,三星商户,http://www.dianping.com/shop/100450172/review,歇业/关闭
21,阿堡仔,67293536,阿堡仔炸鸡汉堡(富春江店),准四星商户,http://www.dianping.com/shop/67293536#comment,
21,阿堡仔,90514344,阿堡仔炸鸡汉堡(天目山路店),准四星商户,http://www.dianping.com/shop/90514344#comment,
21,阿堡仔,72467350,阿堡仔炸鸡汉堡,准四星商户,http://www.dianping.com/shop/72467350#comment,
21,阿堡仔,105285708,阿堡仔炸鸡汉堡,该商户暂无星级,http://www.dianping.com/shop/105285708/review,
21,阿堡仔,125145216,阿堡仔(高新区上马街道店),该商户暂无星级,http://www.dianping.com/shop/125145216/review,
21,阿堡仔,95380431,阿堡仔炸鸡汉堡(东洞门社区店),该商户暂无星级,http://www.dianping.com/shop/95380431#comment,
21,阿堡仔,92879636,阿堡仔炸鸡汉堡(黄山路店),该商户暂无星级,http://www.dianping.com/shop/92879636/review,
21,阿堡仔,96736540,阿堡仔炸鸡汉堡(港湾店),该商户暂无星级,http://www.dianping.com/shop/96736540/review,
21,阿堡仔,98760465,阿堡仔炸鸡汉堡(黄岛店),该商户暂无星级,http://www.dianping.com/shop/98760465/review,
21,阿堡仔,90416684,阿堡仔(李村向阳路店),该商户暂无星级,http://www.dianping.com/shop/90416684/review,
21,阿堡仔,102483920,阿堡仔炸鸡汉堡(新华路店),该商户暂无星级,http://www.dianping.com/shop/102483920/review,
21,阿堡仔,97977330,阿堡仔炸鸡汉堡,该商户暂无星级,http://www.dianping.com/shop/97977330/review,
21,阿堡仔,124876638,阿堡仔炸鸡汉堡饮品,该商户暂无星级,http://www.dianping.com/shop/124876638/review,
21,阿堡仔,69991426,阿堡仔(青职店),该商户暂无星级,http://www.dianping.com/shop/69991426/review,
21,阿堡仔,114562124,阿堡仔炸鸡汉堡,该商户暂无星级,http://www.dianping.com/shop/114562124/review,
21,阿堡仔,100626530,阿堡仔,该商户暂无星级,http://www.dianping.com/shop/100626530/review,
21,阿堡仔,102367435,阿堡仔,该商户暂无星级,http://www.dianping.com/shop/102367435/review,
21,阿堡仔,76340022,阿堡仔炸鸡汉堡,该商户暂无星级,http://www.dianping.com/shop/76340022/review,
21,阿堡仔,124749858,阿堡仔炸鸡汉堡(上马街道店),该商户暂无星级,http://www.dianping.com/shop/124749858/review,
21,阿堡仔,109937612,阿堡仔炸鸡汉堡(商城店),该商户暂无星级,http://www.dianping.com/shop/109937612/review,
21,阿堡仔,120054012,阿堡仔 炸鸡汉堡,该商户暂无星级,http://www.dianping.com/shop/120054012/review,
21,阿堡仔,108243139,阿堡仔(黄海学院店),该商户暂无星级,http://www.dianping.com/shop/108243139/review,
21,阿堡仔,126226310,阿堡仔,该商户暂无星级,http://www.dianping.com/shop/126226310/review,歇业/关闭
22,阿堡仔,22745429,阿堡仔炸鸡汉堡(建设路店),准四星商户,http://www.dianping.com/shop/22745429#comment,
22,阿堡仔,24641847,阿堡仔炸鸡汉堡(二七南路店),准四星商户,http://www.dianping.com/shop/24641847#comment,
22,阿堡仔,90045696,阿堡仔,准四星商户,http://www.dianping.com/shop/90045696#comment,
22,阿堡仔,27284851,阿堡仔炸鸡汉堡(仲宫店),准四星商户,http://www.dianping.com/shop/27284851#comment,
22,阿堡仔,58433596,阿堡仔炸鸡汉堡(甸柳小区南区店),准四星商户,http://www.dianping.com/shop/58433596#comment,
22,阿堡仔,58385870,阿堡仔炸鸡汉堡,准四星商户,http://www.dianping.com/shop/58385870#comment,
22,阿堡仔,56807000,阿堡仔炸鸡汉堡,准四星商户,http://www.dianping.com/shop/56807000#comment,
22,阿堡仔,17215507,阿堡仔炸鸡汉堡,准四星商户,http://www.dianping.com/shop/17215507#comment,
22,阿堡仔,59086378,阿堡仔炸鸡汉堡(二环西路店),准四星商户,http://www.dianping.com/shop/59086378#comment,
22,阿堡仔,48165118,阿堡仔炸鸡汉堡(文化西路店),准四星商户,http://www.dianping.com/shop/48165118#comment,
22,阿堡仔,33561967,阿堡仔(王舍人镇店),准四星商户,http://www.dianping.com/shop/33561967#comment,
22,阿堡仔,96647739,阿堡仔炸鸡汉堡(荆山路店),准四星商户,http://www.dianping.com/shop/96647739#comment,
22,阿堡仔,66666751,阿堡仔炸鸡汉堡(幸福街店),准四星商户,http://www.dianping.com/shop/66666751#comment,
22,阿堡仔,38226589,阿堡仔炸鸡汉堡(儿童医院店),准四星商户,http://www.dianping.com/shop/38226589#comment,
22,阿堡仔,22214630,阿堡仔炸鸡汉堡(凯文学院店),准四星商户,http://www.dianping.com/shop/22214630#comment,
22,阿堡仔,20787251,阿堡仔炸鸡汉堡(浆水泉路店),准四星商户,http://www.dianping.com/shop/20787251#comment,
22,阿堡仔,122373362,阿堡仔炸鸡汉堡,三星商户,http://www.dianping.com/shop/122373362#comment,
22,阿堡仔,97565168,阿堡仔(绿城百合店),三星商户,http://www.dianping.com/shop/97565168/review,
22,阿堡仔,21669160,阿堡仔炸鸡汉堡(小纬六路店),准四星商户,http://www.dianping.com/shop/21669160#comment,
22,阿堡仔,20648796,阿堡仔炸鸡汉堡(桑园路店),准四星商户,http://www.dianping.com/shop/20648796#comment,
22,阿堡仔,91010975,阿堡仔(第九中学店),准四星商户,http://www.dianping.com/shop/91010975#comment,
22,阿堡仔,66101335,阿堡仔炸鸡汉堡(济阳店),准四星商户,http://www.dianping.com/shop/66101335#comment,歇业/关闭
22,阿堡仔,50514206,阿堡仔(燕山店),准四星商户,http://www.dianping.com/shop/50514206#comment,
22,阿堡仔,80994271,阿堡仔·炸鸡汉堡(无影潭东路店),准四星商户,http://www.dianping.com/shop/80994271#comment,
22,阿堡仔,27017724,阿堡仔炸鸡汉堡(洪楼旗舰店),准四星商户,http://www.dianping.com/shop/27017724#comment,
22,阿堡仔,59059188,阿堡仔炸鸡汉堡,准四星商户,http://www.dianping.com/shop/59059188#comment,
22,阿堡仔,97707064,阿堡仔炸鸡汉堡(民生大街店),三星商户,http://www.dianping.com/shop/97707064#comment,
22,阿堡仔,22799780,阿堡仔(堤口路分店),准四星商户,http://www.dianping.com/shop/22799780#comment,
22,阿堡仔,27474024,阿堡仔炸鸡汉堡,准四星商户,http://www.dianping.com/shop/27474024#comment,
22,阿堡仔,90372402,阿堡仔炸鸡汉堡(纬二路店),准四星商户,http://www.dianping.com/shop/90372402#comment,
22,阿堡仔,22662381,阿堡仔炸鸡汉堡(广场汽车站店),准四星商户,http://www.dianping.com/shop/22662381#comment,
22,阿堡仔,15987234,阿堡仔炸鸡汉堡,三星商户,http://www.dianping.com/shop/15987234#comment,
22,阿堡仔,58545952,阿堡仔炸鸡汉堡(大明湖县东巷店),准四星商户,http://www.dianping.com/shop/58545952#comment,
22,阿堡仔,37788575,阿堡仔(解放东路店),准四星商户,http://www.dianping.com/shop/37788575#comment,
22,阿堡仔,24325986,阿堡仔炸鸡汉堡,准四星商户,http://www.dianping.com/shop/24325986#comment,
22,阿堡仔,18151912,阿堡仔,准四星商户,http://www.dianping.com/shop/18151912#comment,
22,阿堡仔,126970739,阿堡仔炸鸡汉堡(环宇城店),准四星商户,http://www.dianping.com/shop/126970739#comment,
22,阿堡仔,67593746,阿堡仔丁豪广场店,准四星商户,http://www.dianping.com/shop/67593746#comment,
22,阿堡仔,67937341,阿堡仔汉堡,准四星商户,http://www.dianping.com/shop/67937341#comment,
22,阿堡仔,92714195,阿堡仔(新沙小区店),三星商户,http://www.dianping.com/shop/92714195#comment,
22,阿堡仔,59261709,阿堡仔炸鸡汉堡,准四星商户,http://www.dianping.com/shop/59261709#comment,
22,阿堡仔,98806213,阿堡仔(纬十二人防店),该商户暂无星级,http://www.dianping.com/shop/98806213/review,
22,阿堡仔,69617670,阿堡仔炸鸡汉堡,准四星商户,http://www.dianping.com/shop/69617670#comment,
22,阿堡仔,79273145,阿堡仔(十六里河店),三星商户,http://www.dianping.com/shop/79273145#comment,
22,阿堡仔,66334768,阿堡仔,该商户暂无星级,http://www.dianping.com/shop/66334768#comment,歇业/关闭
22,阿堡仔,98771005,阿堡仔,准四星商户,http://www.dianping.com/shop/98771005#comment,
22,阿堡仔,97304471,阿堡仔炸鸡汉堡(趵突泉店),准四星商户,http://www.dianping.com/shop/97304471#comment,
22,阿堡仔,50694243,阿堡仔(盖家沟店),准四星商户,http://www.dianping.com/shop/50694243#comment,
22,阿堡仔,24835907,阿堡仔炸鸡汉堡(联四路店),三星商户,http://www.dianping.com/shop/24835907/review,
22,阿堡仔,125789791,ABZ阿堡仔,准四星商户,http://www.dianping.com/shop/125789791#comment,
22,阿堡仔,54024553,阿堡仔炸鸡汉堡(师范路店),三星商户,http://www.dianping.com/shop/54024553#comment,
22,阿堡仔,79269287,阿堡仔山大南路店,该商户暂无星级,http://www.dianping.com/shop/79269287#comment,歇业/关闭
22,阿堡仔,69775412,阿堡仔(匡山大街店),准四星商户,http://www.dianping.com/shop/69775412/review,
22,阿堡仔,20721695,阿堡仔炸鸡汉堡(王官庄店),准四星商户,http://www.dianping.com/shop/20721695#comment,
22,阿堡仔,68063386,阿堡仔(七贤店),该商户暂无星级,http://www.dianping.com/shop/68063386#comment,歇业/关闭
22,阿堡仔,18385470,阿堡仔炸鸡汉堡(花园路店),三星商户,http://www.dianping.com/shop/18385470#comment,
22,阿堡仔,98165944,阿堡仔炸鸡汉堡(和谐店),准四星商户,http://www.dianping.com/shop/98165944#comment,
22,阿堡仔,23679465,阿堡仔炸鸡汉堡(万盛园店),该商户暂无星级,http://www.dianping.com/shop/23679465#comment,歇业/关闭
22,阿堡仔,23665445,阿堡仔炸鸡汉堡(车站街店),该商户暂无星级,http://www.dianping.com/shop/23665445#comment,歇业/关闭
22,阿堡仔,103596870,阿堡仔炸鸡汉堡(大杨新区店),该商户暂无星级,http://www.dianping.com/shop/103596870/review,
22,阿堡仔,110344885,阿堡仔炸鸡汉堡(交通学院店),该商户暂无星级,http://www.dianping.com/shop/110344885/review,
22,阿堡仔,92360873,阿堡仔炸鸡汉堡(龙湖店),该商户暂无星级,http://www.dianping.com/shop/92360873/review,
22,阿堡仔,77836298,阿堡仔(银座好望角店),三星商户,http://www.dianping.com/shop/77836298/review,
22,阿堡仔,67923526,阿堡仔炸鸡汉堡,准四星商户,http://www.dianping.com/shop/67923526/review,歇业/关闭
22,阿堡仔,90426414,阿堡仔宏瑞星城店,准四星商户,http://www.dianping.com/shop/90426414#comment,
22,阿堡仔,19751192,阿堡仔炸鸡汉堡,三星商户,http://www.dianping.com/shop/19751192#comment,
22,阿堡仔,113969454,阿堡仔炸鸡汉堡(上海街店),该商户暂无星级,http://www.dianping.com/shop/113969454/review,
22,阿堡仔,50446664,阿堡仔炸鸡汉堡,该商户暂无星级,http://www.dianping.com/shop/50446664/review,
22,阿堡仔,121471903,阿堡仔炸鸡汉堡(颖秀路店),该商户暂无星级,http://www.dianping.com/shop/121471903/review,
22,阿堡仔,92562178,阿堡仔炸鸡汉堡(华山珑城店),该商户暂无星级,http://www.dianping.com/shop/92562178/review,
22,阿堡仔,102374151,阿堡仔炸鸡汉堡,该商户暂无星级,http://www.dianping.com/shop/102374151/review,
22,阿堡仔,110286499,阿堡仔炸鸡汉堡,该商户暂无星级,http://www.dianping.com/shop/110286499/review,
22,阿堡仔,97482859,阿堡仔炸鸡汉堡(世茂天城店),该商户暂无星级,http://www.dianping.com/shop/97482859/review,
22,阿堡仔,94312611,阿堡仔炸鸡汉堡(丹凤店),该商户暂无星级,http://www.dianping.com/shop/94312611/review,
22,阿堡仔,22872506,阿堡仔炸鸡汉堡,准四星商户,http://www.dianping.com/shop/22872506#comment,
22,阿堡仔,75127787,阿堡仔炸鸡汉堡(万科城店),该商户暂无星级,http://www.dianping.com/shop/75127787#comment,歇业/关闭
22,阿堡仔,69625374,阿堡仔炸鸡汉堡,三星商户,http://www.dianping.com/shop/69625374/review,
22,阿堡仔,68025050,阿堡仔炸鸡汉堡店,三星商户,http://www.dianping.com/shop/68025050#comment,
22,阿堡仔,68046796,阿堡仔(泉利店),该商户暂无星级,http://www.dianping.com/shop/68046796/review,
22,阿堡仔,75139974,阿堡仔(青龙山北路店),该商户暂无星级,http://www.dianping.com/shop/75139974/review,
22,阿堡仔,45446226,阿堡仔(凤凰山路店),该商户暂无星级,http://www.dianping.com/shop/45446226/review,
22,阿堡仔,92018397,阿堡仔,该商户暂无星级,http://www.dianping.com/shop/92018397/review,
22,阿堡仔,69737254,阿堡仔(美里湖),该商户暂无星级,http://www.dianping.com/shop/69737254/review,
22,阿堡仔,103579438,阿堡仔(西市场店),准四星商户,http://www.dianping.com/shop/103579438#comment,
22,阿堡仔,81260211,阿堡仔炸鸡汉堡(福泰小学店),三星商户,http://www.dianping.com/shop/81260211#comment,
22,阿堡仔,97893673,阿堡仔(美莲店),该商户暂无星级,http://www.dianping.com/shop/97893673/review,
22,阿堡仔,75125114,阿堡仔,该商户暂无星级,http://www.dianping.com/shop/75125114/review,
22,阿堡仔,72454396,阿堡仔(济南三孔桥店),该商户暂无星级,http://www.dianping.com/shop/72454396/review,
22,阿堡仔,107775773,阿堡仔(安大店),该商户暂无星级,http://www.dianping.com/shop/107775773/review,歇业/关闭
22,阿堡仔,91008369,阿堡仔炸鸡汉堡(后龙店),该商户暂无星级,http://www.dianping.com/shop/91008369/review,
22,阿堡仔,69607641,阿堡仔(泺口店),准四星商户,http://www.dianping.com/shop/69607641#comment,
22,阿堡仔,92161192,阿堡仔汉堡店,该商户暂无星级,http://www.dianping.com/shop/92161192/review,
22,阿堡仔,57275705,阿堡仔炸鸡汉堡山科大店(汉堡山科大店),该商户暂无星级,http://www.dianping.com/shop/57275705/review,歇业/关闭
22,阿堡仔,98131301,阿堡仔炸鸡汉堡(济南大学店),准四星商户,http://www.dianping.com/shop/98131301#comment,
22,阿堡仔,101334449,阿堡仔炸鸡汉堡,该商户暂无星级,http://www.dianping.com/shop/101334449/review,
22,阿堡仔,79952951,阿堡仔炸鸡汉堡(商河店),该商户暂无星级,http://www.dianping.com/shop/79952951/review,
22,阿堡仔,111505828,阿堡仔炸鸡汉堡,该商户暂无星级,http://www.dianping.com/shop/111505828/review,
22,阿堡仔,110543506,阿堡仔炸鸡汉堡,该商户暂无星级,http://www.dianping.com/shop/110543506/review,
22,阿堡仔,98217946,阿堡仔炸鸡汉堡,该商户暂无星级,http://www.dianping.com/shop/98217946/review,
22,阿堡仔,114770194,阿堡仔炸鸡汉堡(桑梓店店),该商户暂无星级,http://www.dianping.com/shop/114770194/review,
22,阿堡仔,122836067,阿堡仔炸鸡汉堡,该商户暂无星级,http://www.dianping.com/shop/122836067/review,
22,阿堡仔,98217851,阿堡仔炸鸡汉堡,该商户暂无星级,http://www.dianping.com/shop/98217851/review,
22,阿堡仔,75158718,阿堡仔炸鸡汉堡(西泺河路店),该商户暂无星级,http://www.dianping.com/shop/75158718/review,
22,阿堡仔,121716625,阿堡仔炸鸡汉堡,该商户暂无星级,http://www.dianping.com/shop/121716625/review,
22,阿堡仔,114018745,阿堡仔炸鸡汉堡,该商户暂无星级,http://www.dianping.com/shop/114018745/review,
22,阿堡仔,69168972,阿堡仔(明星小区店),该商户暂无星级,http://www.dianping.com/shop/69168972/review,
22,阿堡仔,92680380,阿堡仔(南辛庄店),该商户暂无星级,http://www.dianping.com/shop/92680380/review,
22,阿堡仔,112754635,阿堡仔(济南市华山珑城店),该商户暂无星级,http://www.dianping.com/shop/112754635/review,
22,阿堡仔,110371242,阿堡仔(万科新里程店),该商户暂无星级,http://www.dianping.com/shop/110371242/review,
22,阿堡仔,98546488,阿堡仔,该商户暂无星级,http://www.dianping.com/shop/98546488/review,
22,阿堡仔,110542285,阿堡仔,该商户暂无星级,http://www.dianping.com/shop/110542285/review,
22,阿堡仔,110757057,阿堡仔,该商户暂无星级,http://www.dianping.com/shop/110757057/review,
22,阿堡仔,112052972,阿堡仔,该商户暂无星级,http://www.dianping.com/shop/112052972/review,
22,阿堡仔,32710306,阿堡仔炸鸡汉堡,准四星商户,http://www.dianping.com/shop/32710306#comment,
22,阿堡仔,125335239,阿堡仔朝鲜面麻辣串麻辣烫米线,该商户暂无星级,http://www.dianping.com/shop/125335239/review,
22,阿堡仔,113828495,阿堡仔济南市长清区恒大绿洲店,该商户暂无星级,http://www.dianping.com/shop/113828495/review,
22,阿堡仔,129136033,阿堡仔K0,该商户暂无星级,http://www.dianping.com/shop/129136033/review,
22,阿堡仔,128961508,阿堡仔4F2,该商户暂无星级,http://www.dianping.com/shop/128961508/review,
22,阿堡仔,69943973,阿堡仔汉堡店店(张庄路),三星商户,http://www.dianping.com/shop/69943973#comment,
24,阿堡仔,92259022,阿堡仔炸鸡汉堡,三星商户,http://www.dianping.com/shop/92259022#comment,
24,阿堡仔,92765372,阿堡仔炸鸡汉堡(建华店),三星商户,http://www.dianping.com/shop/92765372#comment,
24,阿堡仔,95973150,阿堡仔炸鸡汉堡(友谊店),准四星商户,http://www.dianping.com/shop/95973150#comment,
24,阿堡仔,112005932,阿堡仔炸鸡汉堡,该商户暂无星级,http://www.dianping.com/shop/112005932#comment,歇业/关闭
24,阿堡仔,92909885,阿堡仔炸鸡汉堡,该商户暂无星级,http://www.dianping.com/shop/92909885/review,
24,阿堡仔,96479066,阿堡仔炸鸡汉堡(范光胡同店),该商户暂无星级,http://www.dianping.com/shop/96479066/review,
24,阿堡仔,76745463,阿堡仔炸鸡汉堡,该商户暂无星级,http://www.dianping.com/shop/76745463/review,
24,阿堡仔,127153877,阿堡仔,该商户暂无星级,http://www.dianping.com/shop/127153877/review,
24,阿堡仔,126675160,阿堡仔汉堡,该商户暂无星级,http://www.dianping.com/shop/126675160/review,
25,阿堡仔,103335618,阿堡仔炸鸡汉堡,三星商户,http://www.dianping.com/shop/103335618#comment,
25,阿堡仔,110719996,阿堡仔·炸鸡·汉堡(三中店),该商户暂无星级,http://www.dianping.com/shop/110719996/review,
27,阿堡仔,102398080,阿堡仔汉堡(新秀店),准四星商户,http://www.dianping.com/shop/102398080#comment,
27,阿堡仔,73408525,阿堡仔炸鸡汉堡,三星商户,http://www.dianping.com/shop/73408525#comment,
27,阿堡仔,63168939,阿堡仔蜜雪冰城,该商户暂无星级,http://www.dianping.com/shop/63168939/review,
27,阿堡仔,77368895,阿堡仔炸鸡汉堡,该商户暂无星级,http://www.dianping.com/shop/77368895/review,
28,阿堡仔,32382073,阿堡仔炸鸡汉堡,准四星商户,http://www.dianping.com/shop/32382073#comment,
28,阿堡仔,114224775,阿堡仔汉堡炸鸡,准四星商户,http://www.dianping.com/shop/114224775#comment,
28,阿堡仔,95881574,阿堡仔,该商户暂无星级,http://www.dianping.com/shop/95881574/review,
28,阿堡仔,90496223,阿堡仔,该商户暂无星级,http://www.dianping.com/shop/90496223/review,
29,阿堡仔,107721998,阿堡仔炸鸡汉堡,该商户暂无星级,http://www.dianping.com/shop/107721998/review,
30,阿堡仔,77271943,阿堡仔(文化广场店),该商户暂无星级,http://www.dianping.com/shop/77271943/review,
32,阿堡仔,66847958,阿堡仔(维明路店),准四星商户,http://www.dianping.com/shop/66847958#comment,
32,阿堡仔,68236537,阿堡仔炸鸡汉堡,准四星商户,http://www.dianping.com/shop/68236537#comment,
32,阿堡仔,66693035,阿堡仔,三星商户,http://www.dianping.com/shop/66693035#comment,
32,阿堡仔,69255182,阿堡仔炸鸡汉堡,该商户暂无星级,http://www.dianping.com/shop/69255182/review,
32,阿堡仔,69826946,阿堡仔炸鸡汉堡(十三中店),该商户暂无星级,http://www.dianping.com/shop/69826946/review,
33,阿堡仔,83471768,阿堡仔炸鸡汉堡,该商户暂无星级,http://www.dianping.com/shop/83471768/review,
33,阿堡仔,93758391,阿堡仔,该商户暂无星级,http://www.dianping.com/shop/93758391/review,
35,阿堡仔,18350373,阿堡仔炸鸡汉堡,准四星商户,http://www.dianping.com/shop/18350373#comment,
35,阿堡仔,33637519,阿堡仔(大东关店),准四星商户,http://www.dianping.com/shop/33637519#comment,
35,阿堡仔,32483836,阿堡仔炸鸡汉堡,准四星商户,http://www.dianping.com/shop/32483836#comment,
35,阿堡仔,90584541,阿堡仔,准四星商户,http://www.dianping.com/shop/90584541#comment,
35,阿堡仔,24380380,阿堡仔炸鸡汉堡(西羊市店),准四星商户,http://www.dianping.com/shop/24380380#comment,
35,阿堡仔,77341607,阿堡仔,三星商户,http://www.dianping.com/shop/77341607#comment,
35,阿堡仔,91613678,阿堡仔,三星商户,http://www.dianping.com/shop/91613678#comment,
35,阿堡仔,68077283,阿堡仔炸鸡汉堡(老军营店),三星商户,http://www.dianping.com/shop/68077283#comment,
35,阿堡仔,80866165,阿堡仔(体育北街店),准四星商户,http://www.dianping.com/shop/80866165#comment,
35,阿堡仔,114866289,阿堡仔炸鸡汉堡,准四星商户,http://www.dianping.com/shop/114866289#comment,
35,阿堡仔,21240277,阿堡仔炸鸡汉堡,三星商户,http://www.dianping.com/shop/21240277#comment,
35,阿堡仔,67802718,阿堡仔炸鸡汉堡(水西关南街店),准四星商户,http://www.dianping.com/shop/67802718#comment,
35,阿堡仔,96087807,阿堡仔炸鸡(汉堡坞城东街店),准四星商户,http://www.dianping.com/shop/96087807#comment,
35,阿堡仔,76383319,阿堡仔炸鸡汉堡,三星商户,http://www.dianping.com/shop/76383319#comment,
35,阿堡仔,77265988,阿堡仔炸鸡汉堡,三星商户,http://www.dianping.com/shop/77265988#comment,
35,阿堡仔,93452355,阿堡仔炸鸡汉堡(解放北路店),准四星商户,http://www.dianping.com/shop/93452355#comment,
35,阿堡仔,120104067,阿堡仔炸鸡汉堡,准四星商户,http://www.dianping.com/shop/120104067#comment,
35,阿堡仔,69042608,阿堡仔,该商户暂无星级,http://www.dianping.com/shop/69042608#comment,歇业/关闭
35,阿堡仔,66169433,阿堡仔炸鸡汉堡,三星商户,http://www.dianping.com/shop/66169433#comment,
35,阿堡仔,101920703,阿堡仔,该商户暂无星级,http://www.dianping.com/shop/101920703/review,
35,阿堡仔,94006672,阿堡仔炸鸡汉堡(人民北路店),该商户暂无星级,http://www.dianping.com/shop/94006672#comment,歇业/关闭
35,阿堡仔,81762307,阿堡仔炸鸡汉堡(体育西路店),该商户暂无星级,http://www.dianping.com/shop/81762307#comment,歇业/关闭
35,阿堡仔,93615353,阿堡仔炸鸡汉堡,该商户暂无星级,http://www.dianping.com/shop/93615353/review,
35,阿堡仔,113947654,阿堡仔,该商户暂无星级,http://www.dianping.com/shop/113947654/review,
35,阿堡仔,111857406,阿堡仔炸鸡汉堡,该商户暂无星级,http://www.dianping.com/shop/111857406/review,
35,阿堡仔,92231660,阿堡仔炸鸡汉堡(五一路店),该商户暂无星级,http://www.dianping.com/shop/92231660/review,
35,阿堡仔,113958408,阿堡仔,该商户暂无星级,http://www.dianping.com/shop/113958408/review,
35,阿堡仔,110411101,阿堡仔(马道坡店),该商户暂无星级,http://www.dianping.com/shop/110411101/review,
36,阿堡仔,113188294,阿堡仔炸鸡汉堡,该商户暂无星级,http://www.dianping.com/shop/113188294/review,歇业/关闭
37,阿堡仔,73557099,阿堡仔炸鸡汉堡,该商户暂无星级,http://www.dianping.com/shop/73557099/review,
38,阿堡仔,20694884,阿堡仔炸鸡汉堡,四星商户,http://www.dianping.com/shop/20694884#comment,
38,阿堡仔,76923012,阿堡仔炸鸡汉堡,准四星商户,http://www.dianping.com/shop/76923012#comment,
38,阿堡仔,77281597,阿堡仔炸鸡汉堡,三星商户,http://www.dianping.com/shop/77281597/review,
38,阿堡仔,77319933,阿堡仔,该商户暂无星级,http://www.dianping.com/shop/77319933/review,
38,阿堡仔,68810082,阿堡仔(山西长治飞龙巷店),该商户暂无星级,http://www.dianping.com/shop/68810082/review,
38,阿堡仔,40339621,阿堡仔炸鸡汉堡,该商户暂无星级,http://www.dianping.com/shop/40339621/review,
40,阿堡仔,67706721,阿堡仔炸鸡汉堡应县店,准四星商户,http://www.dianping.com/shop/67706721#comment,
40,阿堡仔,67123678,阿堡仔,该商户暂无星级,http://www.dianping.com/shop/67123678/review,
41,阿堡仔,65879578,阿堡仔,三星商户,http://www.dianping.com/shop/65879578#comment,
42,阿堡仔,57906068,阿堡仔,准四星商户,http://www.dianping.com/shop/57906068#comment,
42,阿堡仔,96063611,阿堡仔(闻喜体育馆店),准四星商户,http://www.dianping.com/shop/96063611#comment,
42,阿堡仔,80379693,阿堡仔店,三星商户,http://www.dianping.com/shop/80379693/review,
43,阿堡仔,80291528,阿堡仔(保德总店),该商户暂无星级,http://www.dianping.com/shop/80291528/review,
43,阿堡仔,79181545,阿堡仔汉堡店,该商户暂无星级,http://www.dianping.com/shop/79181545/review,
43,阿堡仔,124061020,阿堡仔炸鸡汉堡店,该商户暂无星级,http://www.dianping.com/shop/124061020/review,
43,阿堡仔,80230165,阿堡仔,该商户暂无星级,http://www.dianping.com/shop/80230165/review,
43,阿堡仔,107994290,阿堡仔炸鸡汉堡,该商户暂无星级,http://www.dianping.com/shop/107994290/review,
43,阿堡仔,113884372,阿堡仔炸鸡汉堡,该商户暂无星级,http://www.dianping.com/shop/113884372/review,
43,阿堡仔,100801390,阿堡仔炸鸡汉堡(新城区店),该商户暂无星级,http://www.dianping.com/shop/100801390/review,
44,阿堡仔,76750526,阿堡仔炸鸡汉堡,准四星商户,http://www.dianping.com/shop/76750526#comment,
44,阿堡仔,96560224,阿堡仔,该商户暂无星级,http://www.dianping.com/shop/96560224/review,
45,阿堡仔,77484025,阿堡仔(杏花站店),三星商户,http://www.dianping.com/shop/77484025#comment,
45,阿堡仔,120021794,阿堡仔炸鸡汉堡,该商户暂无星级,http://www.dianping.com/shop/120021794/review,
46,阿堡仔,109421499,阿堡仔,准四星商户,http://www.dianping.com/shop/109421499#comment,
46,阿堡仔,102042245,阿堡仔炸鸡汉堡(摩尔城店),三星商户,http://www.dianping.com/shop/102042245#comment,
46,阿堡仔,99334515,阿堡仔炸鸡汉堡(金川店),准四星商户,http://www.dianping.com/shop/99334515#comment,
46,阿堡仔,98465438,阿堡仔汉堡(工大店),三星商户,http://www.dianping.com/shop/98465438#comment,
46,阿堡仔,114490817,阿堡仔汉堡店(创业路),准四星商户,http://www.dianping.com/shop/114490817#comment,
46,阿堡仔,98627594,阿堡仔炸鸡汉堡,三星商户,http://www.dianping.com/shop/98627594#comment,
46,阿堡仔,122313071,阿堡仔,三星商户,http://www.dianping.com/shop/122313071#comment,
46,阿堡仔,96291559,阿堡仔炸鸡汉堡,该商户暂无星级,http://www.dianping.com/shop/96291559#comment,
46,阿堡仔,98699685,阿堡仔炸鸡汉堡(玉泉店),该商户暂无星级,http://www.dianping.com/shop/98699685#comment,
46,阿堡仔,107708382,阿堡仔炸鸡汉堡,该商户暂无星级,http://www.dianping.com/shop/107708382#comment,
46,阿堡仔,101908954,阿堡仔汉堡,该商户暂无星级,http://www.dianping.com/shop/101908954#comment,
46,阿堡仔,114775904,阿堡仔炸鸡汉堡,准四星商户,http://www.dianping.com/shop/114775904#comment,
46,阿堡仔,127035522,阿堡仔炸鸡汉堡(双树店),三星商户,http://www.dianping.com/shop/127035522#comment,
46,阿堡仔,95859747,阿堡仔炸鸡汉堡,该商户暂无星级,http://www.dianping.com/shop/95859747#comment,
46,阿堡仔,110253248,阿堡仔炸鸡汉堡(上院店),该商户暂无星级,http://www.dianping.com/shop/110253248/review,
46,阿堡仔,97713709,阿堡仔炸鸡汉堡(讨号板店),该商户暂无星级,http://www.dianping.com/shop/97713709/review,
46,阿堡仔,102057790,阿堡仔炸鸡汉堡(巨海城店),该商户暂无星级,http://www.dianping.com/shop/102057790/review,
46,阿堡仔,101945552,阿堡仔炸鸡汉堡(大学东街店),该商户暂无星级,http://www.dianping.com/shop/101945552/review,
46,阿堡仔,110335327,阿堡仔汉堡炸鸡,该商户暂无星级,http://www.dianping.com/shop/110335327/review,
46,阿堡仔,113188155,阿堡仔汉堡店,该商户暂无星级,http://www.dianping.com/shop/113188155#comment,
46,阿堡仔,126212879,阿堡仔炸鸡汉堡(公园南路店),该商户暂无星级,http://www.dianping.com/shop/126212879/review,
46,阿堡仔,120111688,阿堡仔炸鸡汉堡(团结店),该商户暂无星级,http://www.dianping.com/shop/120111688/review,
46,阿堡仔,126612744,阿堡仔炸鸡汉堡,该商户暂无星级,http://www.dianping.com/shop/126612744/review,歇业/关闭
47,阿堡仔,111951773,阿堡仔炸鸡汉堡(现代城店),该商户暂无星级,http://www.dianping.com/shop/111951773/review,
49,阿堡仔,67492734,阿堡仔炸鸡汉堡,准四星商户,http://www.dianping.com/shop/67492734#comment,
49,阿堡仔,101961576,阿堡仔,该商户暂无星级,http://www.dianping.com/shop/101961576/review,
49,阿堡仔,80982572,阿堡仔炸鸡汉堡店,该商户暂无星级,http://www.dianping.com/shop/80982572/review,
55,阿堡仔,114519489,ABZ阿堡仔炸鸡汉堡,该商户暂无星级,http://www.dianping.com/shop/114519489/review,
58,阿堡仔,103567644,阿堡仔炸鸡汉堡(常青街店),该商户暂无星级,http://www.dianping.com/shop/103567644#comment,
61,阿堡仔,120158928,阿堡仔炸鸡汉堡,该商户暂无星级,http://www.dianping.com/shop/120158928/review,
65,阿堡仔,96331882,阿堡仔炸鸡汉堡,三星商户,http://www.dianping.com/shop/96331882#comment,
67,阿堡仔,98217785,阿堡仔炸鸡汉堡,该商户暂无星级,http://www.dianping.com/shop/98217785/review,
70,阿堡仔,110507761,阿堡仔炸鸡汉堡,准四星商户,http://www.dianping.com/shop/110507761#comment,
70,阿堡仔,97676510,阿堡仔炸鸡汉堡(净月华庭店),该商户暂无星级,http://www.dianping.com/shop/97676510/review,
71,阿堡仔,92560580,阿堡仔炸鸡汉堡,三星商户,http://www.dianping.com/shop/92560580#comment,
86,阿堡仔,102424812,阿堡仔,该商户暂无星级,http://www.dianping.com/shop/102424812/review,
89,阿堡仔,33594675,阿堡仔炸鸡汉堡,三星商户,http://www.dianping.com/shop/33594675#comment,
89,阿堡仔,96060826,阿堡仔炸鸡汉堡,该商户暂无星级,http://www.dianping.com/shop/96060826/review,
89,阿堡仔,96712339,阿堡仔汉堡店,该商户暂无星级,http://www.dianping.com/shop/96712339/review,
94,阿堡仔,66196909,阿堡仔(江海路店),准四星商户,http://www.dianping.com/shop/66196909#comment,
94,阿堡仔,120063385,阿堡仔炸鸡汉堡(如东文峰店),准四星商户,http://www.dianping.com/shop/120063385#comment,
134,阿堡仔,91596106,阿堡仔炸鸡汉堡,该商户暂无星级,http://www.dianping.com/shop/91596106#comment,歇业/关闭
145,阿堡仔,22076280,阿堡仔炸鸡汉堡,准四星商户,http://www.dianping.com/shop/22076280#comment,歇业/关闭
145,阿堡仔,69297200,阿堡仔炸鸡汉堡(西二路店),三星商户,http://www.dianping.com/shop/69297200#comment,
145,阿堡仔,82684241,阿堡仔炸鸡汉堡,该商户暂无星级,http://www.dianping.com/shop/82684241/review,
146,阿堡仔,41106033,阿堡仔,该商户暂无星级,http://www.dianping.com/shop/41106033/review,
147,阿堡仔,21974750,阿堡仔炸鸡汉堡(大市场店),四星商户,http://www.dianping.com/shop/21974750#comment,
147,阿堡仔,93665996,阿堡仔炸鸡汉堡,该商户暂无星级,http://www.dianping.com/shop/93665996/review,
147,阿堡仔,122389153,阿堡仔(朝阳街店),该商户暂无星级,http://www.dianping.com/shop/122389153/review,
147,阿堡仔,50592277,阿堡仔炸鸡汉堡,该商户暂无星级,http://www.dianping.com/shop/50592277/review,
147,阿堡仔,24980436,阿堡仔炸鸡汉堡,该商户暂无星级,http://www.dianping.com/shop/24980436/review,
148,阿堡仔,67430868,阿堡仔炸鸡汉堡,该商户暂无星级,http://www.dianping.com/shop/67430868#comment,歇业/关闭
148,阿堡仔,92174737,阿堡仔炸鸡汉堡(招远旗舰店),该商户暂无星级,http://www.dianping.com/shop/92174737/review,
148,阿堡仔,92259434,阿堡仔炸鸡汉堡(烟台大学店),该商户暂无星级,http://www.dianping.com/shop/92259434#comment,
149,阿堡仔,98018140,阿堡仔炸鸡汉堡,准四星商户,http://www.dianping.com/shop/98018140#comment,
149,阿堡仔,112028775,阿堡仔炸鸡汉堡,该商户暂无星级,http://www.dianping.com/shop/112028775/review,
150,阿堡仔,59073083,阿堡仔,该商户暂无星级,http://www.dianping.com/shop/59073083#comment,歇业/关闭
150,阿堡仔,96174175,阿堡仔炸鸡汉堡,该商户暂无星级,http://www.dianping.com/shop/96174175/review,
150,阿堡仔,67963997,阿堡仔汉堡炸鸡(曲阜店),该商户暂无星级,http://www.dianping.com/shop/67963997/review,
150,阿堡仔,110603615,阿堡仔炸鸡汉堡,该商户暂无星级,http://www.dianping.com/shop/110603615/review,
150,阿堡仔,123019939,阿堡仔炸鸡汉堡,该商户暂无星级,http://www.dianping.com/shop/123019939/review,
150,阿堡仔,114555407,阿堡仔炸鸡汉堡,该商户暂无星级,http://www.dianping.com/shop/114555407/review,
150,阿堡仔,68806644,阿堡仔炸鸡汉堡(留庄店),该商户暂无星级,http://www.dianping.com/shop/68806644/review,
150,阿堡仔,83534600,阿堡仔炸鸡汉堡,该商户暂无星级,http://www.dianping.com/shop/83534600/review,
151,阿堡仔,19665172,阿堡仔炸鸡汉堡(通天街店),四星商户,http://www.dianping.com/shop/19665172#comment,
151,阿堡仔,68042498,阿堡仔炸鸡汉堡,准四星商户,http://www.dianping.com/shop/68042498#comment,
151,阿堡仔,70405579,阿堡仔,准四星商户,http://www.dianping.com/shop/70405579#comment,
151,阿堡仔,81759026,阿堡仔汉堡,三星商户,http://www.dianping.com/shop/81759026#comment,
151,阿堡仔,96707598,阿堡仔炸鸡汉堡,该商户暂无星级,http://www.dianping.com/shop/96707598#comment,
151,阿堡仔,98659544,阿堡仔炸鸡汉堡,该商户暂无星级,http://www.dianping.com/shop/98659544#comment,
151,阿堡仔,111781386,阿堡仔炸鸡汉堡(泰安银座店),该商户暂无星级,http://www.dianping.com/shop/111781386/review,
151,阿堡仔,90473943,阿堡仔炸鸡汉堡,该商户暂无星级,http://www.dianping.com/shop/90473943/review,
151,阿堡仔,114734397,阿堡仔,该商户暂无星级,http://www.dianping.com/shop/114734397/review,
152,阿堡仔,96261192,阿堡仔,准四星商户,http://www.dianping.com/shop/96261192#comment,
152,阿堡仔,93767838,阿堡仔炸鸡汉堡(江家寨店),准四星商户,http://www.dianping.com/shop/93767838#comment,
152,阿堡仔,96054453,阿堡仔,三星商户,http://www.dianping.com/shop/96054453#comment,
152,阿堡仔,121716914,阿堡仔炸鸡汉堡(海滨南路店),准四星商户,http://www.dianping.com/shop/121716914#comment,
152,阿堡仔,110278779,阿堡仔炸鸡汉堡(中韩路店),该商户暂无星级,http://www.dianping.com/shop/110278779/review,
153,阿堡仔,124992092,阿堡仔炸鸡汉堡,该商户暂无星级,http://www.dianping.com/shop/124992092/review,
155,阿堡仔,97675290,阿堡仔炸鸡汉堡,该商户暂无星级,http://www.dianping.com/shop/97675290/review,
155,阿堡仔,75224390,阿堡仔炸鸡汉堡,该商户暂无星级,http://www.dianping.com/shop/75224390/review,
155,阿堡仔,95461922,阿堡仔炸鸡汉堡,该商户暂无星级,http://www.dianping.com/shop/95461922/review,
156,阿堡仔,81260188,阿堡仔·炸鸡汉堡,三星商户,http://www.dianping.com/shop/81260188#comment,
156,阿堡仔,96294439,阿堡仔炸鸡汉堡,准四星商户,http://www.dianping.com/shop/96294439#comment,
156,阿堡仔,68951295,阿堡仔,准四星商户,http://www.dianping.com/shop/68951295#comment,
156,阿堡仔,100127204,阿堡仔炸鸡汉堡(翡翠绿洲店),三星商户,http://www.dianping.com/shop/100127204#comment,
156,阿堡仔,91607236,阿堡仔,该商户暂无星级,http://www.dianping.com/shop/91607236/review,歇业/关闭
156,阿堡仔,95353244,阿堡仔,该商户暂无星级,http://www.dianping.com/shop/95353244/review,
156,阿堡仔,97471341,阿堡仔炸鸡汉堡(安居路店),该商户暂无星级,http://www.dianping.com/shop/97471341/review,
156,阿堡仔,92357368,阿堡仔炸鸡汉堡,该商户暂无星级,http://www.dianping.com/shop/92357368/review,
156,阿堡仔,107403891,阿堡仔,该商户暂无星级,http://www.dianping.com/shop/107403891/review,
156,阿堡仔,122705237,阿堡仔炸鸡汉堡,该商户暂无星级,http://www.dianping.com/shop/122705237/review,
156,阿堡仔,126022432,阿堡仔炸鸡汉堡,该商户暂无星级,http://www.dianping.com/shop/126022432/review,
156,阿堡仔,110616729,阿堡仔炸鸡汉堡店,该商户暂无星级,http://www.dianping.com/shop/110616729/review,歇业/关闭
157,阿堡仔,114285727,阿堡仔,准四星商户,http://www.dianping.com/shop/114285727#comment,
157,阿堡仔,24304338,阿堡仔炸鸡汉堡(柳园南路外国语学校1),准四星商户,http://www.dianping.com/shop/24304338#comment,
157,阿堡仔,24286033,阿堡仔炸鸡汉堡(振兴路店),该商户暂无星级,http://www.dianping.com/shop/24286033#comment,歇业/关闭
157,阿堡仔,98882569,阿堡仔炸鸡汉堡,准四星商户,http://www.dianping.com/shop/98882569#comment,
157,阿堡仔,67145820,阿堡仔(新东方广场店),准四星商户,http://www.dianping.com/shop/67145820#comment,
157,阿堡仔,92735319,阿堡仔,准四星商户,http://www.dianping.com/shop/92735319#comment,
157,阿堡仔,125284821,阿堡仔(冠县辛集店),该商户暂无星级,http://www.dianping.com/shop/125284821/review,
157,阿堡仔,79272843,阿堡仔炸鸡汉堡(万方店),该商户暂无星级,http://www.dianping.com/shop/79272843/review,
157,阿堡仔,98412112,阿堡仔炸鸡汉堡,该商户暂无星级,http://www.dianping.com/shop/98412112/review,
157,阿堡仔,92874822,阿堡仔炸鸡汉堡,该商户暂无星级,http://www.dianping.com/shop/92874822/review,
157,阿堡仔,74489555,阿堡仔,该商户暂无星级,http://www.dianping.com/shop/74489555/review,
157,阿堡仔,102449427,阿堡仔炸鸡汉堡,该商户暂无星级,http://www.dianping.com/shop/102449427/review,
157,阿堡仔,67343746,阿堡仔(银座店),该商户暂无星级,http://www.dianping.com/shop/67343746#comment,歇业/关闭
157,阿堡仔,122109073,阿堡仔汉堡(仁恒店),该商户暂无星级,http://www.dianping.com/shop/122109073/review,
157,阿堡仔,124215686,阿堡仔炸鸡汉堡,该商户暂无星级,http://www.dianping.com/shop/124215686/review,
157,阿堡仔,92572576,阿堡仔,该商户暂无星级,http://www.dianping.com/shop/92572576/review,
157,阿堡仔,111814501,阿堡仔(清水店),该商户暂无星级,http://www.dianping.com/shop/111814501/review,
157,阿堡仔,105892879,阿堡仔炸鸡汉堡烟庄店(烟庄店),该商户暂无星级,http://www.dianping.com/shop/105892879/review,
157,阿堡仔,113951361,阿堡仔,该商户暂无星级,http://www.dianping.com/shop/113951361/review,歇业/关闭
158,阿堡仔,19118817,阿堡仔炸鸡汉堡,准四星商户,http://www.dianping.com/shop/19118817#comment,
158,阿堡仔,93393730,阿堡仔,三星商户,http://www.dianping.com/shop/93393730/review,
158,阿堡仔,97535567,阿堡仔(二小店),该商户暂无星级,http://www.dianping.com/shop/97535567/review,
158,阿堡仔,92064514,阿堡仔炸鸡汉堡,该商户暂无星级,http://www.dianping.com/shop/92064514/review,
158,阿堡仔,105048128,阿堡仔炸鸡汉堡,该商户暂无星级,http://www.dianping.com/shop/105048128/review,
159,阿堡仔,90453304,阿堡仔,准四星商户,http://www.dianping.com/shop/90453304#comment,
159,阿堡仔,82877052,阿堡仔炸鸡汉堡,三星商户,http://www.dianping.com/shop/82877052/review,
159,阿堡仔,110274801,阿堡仔炸鸡汉堡(珠江东路店),该商户暂无星级,http://www.dianping.com/shop/110274801/review,
159,阿堡仔,124857079,阿堡仔炸鸡,该商户暂无星级,http://www.dianping.com/shop/124857079/review,
159,阿堡仔,83440743,阿堡仔,该商户暂无星级,http://www.dianping.com/shop/83440743/review,
159,阿堡仔,128014692,阿堡仔汉堡炸鸡,该商户暂无星级,http://www.dianping.com/shop/128014692/review,
164,阿堡仔,96618995,阿堡仔,准四星商户,http://www.dianping.com/shop/96618995#comment,
175,阿堡仔,79663866,阿堡仔汉堡店(东方国际美汁堡店),准四星商户,http://www.dianping.com/shop/79663866#comment,
175,阿堡仔,108185371,阿堡仔炸鸡汉堡,该商户暂无星级,http://www.dianping.com/shop/108185371/review,
178,阿堡仔,122316144,阿堡仔炸鸡汉堡(城关镇北大街店),该商户暂无星级,http://www.dianping.com/shop/122316144/review,
183,阿堡仔,113090629,阿堡仔炸鸡汉堡,该商户暂无星级,http://www.dianping.com/shop/113090629/review,
208,阿堡仔,103078749,阿堡仔炸鸡(九鼎店),该商户暂无星级,http://www.dianping.com/shop/103078749/review,
219,阿堡仔,124573521,阿堡仔炸鸡汉堡,该商户暂无星级,http://www.dianping.com/shop/124573521/review,
222,阿堡仔,114575425,阿堡仔炸鸡,准四星商户,http://www.dianping.com/shop/114575425#comment,
239,阿堡仔,93543910,阿堡仔(正和巷店),该商户暂无星级,http://www.dianping.com/shop/93543910/review,
240,阿堡仔,96024811,阿堡仔炸鸡汉堡(金沙路店),该商户暂无星级,http://www.dianping.com/shop/96024811/review,
240,阿堡仔,69957916,阿堡仔炸鸡汉堡,该商户暂无星级,http://www.dianping.com/shop/69957916/review,
241,阿堡仔,76849384,阿堡仔,三星商户,http://www.dianping.com/shop/76849384#comment,
241,阿堡仔,90594735,阿堡仔,该商户暂无星级,http://www.dianping.com/shop/90594735/review,
242,阿堡仔,72070896,阿堡仔,准四星商户,http://www.dianping.com/shop/72070896#comment,
242,阿堡仔,114802266,阿堡仔炸鸡汉堡(绵阳梓潼县店),该商户暂无星级,http://www.dianping.com/shop/114802266/review,
243,阿堡仔,108204819,阿堡仔炸鸡汉堡(利州东路店),该商户暂无星级,http://www.dianping.com/shop/108204819/review,
244,阿堡仔,97962740,阿堡仔炸鸡汉堡(蜀秀东街店),准四星商户,http://www.dianping.com/shop/97962740#comment,
244,阿堡仔,66554267,阿堡仔西式快餐店,三星商户,http://www.dianping.com/shop/66554267#comment,
244,阿堡仔,97299280,阿堡仔炸雞漢堡,该商户暂无星级,http://www.dianping.com/shop/97299280/review,
248,阿堡仔,90458446,阿堡仔,该商户暂无星级,http://www.dianping.com/shop/90458446/review,
249,阿堡仔,83206415,阿堡仔炸鸡汉堡,该商户暂无星级,http://www.dianping.com/shop/83206415#comment,歇业/关闭
250,阿堡仔,65715815,阿堡仔,准四星商户,http://www.dianping.com/shop/65715815#comment,
253,阿堡仔,98425974,阿堡仔炸鸡汉堡,该商户暂无星级,http://www.dianping.com/shop/98425974#comment,
253,阿堡仔,121482355,阿堡仔炸鸡汉堡,该商户暂无星级,http://www.dianping.com/shop/121482355/review,
254,阿堡仔,94003413,阿堡仔,该商户暂无星级,http://www.dianping.com/shop/94003413/review,
258,阿堡仔,92492721,阿堡仔炸鸡汉堡(延安东路总店),准四星商户,http://www.dianping.com/shop/92492721#comment,
258,阿堡仔,107723070,阿堡仔,三星商户,http://www.dianping.com/shop/107723070#comment,
258,阿堡仔,99009413,阿堡仔炸鸡汉堡(百花山店),准四星商户,http://www.dianping.com/shop/99009413#comment,
258,阿堡仔,92417958,阿堡仔炸鸡汉堡(万江路店),该商户暂无星级,http://www.dianping.com/shop/92417958/review,
258,阿堡仔,104367819,阿堡仔炸鸡汉堡(鸿通城店),准四星商户,http://www.dianping.com/shop/104367819#comment,
258,阿堡仔,92493856,阿堡仔炸鸡汉堡(小河长江路店),该商户暂无星级,http://www.dianping.com/shop/92493856/review,
258,阿堡仔,102966065,阿堡仔炸鸡汉堡(万科店),该商户暂无星级,http://www.dianping.com/shop/102966065/review,
258,阿堡仔,100927495,阿堡仔炸鸡汉堡,该商户暂无星级,http://www.dianping.com/shop/100927495/review,
258,阿堡仔,97617593,阿堡仔炸鸡汉堡(白云店),该商户暂无星级,http://www.dianping.com/shop/97617593/review,
258,阿堡仔,92929324,阿堡仔(炸鸡汉堡(黄河路店),该商户暂无星级,http://www.dianping.com/shop/92929324/review,
258,阿堡仔,93371561,阿堡仔炸鸡汉堡,该商户暂无星级,http://www.dianping.com/shop/93371561/review,
258,阿堡仔,96039476,阿堡仔炸鸡汉堡,三星商户,http://www.dianping.com/shop/96039476/review,
258,阿堡仔,96576289,阿堡仔炸鸡汉堡(神奇路店),三星商户,http://www.dianping.com/shop/96576289/review,
258,阿堡仔,97540881,阿堡仔炸鸡汉堡(m区店),三星商户,http://www.dianping.com/shop/97540881/review,
258,阿堡仔,110580155,阿堡仔,该商户暂无星级,http://www.dianping.com/shop/110580155/review,
258,阿堡仔,107740026,阿堡仔(城基路店),该商户暂无星级,http://www.dianping.com/shop/107740026/review,
258,阿堡仔,113189668,阿堡仔炸鸡汉堡,该商户暂无星级,http://www.dianping.com/shop/113189668/review,
261,阿堡仔,111583028,阿堡仔,该商户暂无星级,http://www.dianping.com/shop/111583028/review,歇业/关闭
267,阿堡仔,92480662,阿堡仔炸鸡汉堡,三星商户,http://www.dianping.com/shop/92480662#comment,
292,阿堡仔,91898071,阿堡仔,该商户暂无星级,http://www.dianping.com/shop/91898071/review,
292,阿堡仔,90482341,abz阿堡仔,该商户暂无星级,http://www.dianping.com/shop/90482341/review,
294,阿堡仔,99110067,阿堡仔炸鸡汉堡(洛川店),该商户暂无星级,http://www.dianping.com/shop/99110067/review,
294,阿堡仔,95248008,阿堡仔,该商户暂无星级,http://www.dianping.com/shop/95248008/review,
294,阿堡仔,96709728,阿堡仔炸鸡(汉堡老庙店),该商户暂无星级,http://www.dianping.com/shop/96709728/review,
295,阿堡仔,102387344,阿堡仔(炸鸡汉堡),该商户暂无星级,http://www.dianping.com/shop/102387344/review,
299,阿堡仔,98182775,阿堡仔炸鸡汉堡(段家滩店),准四星商户,http://www.dianping.com/shop/98182775#comment,
299,阿堡仔,69399932,阿堡仔汉堡炸鸡(新港城店),准四星商户,http://www.dianping.com/shop/69399932#comment,
299,阿堡仔,73578528,阿堡仔(华润万家超市店),三星商户,http://www.dianping.com/shop/73578528#comment,
299,阿堡仔,24022709,阿堡仔炸鸡汉堡(静宁路店),准四星商户,http://www.dianping.com/shop/24022709#comment,
299,阿堡仔,77477417,阿堡仔炸鸡汉堡店(天水路十字店),准四星商户,http://www.dianping.com/shop/77477417#comment,
299,阿堡仔,93453767,阿堡仔炸鸡汉堡店,准四星商户,http://www.dianping.com/shop/93453767#comment,
299,阿堡仔,96520683,清真阿堡仔炸鸡汉堡(幸福家园店),准四星商户,http://www.dianping.com/shop/96520683#comment,
299,阿堡仔,69508674,阿堡仔炸鸡汉堡(中山路店),准四星商户,http://www.dianping.com/shop/69508674#comment,
299,阿堡仔,73401941,阿堡仔炸鸡汉堡西固店,准四星商户,http://www.dianping.com/shop/73401941#comment,
299,阿堡仔,67907593,阿堡仔炸鸡汉堡店(铁路新村店),准四星商户,http://www.dianping.com/shop/67907593#comment,
299,阿堡仔,67627026,阿堡仔(建兰路店),该商户暂无星级,http://www.dianping.com/shop/67627026#comment,歇业/关闭
299,阿堡仔,70443550,阿堡仔炸鸡汉堡,准四星商户,http://www.dianping.com/shop/70443550#comment,
299,阿堡仔,102091242,阿堡仔,准四星商户,http://www.dianping.com/shop/102091242#comment,
299,阿堡仔,96084350,阿堡仔炸鸡汉堡(海洋世界店),三星商户,http://www.dianping.com/shop/96084350#comment,
299,阿堡仔,66860711,阿堡仔炸鸡汉堡(皋兰路店),准四星商户,http://www.dianping.com/shop/66860711#comment,
299,阿堡仔,110286369,阿堡仔(金牛街店),该商户暂无星级,http://www.dianping.com/shop/110286369#comment,歇业/关闭
299,阿堡仔,67424258,阿堡仔炸鸡汉堡店(大润发店),三星商户,http://www.dianping.com/shop/67424258#comment,
299,阿堡仔,90995753,阿堡仔(铁二中店),准四星商户,http://www.dianping.com/shop/90995753#comment,
299,阿堡仔,92536547,阿堡仔炸鸡汉堡(金牛街店),准四星商户,http://www.dianping.com/shop/92536547#comment,
299,阿堡仔,97199626,阿堡仔炸鸡汉堡(红叶城店),三星商户,http://www.dianping.com/shop/97199626#comment,
299,阿堡仔,92125775,阿堡仔(火车站东路店),准四星商户,http://www.dianping.com/shop/92125775#comment,
299,阿堡仔,68045681,阿堡仔(定西南路店),三星商户,http://www.dianping.com/shop/68045681#comment,歇业/关闭
299,阿堡仔,73387987,阿堡仔(龚家湾店),三星商户,http://www.dianping.com/shop/73387987#comment,
299,阿堡仔,92107140,阿堡仔炸鸡汉堡(山丹街),准四星商户,http://www.dianping.com/shop/92107140#comment,
299,阿堡仔,93617382,阿堡仔(建宁东路店),三星商户,http://www.dianping.com/shop/93617382#comment,
299,阿堡仔,59420117,阿堡仔炸鸡汉堡(甘南路店),三星商户,http://www.dianping.com/shop/59420117#comment,
299,阿堡仔,69338114,阿堡仔炸鸡汉堡(平凉路店),准四星商户,http://www.dianping.com/shop/69338114#comment,
299,阿堡仔,113934482,阿堡仔,三星商户,http://www.dianping.com/shop/113934482#comment,
299,阿堡仔,98130742,阿堡仔炸鸡汉堡(二十七中店),三星商户,http://www.dianping.com/shop/98130742#comment,
299,阿堡仔,92266338,阿堡仔炸鸡汉堡(福利路店),三星商户,http://www.dianping.com/shop/92266338#comment,
299,阿堡仔,80536504,阿堡仔(第5大道店),准四星商户,http://www.dianping.com/shop/80536504#comment,
299,阿堡仔,97758424,阿堡仔炸鸡汉堡(龚家坪店),三星商户,http://www.dianping.com/shop/97758424#comment,
299,阿堡仔,97211337,阿堡仔炸鸡汉堡(教育港店),准四星商户,http://www.dianping.com/shop/97211337#comment,
299,阿堡仔,109827588,阿堡仔炸鸡汉堡(恒大名都店),该商户暂无星级,http://www.dianping.com/shop/109827588#comment,
299,阿堡仔,93931866,阿堡仔炸鸡汉堡(十里店),该商户暂无星级,http://www.dianping.com/shop/93931866#comment,
299,阿堡仔,68036009,阿堡仔(路桥音乐广场店),该商户暂无星级,http://www.dianping.com/shop/68036009/review,
299,阿堡仔,96730442,阿堡仔炸鸡汉堡店,该商户暂无星级,http://www.dianping.com/shop/96730442/review,
299,阿堡仔,93201416,阿堡仔(海石湾店),该商户暂无星级,http://www.dianping.com/shop/93201416/review,
299,阿堡仔,96521313,阿堡仔炸鸡汉堡(佛慈大街店),三星商户,http://www.dianping.com/shop/96521313#comment,
299,阿堡仔,98587132,阿堡仔,三星商户,http://www.dianping.com/shop/98587132#comment,
299,阿堡仔,67060188,阿堡仔炸鸡汉堡(瑞德摩尔店),该商户暂无星级,http://www.dianping.com/shop/67060188/review,歇业/关闭
299,阿堡仔,75155299,阿堡仔汉堡炸鸡(三森店),该商户暂无星级,http://www.dianping.com/shop/75155299/review,
299,阿堡仔,71419805,阿堡仔炸鸡汉堡,该商户暂无星级,http://www.dianping.com/shop/71419805/review,
299,阿堡仔,90596249,凌达阿堡仔炸鸡汉堡,该商户暂无星级,http://www.dianping.com/shop/90596249#comment,
299,阿堡仔,74488365,阿堡仔炸鸡汉堡店,该商户暂无星级,http://www.dianping.com/shop/74488365/review,
299,阿堡仔,102066330,阿堡仔炸鸡汉堡(兰州新区大学城店),该商户暂无星级,http://www.dianping.com/shop/102066330/review,
299,阿堡仔,92785366,阿堡仔炸鸡汉堡,该商户暂无星级,http://www.dianping.com/shop/92785366/review,歇业/关闭
299,阿堡仔,120018480,阿堡仔炸鸡汉堡(九州店),准四星商户,http://www.dianping.com/shop/120018480#comment,
299,阿堡仔,80502255,阿堡仔(兰州市武都路店),该商户暂无星级,http://www.dianping.com/shop/80502255/review,
299,阿堡仔,125348361,阿堡仔店,该商户暂无星级,http://www.dianping.com/shop/125348361/review,
299,阿堡仔,127754415,阿堡仔炸鸡汉堡,该商户暂无星级,http://www.dianping.com/shop/127754415/review,
299,阿堡仔,111946149,阿堡仔炸鸡汉堡(名城店),该商户暂无星级,http://www.dianping.com/shop/111946149/review,
299,阿堡仔,123385820,阿堡仔炸鸡汉堡(北面滩店),该商户暂无星级,http://www.dianping.com/shop/123385820/review,
299,阿堡仔,121473985,阿堡仔炸鸡汉堡(恒大山水城店),该商户暂无星级,http://www.dianping.com/shop/121473985/review,
299,阿堡仔,98587171,阿堡仔,该商户暂无星级,http://www.dianping.com/shop/98587171/review,
299,阿堡仔,124533162,阿堡仔炸鸡汉堡,该商户暂无星级,http://www.dianping.com/shop/124533162/review,
299,阿堡仔,127222525,阿堡仔,该商户暂无星级,http://www.dianping.com/shop/127222525/review,
299,阿堡仔,128997888,阿堡仔炸鸡汉堡(张苏滩店),该商户暂无星级,http://www.dianping.com/shop/128997888/review,
299,阿堡仔,122661783,阿堡仔炸鸡汉堡店,该商户暂无星级,http://www.dianping.com/shop/122661783/review,
299,阿堡仔,127669901,帅帅阿堡仔汉堡店,该商户暂无星级,http://www.dianping.com/shop/127669901/review,歇业/关闭
301,阿堡仔,92768788,阿堡仔(河西店),准四星商户,http://www.dianping.com/shop/92768788#comment,
301,阿堡仔,14750955,阿堡仔炸鸡汉堡,准四星商户,http://www.dianping.com/shop/14750955#comment,
301,阿堡仔,83203144,庆阳路口阿堡仔,三星商户,http://www.dianping.com/shop/83203144#comment,
301,阿堡仔,122648057,阿堡仔(金佰盛店),准四星商户,http://www.dianping.com/shop/122648057#comment,
301,阿堡仔,93256313,阿堡仔(国芳广场店),三星商户,http://www.dianping.com/shop/93256313#comment,
301,阿堡仔,79684404,金三角阿堡仔(金三角店),该商户暂无星级,http://www.dianping.com/shop/79684404/review,
301,阿堡仔,95262025,阿堡仔,该商户暂无星级,http://www.dianping.com/shop/95262025/review,
301,阿堡仔,92985699,阿堡仔,该商户暂无星级,http://www.dianping.com/shop/92985699/review,
301,阿堡仔,113849891,阿堡仔(华府店),该商户暂无星级,http://www.dianping.com/shop/113849891/review,
302,阿堡仔,111570933,雪悦莎茶饮冰雪,准四星商户,http://www.dianping.com/shop/111570933#comment,
302,阿堡仔,91593602,阿堡仔炸鸡汉堡(金域观澜店),准四星商户,http://www.dianping.com/shop/91593602#comment,
302,阿堡仔,69138247,阿堡仔炸鸡汉堡,三星商户,http://www.dianping.com/shop/69138247#comment,
302,阿堡仔,69491967,阿堡仔炸鸡汉堡,该商户暂无星级,http://www.dianping.com/shop/69491967/review,
302,阿堡仔,97886447,阿堡仔炸鸡(汉堡二分店),该商户暂无星级,http://www.dianping.com/shop/97886447#comment,
302,阿堡仔,123284263,阿堡仔炸鸡汉堡店,该商户暂无星级,http://www.dianping.com/shop/123284263/review,
303,阿堡仔,67653330,阿堡仔炸鸡汉堡,准四星商户,http://www.dianping.com/shop/67653330#comment,
303,阿堡仔,98146864,阿堡仔(炸鸡汉堡),该商户暂无星级,http://www.dianping.com/shop/98146864/review,
303,阿堡仔,126078863,阿堡仔,该商户暂无星级,http://www.dianping.com/shop/126078863/review,
303,阿堡仔,113087661,中滩镇阿堡仔,该商户暂无星级,http://www.dianping.com/shop/113087661/review,
303,阿堡仔,67647291,阿堡仔炸鸡汉堡(广场店),该商户暂无星级,http://www.dianping.com/shop/67647291/review,
304,阿堡仔,67933888,阿堡仔,准四星商户,http://www.dianping.com/shop/67933888#comment,
304,阿堡仔,110652695,阿堡仔,准四星商户,http://www.dianping.com/shop/110652695#comment,
304,阿堡仔,93543810,阿堡仔(东关街店),该商户暂无星级,http://www.dianping.com/shop/93543810/review,
304,阿堡仔,96440102,阿堡仔,该商户暂无星级,http://www.dianping.com/shop/96440102/review,
304,阿堡仔,71396361,阿堡仔,该商户暂无星级,http://www.dianping.com/shop/71396361/review,
305,阿堡仔,92851530,阿堡仔,准四星商户,http://www.dianping.com/shop/92851530#comment,歇业/关闭
305,阿堡仔,68985491,阿堡仔炸鸡汉堡,该商户暂无星级,http://www.dianping.com/shop/68985491/review,
305,阿堡仔,113143692,阿堡仔炸鸡汉堡,该商户暂无星级,http://www.dianping.com/shop/113143692/review,
306,阿堡仔,122470914,阿堡仔汉堡,该商户暂无星级,http://www.dianping.com/shop/122470914/review,
307,阿堡仔,67285315,阿堡仔炸鸡汉堡店,准四星商户,http://www.dianping.com/shop/67285315#comment,
307,阿堡仔,102451698,阿堡仔炸鸡汉堡,该商户暂无星级,http://www.dianping.com/shop/102451698/review,
307,阿堡仔,103018759,阿堡仔,该商户暂无星级,http://www.dianping.com/shop/103018759/review,
307,阿堡仔,93066088,阿堡仔,该商户暂无星级,http://www.dianping.com/shop/93066088/review,歇业/关闭
308,阿堡仔,90371784,阿堡仔,该商户暂无星级,http://www.dianping.com/shop/90371784/review,
308,阿堡仔,98777120,阿堡仔,该商户暂无星级,http://www.dianping.com/shop/98777120/review,
309,阿堡仔,67864346,阿堡仔,准四星商户,http://www.dianping.com/shop/67864346#comment,
309,阿堡仔,91008025,阿堡仔(甘肃省临洮店),准四星商户,http://www.dianping.com/shop/91008025#comment,
309,阿堡仔,92117205,阿堡仔,该商户暂无星级,http://www.dianping.com/shop/92117205/review,
309,阿堡仔,98786837,阿堡仔汉堡店(南校门),该商户暂无星级,http://www.dianping.com/shop/98786837/review,
309,阿堡仔,69490752,阿堡仔炸鸡汉堡,该商户暂无星级,http://www.dianping.com/shop/69490752/review,
309,阿堡仔,123294743,ABZ阿堡仔炸鸡汉堡,该商户暂无星级,http://www.dianping.com/shop/123294743/review,
309,阿堡仔,111856804,阿堡仔(中华路店),该商户暂无星级,http://www.dianping.com/shop/111856804/review,
309,阿堡仔,111524305,阿堡仔,该商户暂无星级,http://www.dianping.com/shop/111524305/review,
310,阿堡仔,110799325,清真·阿堡仔炸鸡汉堡(武都店),准四星商户,http://www.dianping.com/shop/110799325#comment,
310,阿堡仔,128497306,阿堡仔(两水店),该商户暂无星级,http://www.dianping.com/shop/128497306/review,
313,阿堡仔,90039826,阿堡仔,该商户暂无星级,http://www.dianping.com/shop/90039826/review,
313,阿堡仔,123839251,阿堡仔炸鸡,该商户暂无星级,http://www.dianping.com/shop/123839251/review,
313,阿堡仔,110576658,阿堡仔,该商户暂无星级,http://www.dianping.com/shop/110576658/review,
313,阿堡仔,110957418,阿堡仔炸鸡汉堡(南关街店),该商户暂无星级,http://www.dianping.com/shop/110957418/review,
313,阿堡仔,112630929,ABZ阿堡仔,该商户暂无星级,http://www.dianping.com/shop/112630929/review,
321,阿堡仔,69285468,阿堡仔炸鸡汉堡,准四星商户,http://www.dianping.com/shop/69285468#comment,
321,阿堡仔,122316086,阿堡仔炸鸡汉堡(富宁街店),该商户暂无星级,http://www.dianping.com/shop/122316086/review,
325,阿堡仔,127113658,阿堡仔炸鸡汉堡,该商户暂无星级,http://www.dianping.com/shop/127113658/review,
344,阿堡仔,104883686,阿堡仔炸鸡汉堡(东风路店),二星商户,http://www.dianping.com/shop/104883686#comment,
344,阿堡仔,96392599,阿堡仔炸鸡汉堡(万境水岸店),该商户暂无星级,http://www.dianping.com/shop/96392599/review,
351,阿堡仔,97433173,阿堡仔炸鸡汉堡,准四星商户,http://www.dianping.com/shop/97433173#comment,
351,阿堡仔,98016919,炸鸡汉堡阿堡仔,该商户暂无星级,http://www.dianping.com/shop/98016919/review,
