2,功夫鸡排,129219995,功夫鸡排(大麦坊美食城),该商户暂无星级,http://www.dianping.com/shop/129219995/review,
3,功夫鸡排,66071864,李功夫中华鸡排店,准四星商户,http://www.dianping.com/shop/66071864#comment,
3,功夫鸡排,67235501,李功夫中华鸡排(寿昌店),三星商户,http://www.dianping.com/shop/67235501#comment,
3,功夫鸡排,59419733,李功夫中华鸡排,准四星商户,http://www.dianping.com/shop/59419733#comment,
3,功夫鸡排,67044509,李功夫中华鸡排(靖江店),三星商户,http://www.dianping.com/shop/67044509/review,
3,功夫鸡排,69326875,李功夫中华鸡排(新华店),准四星商户,http://www.dianping.com/shop/69326875#comment,
4,功夫鸡排,58680964,李功夫中华鸡排(赤沙店),准四星商户,http://www.dianping.com/shop/58680964#comment,
4,功夫鸡排,95289559,李功夫中华鸡排,该商户暂无星级,http://www.dianping.com/shop/95289559/review,
5,功夫鸡排,69004568,李功夫中华鸡排,该商户暂无星级,http://www.dianping.com/shop/69004568#comment,歇业/关闭
6,功夫鸡排,27492262,李功夫中华鸡排,准四星商户,http://www.dianping.com/shop/27492262#comment,歇业/关闭
6,功夫鸡排,58523280,李功夫中华鸡排(小康村店),准四星商户,http://www.dianping.com/shop/58523280#comment,
7,功夫鸡排,96715741,李功夫中华鸡排(南联店),准四星商户,http://www.dianping.com/shop/96715741#comment,
7,功夫鸡排,111556282,李功夫中华鸡排鸡翅包饭(龙华店),该商户暂无星级,http://www.dianping.com/shop/111556282/review,歇业/关闭
7,功夫鸡排,100901498,李功夫中华鸡排,该商户暂无星级,http://www.dianping.com/shop/100901498/review,歇业/关闭
8,功夫鸡排,90064367,功夫炸鸡排,准四星商户,http://www.dianping.com/shop/90064367#comment,
8,功夫鸡排,100388610,功夫大鸡排,该商户暂无星级,http://www.dianping.com/shop/100388610/review,
8,功夫鸡排,128423958,真功夫乐滋鸡排,该商户暂无星级,http://www.dianping.com/shop/128423958/review,
9,功夫鸡排,101899164,功夫鸡排饭,该商户暂无星级,http://www.dianping.com/shop/101899164/review,
9,功夫鸡排,67878413,李功夫中华鸡排,该商户暂无星级,http://www.dianping.com/shop/67878413/review,
16,功夫鸡排,65361102,李功夫中华鸡排(阳逻店),准四星商户,http://www.dianping.com/shop/65361102#comment,
17,功夫鸡排,21759325,功夫鸡排饭,准四星商户,http://www.dianping.com/shop/21759325#comment,
17,功夫鸡排,69183119,功夫黄金脆皮鸡排饭,三星商户,http://www.dianping.com/shop/69183119#comment,
17,功夫鸡排,32302540,功夫鸡排饭,三星商户,http://www.dianping.com/shop/32302540#comment,
17,功夫鸡排,90054826,功夫鸡排饭,该商户暂无星级,http://www.dianping.com/shop/90054826#comment,歇业/关闭
17,功夫鸡排,69083964,李功夫中华鸡排店,该商户暂无星级,http://www.dianping.com/shop/69083964/review,
17,功夫鸡排,27456534,功夫鸡排饭,该商户暂无星级,http://www.dianping.com/shop/27456534/review,
17,功夫鸡排,113047651,功夫部落鸡排,该商户暂无星级,http://www.dianping.com/shop/113047651/review,歇业/关闭
18,功夫鸡排,18972968,无名缘米粉功夫大鸡排(长白店),准四星商户,http://www.dianping.com/shop/18972968#comment,
18,功夫鸡排,68109597,李功夫中华鸡排,三星商户,http://www.dianping.com/shop/68109597#comment,
22,功夫鸡排,69653086,功夫鸡排,该商户暂无星级,http://www.dianping.com/shop/69653086/review,
24,功夫鸡排,50582921,功夫大鸡排,准四星商户,http://www.dianping.com/shop/50582921#comment,
24,功夫鸡排,40386019,功夫大鸡排,该商户暂无星级,http://www.dianping.com/shop/40386019/review,
24,功夫鸡排,129219692,爆脾气功夫鸡排,该商户暂无星级,http://www.dianping.com/shop/129219692/review,
25,功夫鸡排,80613941,爆脾气功夫鸡排,准四星商户,http://www.dianping.com/shop/80613941#comment,
25,功夫鸡排,125243576,真功夫鸡排,该商户暂无星级,http://www.dianping.com/shop/125243576#comment,歇业/关闭
27,功夫鸡排,94702568,功夫部落鸡排(马头店),该商户暂无星级,http://www.dianping.com/shop/94702568#comment,
29,功夫鸡排,111865843,李功夫中华鸡排,该商户暂无星级,http://www.dianping.com/shop/111865843/review,
32,功夫鸡排,121833794,爆脾气功夫鸡排,准四星商户,http://www.dianping.com/shop/121833794#comment,
32,功夫鸡排,69464886,功夫鸡排,准四星商户,http://www.dianping.com/shop/69464886#comment,
32,功夫鸡排,90444192,爆脾气功夫鸡排(献县店),准四星商户,http://www.dianping.com/shop/90444192#comment,
32,功夫鸡排,95397823,功夫鸡脆皮鸡排饭,该商户暂无星级,http://www.dianping.com/shop/95397823/review,
32,功夫鸡排,125360617,爆脾气功夫鸡排鸡排大串鱿鱼小吃,该商户暂无星级,http://www.dianping.com/shop/125360617/review,
38,功夫鸡排,58651673,李功夫中华鸡排,准四星商户,http://www.dianping.com/shop/58651673#comment,
39,功夫鸡排,69090954,李功夫中华鸡排,三星商户,http://www.dianping.com/shop/69090954#comment,
39,功夫鸡排,97706773,李功夫中华鸡排,该商户暂无星级,http://www.dianping.com/shop/97706773/review,
39,功夫鸡排,75129283,李功夫中华鸡排(端氏店),该商户暂无星级,http://www.dianping.com/shop/75129283/review,
39,功夫鸡排,72473129,李功夫中华鸡排,该商户暂无星级,http://www.dianping.com/shop/72473129/review,
39,功夫鸡排,112122742,李功夫中华鸡排,该商户暂无星级,http://www.dianping.com/shop/112122742/review,歇业/关闭
49,功夫鸡排,68223878,功夫鸡排,四星商户,http://www.dianping.com/shop/68223878#comment,
58,功夫鸡排,15946977,功夫鸡排(景子街店),准五星商户,http://www.dianping.com/shop/15946977#comment,
58,功夫鸡排,18343496,功夫鸡排(新元高中店),四星商户,http://www.dianping.com/shop/18343496#comment,
58,功夫鸡排,32577404,功夫鸡排(3中店),准四星商户,http://www.dianping.com/shop/32577404#comment,
80,功夫鸡排,45487366,鑫功夫大鸡排,该商户暂无星级,http://www.dianping.com/shop/45487366/review,
84,功夫鸡排,92096004,奥尔良功夫鸡排饭,三星商户,http://www.dianping.com/shop/92096004#comment,
94,功夫鸡排,105556490,李功夫中华鸡排(幸福001店),该商户暂无星级,http://www.dianping.com/shop/105556490/review,
95,功夫鸡排,95354619,鸡功夫(鸡排、汉堡、油炸小吃),准四星商户,http://www.dianping.com/shop/95354619#comment,
97,功夫鸡排,80544893,鸡功夫炸鸡鸡排(富康美食街店),该商户暂无星级,http://www.dianping.com/shop/80544893#comment,歇业/关闭
99,功夫鸡排,67112833,李功夫中华鸡排,该商户暂无星级,http://www.dianping.com/shop/67112833/review,
100,功夫鸡排,94301575,李功夫中华鸡排(实验中学店),准四星商户,http://www.dianping.com/shop/94301575#comment,
100,功夫鸡排,67472591,李功夫中华鸡排,准四星商户,http://www.dianping.com/shop/67472591#comment,
100,功夫鸡排,66892160,李功夫中华鸡排,准四星商户,http://www.dianping.com/shop/66892160#comment,
100,功夫鸡排,99596881,李功夫中华鸡排,该商户暂无星级,http://www.dianping.com/shop/99596881/review,
105,功夫鸡排,69450024,李功夫中华鸡排,准四星商户,http://www.dianping.com/shop/69450024#comment,
105,功夫鸡排,90476029,李功夫中华鸡排,准四星商户,http://www.dianping.com/shop/90476029#comment,歇业/关闭
105,功夫鸡排,71144853,李功夫中华鸡排,三星商户,http://www.dianping.com/shop/71144853/review,
105,功夫鸡排,65693875,李功夫中华鸡排,该商户暂无星级,http://www.dianping.com/shop/65693875/review,
106,功夫鸡排,73395195,李功夫中华鸡排,该商户暂无星级,http://www.dianping.com/shop/73395195/review,
108,功夫鸡排,72506487,李功夫(中华鸡排),该商户暂无星级,http://www.dianping.com/shop/72506487/review,
117,功夫鸡排,69874156,李功夫中华鸡排,该商户暂无星级,http://www.dianping.com/shop/69874156/review,
117,功夫鸡排,73169386,李功夫中华鸡排,该商户暂无星级,http://www.dianping.com/shop/73169386/review,
120,功夫鸡排,57767663,李功夫中华鸡排,准四星商户,http://www.dianping.com/shop/57767663#comment,
134,功夫鸡排,74093292,李功夫中华鸡排,该商户暂无星级,http://www.dianping.com/shop/74093292/review,歇业/关闭
134,功夫鸡排,74622067,李功夫中华鸡排,该商户暂无星级,http://www.dianping.com/shop/74622067/review,
138,功夫鸡排,58943438,李功夫中华鸡排,准四星商户,http://www.dianping.com/shop/58943438#comment,
140,功夫鸡排,66802584,李功夫中华鸡排,准四星商户,http://www.dianping.com/shop/66802584#comment,
140,功夫鸡排,67758598,李功夫中华鸡排,准四星商户,http://www.dianping.com/shop/67758598#comment,
140,功夫鸡排,66855781,李功夫中华鸡排,准四星商户,http://www.dianping.com/shop/66855781#comment,
140,功夫鸡排,66881612,李功夫中华鸡排,该商户暂无星级,http://www.dianping.com/shop/66881612/review,
141,功夫鸡排,65044632,李功夫中华鸡排,该商户暂无星级,http://www.dianping.com/shop/65044632/review,
144,功夫鸡排,90589637,李功夫中华鸡排,该商户暂无星级,http://www.dianping.com/shop/90589637/review,
146,功夫鸡排,113772763,爆脾气功夫鸡排,准四星商户,http://www.dianping.com/shop/113772763#comment,
146,功夫鸡排,70433594,李功夫大鸡排,准四星商户,http://www.dianping.com/shop/70433594#comment,
150,功夫鸡排,96550015,李功夫大鸡排(理工店),三星商户,http://www.dianping.com/shop/96550015#comment,
150,功夫鸡排,120030857,功夫炸鸡排,该商户暂无星级,http://www.dianping.com/shop/120030857/review,歇业/关闭
151,功夫鸡排,107981281,李功夫中华鸡排,三星商户,http://www.dianping.com/shop/107981281#comment,
154,功夫鸡排,97090913,功夫鸡排,该商户暂无星级,http://www.dianping.com/shop/97090913/review,
154,功夫鸡排,114518560,爆脾气功夫鸡排(世纪城店),该商户暂无星级,http://www.dianping.com/shop/114518560/review,
155,功夫鸡排,76082119,功夫鸡排,三星商户,http://www.dianping.com/shop/76082119#comment,
155,功夫鸡排,102327713,暴脾气功夫鸡排,该商户暂无星级,http://www.dianping.com/shop/102327713/review,
155,功夫鸡排,96246882,功夫鸡排,该商户暂无星级,http://www.dianping.com/shop/96246882/review,
155,功夫鸡排,124302755,功夫鸡排,该商户暂无星级,http://www.dianping.com/shop/124302755#comment,
155,功夫鸡排,121857821,爆脾气功夫鸡排,该商户暂无星级,http://www.dianping.com/shop/121857821/review,
157,功夫鸡排,97450166,暴脾气功夫鸡排(女人街店),准四星商户,http://www.dianping.com/shop/97450166#comment,
157,功夫鸡排,93551816,功夫鸡排,三星商户,http://www.dianping.com/shop/93551816#comment,
157,功夫鸡排,126946466,功夫鸡排,该商户暂无星级,http://www.dianping.com/shop/126946466/review,
157,功夫鸡排,98034309,功夫鸡排,该商户暂无星级,http://www.dianping.com/shop/98034309/review,
157,功夫鸡排,102481716,爆脾气功夫鸡排(齐韩店),该商户暂无星级,http://www.dianping.com/shop/102481716/review,
157,功夫鸡排,92157605,爆脾气功夫鸡排(聊大西校店),该商户暂无星级,http://www.dianping.com/shop/92157605/review,
160,功夫鸡排,98376953,暴脾气功夫鸡排(南阳路店),准四星商户,http://www.dianping.com/shop/98376953#comment,
160,功夫鸡排,67956937,李功夫鸡排,该商户暂无星级,http://www.dianping.com/shop/67956937#comment,歇业/关闭
160,功夫鸡排,110370053,鸡功夫鸡排,该商户暂无星级,http://www.dianping.com/shop/110370053/review,
160,功夫鸡排,98426718,爆脾气功夫鸡排(南阳路店),该商户暂无星级,http://www.dianping.com/shop/98426718/review,
160,功夫鸡排,97510562,功夫鸡排(沙窝李店),该商户暂无星级,http://www.dianping.com/shop/97510562/review,
160,功夫鸡排,110384777,功夫鸡排,该商户暂无星级,http://www.dianping.com/shop/110384777#comment,
160,功夫鸡排,128677375,功夫鸡排(行云路),该商户暂无星级,http://www.dianping.com/shop/128677375/review,
160,功夫鸡排,127282792,爆脾气功夫鸡排,该商户暂无星级,http://www.dianping.com/shop/127282792/review,
160,功夫鸡排,113951246,功夫鸡排,该商户暂无星级,http://www.dianping.com/shop/113951246#comment,
160,功夫鸡排,110737344,暴脾气功夫鸡排,该商户暂无星级,http://www.dianping.com/shop/110737344/review,
160,功夫鸡排,126556077,爆脾气功夫鸡排,该商户暂无星级,http://www.dianping.com/shop/126556077/review,
160,功夫鸡排,124329642,暴脾气功夫鸡排,该商户暂无星级,http://www.dianping.com/shop/124329642/review,
161,功夫鸡排,68279675,李功夫中华鸡排,该商户暂无星级,http://www.dianping.com/shop/68279675/review,
162,功夫鸡排,68952447,功夫鸡排饭,三星商户,http://www.dianping.com/shop/68952447#comment,
164,功夫鸡排,74572380,李功夫中华鸡排,该商户暂无星级,http://www.dianping.com/shop/74572380#comment,歇业/关闭
164,功夫鸡排,73407309,李功夫中华鸡排,该商户暂无星级,http://www.dianping.com/shop/73407309/review,
164,功夫鸡排,77346766,李功夫中华鸡排(政东路店),该商户暂无星级,http://www.dianping.com/shop/77346766/review,
165,功夫鸡排,91034645,爆脾气功夫鸡排,准四星商户,http://www.dianping.com/shop/91034645#comment,
167,功夫鸡排,107162968,爆脾气功夫鸡排,准四星商户,http://www.dianping.com/shop/107162968#comment,
168,功夫鸡排,112048460,功夫鸡排,准四星商户,http://www.dianping.com/shop/112048460#comment,
168,功夫鸡排,97810204,功夫鸡排,该商户暂无星级,http://www.dianping.com/shop/97810204#comment,歇业/关闭
168,功夫鸡排,102434393,功夫鸡排,该商户暂无星级,http://www.dianping.com/shop/102434393/review,
168,功夫鸡排,124946086,功夫鸡排,该商户暂无星级,http://www.dianping.com/shop/124946086/review,
168,功夫鸡排,90088628,功夫鸡排,该商户暂无星级,http://www.dianping.com/shop/90088628/review,
168,功夫鸡排,108326443,功夫鸡排,该商户暂无星级,http://www.dianping.com/shop/108326443/review,
168,功夫鸡排,128064152,爆脾气功夫鸡排,该商户暂无星级,http://www.dianping.com/shop/128064152/review,
168,功夫鸡排,94309121,功夫鸡排,该商户暂无星级,http://www.dianping.com/shop/94309121/review,歇业/关闭
170,功夫鸡排,103912636,爆脾气功夫鸡排,准四星商户,http://www.dianping.com/shop/103912636#comment,
170,功夫鸡排,122186317,暴脾气功夫鸡排(东大街店),该商户暂无星级,http://www.dianping.com/shop/122186317/review,
171,功夫鸡排,126701742,李功夫中华鸡排,该商户暂无星级,http://www.dianping.com/shop/126701742/review,
173,功夫鸡排,110392586,功夫鸡排,四星商户,http://www.dianping.com/shop/110392586#comment,
173,功夫鸡排,90382737,功夫鸡排,该商户暂无星级,http://www.dianping.com/shop/90382737#comment,歇业/关闭
173,功夫鸡排,96361931,功夫鸡排,该商户暂无星级,http://www.dianping.com/shop/96361931/review,
173,功夫鸡排,93907822,李功夫鸡排啊,该商户暂无星级,http://www.dianping.com/shop/93907822/review,
173,功夫鸡排,90545491,功夫鸡排,该商户暂无星级,http://www.dianping.com/shop/90545491/review,
173,功夫鸡排,113877778,爆脾气功夫鸡排,该商户暂无星级,http://www.dianping.com/shop/113877778/review,
173,功夫鸡排,110023632,功夫鸡排,该商户暂无星级,http://www.dianping.com/shop/110023632#comment,歇业/关闭
173,功夫鸡排,120368925,爆脾气功夫鸡排(袁山店),该商户暂无星级,http://www.dianping.com/shop/120368925/review,
174,功夫鸡排,67681962,李功夫中华鸡排,该商户暂无星级,http://www.dianping.com/shop/67681962/review,
175,功夫鸡排,66869134,李功夫中华鸡排,准四星商户,http://www.dianping.com/shop/66869134#comment,
175,功夫鸡排,75119830,郸城县功夫鸡排小吃店,该商户暂无星级,http://www.dianping.com/shop/75119830/review,
175,功夫鸡排,93825880,功夫大脸鸡排总店,该商户暂无星级,http://www.dianping.com/shop/93825880/review,
177,功夫鸡排,96560666,李功夫鸡排,该商户暂无星级,http://www.dianping.com/shop/96560666/review,
177,功夫鸡排,83591370,功夫鸡排,该商户暂无星级,http://www.dianping.com/shop/83591370/review,
177,功夫鸡排,123753112,爆脾气功夫鸡排,该商户暂无星级,http://www.dianping.com/shop/123753112/review,
178,功夫鸡排,102370372,功夫鸡排,该商户暂无星级,http://www.dianping.com/shop/102370372/review,
178,功夫鸡排,102310477,爆脾气功夫鸡排,该商户暂无星级,http://www.dianping.com/shop/102310477/review,
178,功夫鸡排,102342371,功夫鸡排,该商户暂无星级,http://www.dianping.com/shop/102342371/review,
178,功夫鸡排,79231300,李功夫中华鸡排,该商户暂无星级,http://www.dianping.com/shop/79231300/review,
178,功夫鸡排,110642660,爆脾气功夫鸡排,该商户暂无星级,http://www.dianping.com/shop/110642660/review,
178,功夫鸡排,120149281,功夫鸡排(郑家巷店),该商户暂无星级,http://www.dianping.com/shop/120149281/review,
179,功夫鸡排,72476147,李功夫中华鸡排,该商户暂无星级,http://www.dianping.com/shop/72476147/review,
179,功夫鸡排,69408882,李功夫中华鸡排(气象局店),该商户暂无星级,http://www.dianping.com/shop/69408882/review,
180,功夫鸡排,66729546,李功夫中华鸡排(八一路店),准四星商户,http://www.dianping.com/shop/66729546#comment,
180,功夫鸡排,98539323,功夫鸡排,该商户暂无星级,http://www.dianping.com/shop/98539323#comment,歇业/关闭
180,功夫鸡排,79602333,功夫鸡排,该商户暂无星级,http://www.dianping.com/shop/79602333/review,
180,功夫鸡排,113890002,功夫鸡排,该商户暂无星级,http://www.dianping.com/shop/113890002/review,歇业/关闭
182,功夫鸡排,67211129,李功夫中华鸡排,该商户暂无星级,http://www.dianping.com/shop/67211129/review,
183,功夫鸡排,102197783,功夫小子鸡排,该商户暂无星级,http://www.dianping.com/shop/102197783/review,
183,功夫鸡排,102349216,李功夫鸡排,该商户暂无星级,http://www.dianping.com/shop/102349216/review,
192,功夫鸡排,69233052,李功夫中华鸡排(一食堂店),准四星商户,http://www.dianping.com/shop/69233052#comment,
196,功夫鸡排,77496421,李功夫中华鸡排(长寿店),该商户暂无星级,http://www.dianping.com/shop/77496421/review,
199,功夫鸡排,107761333,功夫鸡排(外贸店),该商户暂无星级,http://www.dianping.com/shop/107761333/review,
199,功夫鸡排,110402869,暴脾气功夫鸡排(美大店),该商户暂无星级,http://www.dianping.com/shop/110402869/review,
200,功夫鸡排,92789695,功夫鸡排,三星商户,http://www.dianping.com/shop/92789695#comment,
201,功夫鸡排,127771390,李功夫中华鸡排,该商户暂无星级,http://www.dianping.com/shop/127771390/review,
205,功夫鸡排,90399841,功夫鸡排,准四星商户,http://www.dianping.com/shop/90399841#comment,
211,功夫鸡排,90475389,李功夫中华鸡排(一中店),准四星商户,http://www.dianping.com/shop/90475389#comment,
211,功夫鸡排,45338104,李功夫中华鸡排,该商户暂无星级,http://www.dianping.com/shop/45338104#comment,歇业/关闭
211,功夫鸡排,79627653,李功夫中华鸡排(三中店),准四星商户,http://www.dianping.com/shop/79627653#comment,
211,功夫鸡排,91595697,李功夫中华鸡排(实验中学店),该商户暂无星级,http://www.dianping.com/shop/91595697/review,
213,功夫鸡排,95027441,功夫鸡排(花样年别样城店),三星商户,http://www.dianping.com/shop/95027441#comment,
213,功夫鸡排,65325821,李功夫中华鸡排,三星商户,http://www.dianping.com/shop/65325821#comment,
213,功夫鸡排,122120663,爆脾气功夫鸡排,该商户暂无星级,http://www.dianping.com/shop/122120663/review,
214,功夫鸡排,77318912,李功夫中华鸡排,该商户暂无星级,http://www.dianping.com/shop/77318912/review,
220,功夫鸡排,120083442,功夫鸡排,该商户暂无星级,http://www.dianping.com/shop/120083442/review,
221,功夫鸡排,122504815,爆脾气功夫鸡排,该商户暂无星级,http://www.dianping.com/shop/122504815/review,
224,功夫鸡排,101939268,爆脾气功夫鸡排,该商户暂无星级,http://www.dianping.com/shop/101939268/review,
224,功夫鸡排,91923703,李功夫鸡排,该商户暂无星级,http://www.dianping.com/shop/91923703/review,
224,功夫鸡排,96550927,功夫鸡排,该商户暂无星级,http://www.dianping.com/shop/96550927/review,歇业/关闭
228,功夫鸡排,76087594,功夫鸡排,准四星商户,http://www.dianping.com/shop/76087594#comment,
228,功夫鸡排,101848413,功夫鸡排,该商户暂无星级,http://www.dianping.com/shop/101848413/review,歇业/关闭
233,功夫鸡排,95439048,功夫鸡排,三星商户,http://www.dianping.com/shop/95439048#comment,
233,功夫鸡排,98927678,爆脾气功夫鸡排,该商户暂无星级,http://www.dianping.com/shop/98927678/review,
234,功夫鸡排,112250866,功夫鸡排,该商户暂无星级,http://www.dianping.com/shop/112250866/review,
235,功夫鸡排,110654287,功夫鸡排,该商户暂无星级,http://www.dianping.com/shop/110654287/review,
240,功夫鸡排,93931280,功夫鸡排(外国语店),该商户暂无星级,http://www.dianping.com/shop/93931280/review,
240,功夫鸡排,93183902,功夫鸡排,该商户暂无星级,http://www.dianping.com/shop/93183902/review,
240,功夫鸡排,93931107,功夫鸡排(三星街店),该商户暂无星级,http://www.dianping.com/shop/93931107/review,
240,功夫鸡排,93264759,功夫鸡排(纳溪店),该商户暂无星级,http://www.dianping.com/shop/93264759/review,
241,功夫鸡排,90304571,功夫鸡排,三星商户,http://www.dianping.com/shop/90304571#comment,
242,功夫鸡排,95983991,第1佳功夫大鸡排,该商户暂无星级,http://www.dianping.com/shop/95983991/review,
243,功夫鸡排,121899207,功夫鸡排,准四星商户,http://www.dianping.com/shop/121899207#comment,
244,功夫鸡排,63231876,李功夫中华鸡排,准四星商户,http://www.dianping.com/shop/63231876#comment,
247,功夫鸡排,69005891,李功夫中华鸡排连锁店,准四星商户,http://www.dianping.com/shop/69005891#comment,
248,功夫鸡排,73589682,李功夫中华鸡排,该商户暂无星级,http://www.dianping.com/shop/73589682/review,
249,功夫鸡排,65736642,李功夫中华鸡排,准四星商户,http://www.dianping.com/shop/65736642#comment,
249,功夫鸡排,77463829,李功夫中华鸡排,三星商户,http://www.dianping.com/shop/77463829#comment,
250,功夫鸡排,111530122,暴脾气功夫鸡排,该商户暂无星级,http://www.dianping.com/shop/111530122/review,
251,功夫鸡排,80873683,李功夫鸡排,准四星商户,http://www.dianping.com/shop/80873683#comment,
251,功夫鸡排,96017627,功夫鸡排,该商户暂无星级,http://www.dianping.com/shop/96017627/review,
251,功夫鸡排,90919724,功夫鸡排,该商户暂无星级,http://www.dianping.com/shop/90919724/review,
258,功夫鸡排,100168549,叼嘴一族功夫大鸡排,该商户暂无星级,http://www.dianping.com/shop/100168549/review,
259,功夫鸡排,69468940,李功夫中华鸡排,准四星商户,http://www.dianping.com/shop/69468940#comment,
259,功夫鸡排,111772056,暴脾气功夫鸡排,该商户暂无星级,http://www.dianping.com/shop/111772056/review,
260,功夫鸡排,103676026,爆脾气功夫鸡排(南白店),该商户暂无星级,http://www.dianping.com/shop/103676026/review,
260,功夫鸡排,98000685,爆脾气功夫鸡排,该商户暂无星级,http://www.dianping.com/shop/98000685/review,
260,功夫鸡排,93461071,暴脾气功夫鸡排,该商户暂无星级,http://www.dianping.com/shop/93461071/review,
260,功夫鸡排,92860367,李功夫鸡排,该商户暂无星级,http://www.dianping.com/shop/92860367/review,
260,功夫鸡排,97464825,暴脾气功夫鸡排,该商户暂无星级,http://www.dianping.com/shop/97464825/review,
260,功夫鸡排,106030277,李功夫中华鸡排(桐梓店),该商户暂无星级,http://www.dianping.com/shop/106030277/review,
260,功夫鸡排,92486621,功夫鸡排,该商户暂无星级,http://www.dianping.com/shop/92486621/review,
267,功夫鸡排,114245595,功夫鸡排,该商户暂无星级,http://www.dianping.com/shop/114245595/review,歇业/关闭
268,功夫鸡排,75158286,功夫鸡排,准四星商户,http://www.dianping.com/shop/75158286#comment,
268,功夫鸡排,93363803,功夫鸡排,准四星商户,http://www.dianping.com/shop/93363803#comment,
268,功夫鸡排,104643769,爆脾气功夫鸡排(宣威五中店),该商户暂无星级,http://www.dianping.com/shop/104643769#comment,
268,功夫鸡排,108351734,爆脾气功夫鸡排(八中店),该商户暂无星级,http://www.dianping.com/shop/108351734/review,
268,功夫鸡排,90385007,功夫鸡排,该商户暂无星级,http://www.dianping.com/shop/90385007/review,
268,功夫鸡排,97324906,李功夫鸡排,该商户暂无星级,http://www.dianping.com/shop/97324906/review,
270,功夫鸡排,91999679,功夫鸡排,该商户暂无星级,http://www.dianping.com/shop/91999679#comment,歇业/关闭
271,功夫鸡排,98200679,爆脾气功夫鸡排,该商户暂无星级,http://www.dianping.com/shop/98200679/review,
271,功夫鸡排,93689823,李功夫鸡排,该商户暂无星级,http://www.dianping.com/shop/93689823/review,
271,功夫鸡排,122110424,暴脾气功夫鸡排,该商户暂无星级,http://www.dianping.com/shop/122110424/review,
279,功夫鸡排,77601676,李功夫中华鸡排,该商户暂无星级,http://www.dianping.com/shop/77601676/review,
283,功夫鸡排,97886338,爆脾气功夫鸡排,该商户暂无星级,http://www.dianping.com/shop/97886338/review,
283,功夫鸡排,122390410,暴脾气功夫鸡排,该商户暂无星级,http://www.dianping.com/shop/122390410/review,
283,功夫鸡排,120155720,功夫鸡排,该商户暂无星级,http://www.dianping.com/shop/120155720/review,
291,功夫鸡排,110851560,功夫鸡排,该商户暂无星级,http://www.dianping.com/shop/110851560#comment,
292,功夫鸡排,67489975,李功夫中华鸡排,准四星商户,http://www.dianping.com/shop/67489975#comment,
292,功夫鸡排,69196422,李功夫中华鸡排,该商户暂无星级,http://www.dianping.com/shop/69196422/review,
293,功夫鸡排,102180888,功夫鸡排(万达店),准四星商户,http://www.dianping.com/shop/102180888#comment,
293,功夫鸡排,96083993,功夫鸡排,准四星商户,http://www.dianping.com/shop/96083993#comment,
293,功夫鸡排,98432102,功夫鸡排,该商户暂无星级,http://www.dianping.com/shop/98432102#comment,歇业/关闭
293,功夫鸡排,98493204,暴脾气功夫鸡排,该商户暂无星级,http://www.dianping.com/shop/98493204/review,
293,功夫鸡排,126840450,暴脾气功夫鸡排,该商户暂无星级,http://www.dianping.com/shop/126840450/review,
294,功夫鸡排,94273240,暴脾气功夫鸡排,该商户暂无星级,http://www.dianping.com/shop/94273240/review,
294,功夫鸡排,110286880,功夫鸡排爆脾气,该商户暂无星级,http://www.dianping.com/shop/110286880/review,
294,功夫鸡排,93683535,功夫鸡排,该商户暂无星级,http://www.dianping.com/shop/93683535/review,
294,功夫鸡排,124205750,爆脾气功夫鸡排,该商户暂无星级,http://www.dianping.com/shop/124205750/review,
295,功夫鸡排,111783549,功夫鸡排,准四星商户,http://www.dianping.com/shop/111783549#comment,
295,功夫鸡排,110267101,功夫鸡排,三星商户,http://www.dianping.com/shop/110267101#comment,
295,功夫鸡排,96466563,功夫鸡排,该商户暂无星级,http://www.dianping.com/shop/96466563/review,
295,功夫鸡排,108105448,暴脾气功夫鸡排(桃心岛店),该商户暂无星级,http://www.dianping.com/shop/108105448/review,
295,功夫鸡排,98532775,爆脾气功夫鸡排,该商户暂无星级,http://www.dianping.com/shop/98532775/review,
296,功夫鸡排,124815591,李功夫中华鸡排,该商户暂无星级,http://www.dianping.com/shop/124815591/review,
297,功夫鸡排,90047616,功夫鸡排,准四星商户,http://www.dianping.com/shop/90047616#comment,
297,功夫鸡排,101907114,功夫鸡排欢乐餐厅,准四星商户,http://www.dianping.com/shop/101907114#comment,
298,功夫鸡排,93178388,功夫鸡排,该商户暂无星级,http://www.dianping.com/shop/93178388/review,
299,功夫鸡排,22206309,功夫大鸡排(建工局市场店),四星商户,http://www.dianping.com/shop/22206309#comment,
301,功夫鸡排,91860667,暴脾气功夫鸡排,该商户暂无星级,http://www.dianping.com/shop/91860667/review,
301,功夫鸡排,114481674,功夫鸡排,该商户暂无星级,http://www.dianping.com/shop/114481674/review,
302,功夫鸡排,96276164,功夫鸡排,该商户暂无星级,http://www.dianping.com/shop/96276164/review,
302,功夫鸡排,111588323,爆脾气功夫鸡排,该商户暂无星级,http://www.dianping.com/shop/111588323/review,
303,功夫鸡排,99627651,功夫鸡排,准四星商户,http://www.dianping.com/shop/99627651#comment,
303,功夫鸡排,92324761,爆脾气功夫鸡排,该商户暂无星级,http://www.dianping.com/shop/92324761/review,
303,功夫鸡排,92530460,爆脾气功夫鸡排,该商户暂无星级,http://www.dianping.com/shop/92530460/review,
303,功夫鸡排,125020788,暴脾气功夫鸡排,该商户暂无星级,http://www.dianping.com/shop/125020788/review,
304,功夫鸡排,93397930,功夫鸡排,三星商户,http://www.dianping.com/shop/93397930#comment,
304,功夫鸡排,96601001,功夫鸡排(南关店),该商户暂无星级,http://www.dianping.com/shop/96601001/review,
304,功夫鸡排,108365197,功夫鸡排,该商户暂无星级,http://www.dianping.com/shop/108365197/review,
304,功夫鸡排,127533583,功夫鸡排,该商户暂无星级,http://www.dianping.com/shop/127533583/review,歇业/关闭
305,功夫鸡排,96046760,爆脾气功夫鸡排,三星商户,http://www.dianping.com/shop/96046760#comment,
305,功夫鸡排,123861313,脾气功夫鸡排,该商户暂无星级,http://www.dianping.com/shop/123861313/review,
305,功夫鸡排,123852967,爆脾气功夫鸡排,该商户暂无星级,http://www.dianping.com/shop/123852967/review,
306,功夫鸡排,98256819,功夫鸡排,该商户暂无星级,http://www.dianping.com/shop/98256819#comment,
306,功夫鸡排,121522175,功夫鸡排(解放路店),该商户暂无星级,http://www.dianping.com/shop/121522175/review,
306,功夫鸡排,104708098,爆脾气功夫鸡排,该商户暂无星级,http://www.dianping.com/shop/104708098/review,
306,功夫鸡排,111601561,暴脾气功夫鸡排(旗舰店),该商户暂无星级,http://www.dianping.com/shop/111601561/review,
308,功夫鸡排,126302246,爆脾气功夫鸡排,三星商户,http://www.dianping.com/shop/126302246/review,
308,功夫鸡排,96208854,暴脾气功夫鸡排,该商户暂无星级,http://www.dianping.com/shop/96208854/review,
308,功夫鸡排,127888865,暴脾气功夫鸡排,该商户暂无星级,http://www.dianping.com/shop/127888865/review,
309,功夫鸡排,110432624,李功夫鸡排,准四星商户,http://www.dianping.com/shop/110432624#comment,
309,功夫鸡排,90378100,功夫鸡排,三星商户,http://www.dianping.com/shop/90378100#comment,
309,功夫鸡排,103879118,暴脾气功夫鸡排(东街店),该商户暂无星级,http://www.dianping.com/shop/103879118/review,
309,功夫鸡排,97675202,功夫鸡排(翡翠店),该商户暂无星级,http://www.dianping.com/shop/97675202/review,
309,功夫鸡排,96279091,功夫鸡排,该商户暂无星级,http://www.dianping.com/shop/96279091/review,
309,功夫鸡排,108353754,暴脾气功夫鸡排(三中店),该商户暂无星级,http://www.dianping.com/shop/108353754/review,歇业/关闭
309,功夫鸡排,111496664,爆脾气功夫鸡排,该商户暂无星级,http://www.dianping.com/shop/111496664/review,
309,功夫鸡排,123674381,爆脾气功夫鸡排,该商户暂无星级,http://www.dianping.com/shop/123674381/review,
309,功夫鸡排,124750441,暴脾气功夫鸡排店,该商户暂无星级,http://www.dianping.com/shop/124750441/review,
310,功夫鸡排,104549087,爆脾气功夫鸡排,该商户暂无星级,http://www.dianping.com/shop/104549087/review,
310,功夫鸡排,97888248,功夫鸡排,该商户暂无星级,http://www.dianping.com/shop/97888248/review,
310,功夫鸡排,127653514,爆脾气功夫鸡排,该商户暂无星级,http://www.dianping.com/shop/127653514/review,
310,功夫鸡排,122655734,爆脾气功夫鸡排(两水店),该商户暂无星级,http://www.dianping.com/shop/122655734/review,
323,功夫鸡排,79664679,功夫鸡排,该商户暂无星级,http://www.dianping.com/shop/79664679/review,
325,功夫鸡排,93423308,功夫鸡排,准四星商户,http://www.dianping.com/shop/93423308#comment,
344,功夫鸡排,110525339,功夫鸡排(2751城市广场店),该商户暂无星级,http://www.dianping.com/shop/110525339#comment,歇业/关闭
344,功夫鸡排,69333603,爆脾气功夫鸡排(万家丽mall店),该商户暂无星级,http://www.dianping.com/shop/69333603#comment,歇业/关闭
345,功夫鸡排,98878998,功夫鸡排鸡排、鱿鱼、大串、小吃,准四星商户,http://www.dianping.com/shop/98878998#comment,
394,功夫鸡排,110446146,功夫鸡排,三星商户,http://www.dianping.com/shop/110446146#comment,
394,功夫鸡排,93285311,李功夫鸡排,该商户暂无星级,http://www.dianping.com/shop/93285311/review,
