1,汤姆之家,102035816,汤姆之家,准四星商户,http://www.dianping.com/shop/102035816#comment,
1,汤姆之家,103635052,汤姆之家,三星商户,http://www.dianping.com/shop/103635052#comment,
2,汤姆之家,91037131,汤姆之家,准四星商户,http://www.dianping.com/shop/91037131#comment,
2,汤姆之家,110501526,汤姆之家,准四星商户,http://www.dianping.com/shop/110501526#comment,
2,汤姆之家,93383753,汤姆之家,该商户暂无星级,http://www.dianping.com/shop/93383753/review,歇业/关闭
2,汤姆之家,107369333,汤姆之家(星东天地店),准四星商户,http://www.dianping.com/shop/107369333#comment,
2,汤姆之家,126547251,汤姆之家,该商户暂无星级,http://www.dianping.com/shop/126547251/review,
2,汤姆之家,107496204,汤姆之家,该商户暂无星级,http://www.dianping.com/shop/107496204/review,
2,汤姆之家,97335865,汤姆之家汉堡,该商户暂无星级,http://www.dianping.com/shop/97335865/review,
2,汤姆之家,101950866,汤姆之家炸鸡汉堡,准四星商户,http://www.dianping.com/shop/101950866#comment,
2,汤姆之家,110443327,汤姆之家汉堡,该商户暂无星级,http://www.dianping.com/shop/110443327/review,歇业/关闭
3,汤姆之家,102086305,汤姆之家•炸鸡汉堡饮品,该商户暂无星级,http://www.dianping.com/shop/102086305/review,
3,汤姆之家,95941707,汤姆之家汉堡店,该商户暂无星级,http://www.dianping.com/shop/95941707/review,
3,汤姆之家,97309444,汤姆之家,该商户暂无星级,http://www.dianping.com/shop/97309444/review,
3,汤姆之家,91916924,汤姆之家,三星商户,http://www.dianping.com/shop/91916924#comment,
4,汤姆之家,101223920,汤姆之家(民航职业技术学院),准四星商户,http://www.dianping.com/shop/101223920#comment,
4,汤姆之家,102166124,汤姆之家,准四星商户,http://www.dianping.com/shop/102166124#comment,
4,汤姆之家,107752127,汤姆之家汉堡·炸鸡·饮料(石楼店),准四星商户,http://www.dianping.com/shop/107752127#comment,
4,汤姆之家,113117592,汤姆之家,该商户暂无星级,http://www.dianping.com/shop/113117592/review,
5,汤姆之家,111546560,汤姆之家,该商户暂无星级,http://www.dianping.com/shop/111546560/review,
5,汤姆之家,122149538,汤姆之家(大里聚福城店),准四星商户,http://www.dianping.com/shop/122149538#comment,
5,汤姆之家,122457039,汤姆之家炸鸡饮料,该商户暂无星级,http://www.dianping.com/shop/122457039/review,
5,汤姆之家,120161467,汤姆之家,该商户暂无星级,http://www.dianping.com/shop/120161467/review,
5,汤姆之家,112145051,柠檬工坊十汤姆之家十台湾卤肉饭,该商户暂无星级,http://www.dianping.com/shop/112145051/review,歇业/关闭
6,汤姆之家,112112752,汤姆之家,准四星商户,http://www.dianping.com/shop/112112752#comment,
6,汤姆之家,98573446,汤姆之家汉堡炸鸡饮料,该商户暂无星级,http://www.dianping.com/shop/98573446/review,
6,汤姆之家,111547772,汤姆之家汉堡饮品(花桥店),该商户暂无星级,http://www.dianping.com/shop/111547772/review,
7,汤姆之家,96042752,汤姆之家,准四星商户,http://www.dianping.com/shop/96042752#comment,歇业/关闭
7,汤姆之家,95245307,汤姆之家汉堡炸鸡(颐安店),该商户暂无星级,http://www.dianping.com/shop/95245307/review,
7,汤姆之家,108333454,汤姆之家汉堡,该商户暂无星级,http://www.dianping.com/shop/108333454/review,歇业/关闭
8,汤姆之家,111833834,汤姆之家,该商户暂无星级,http://www.dianping.com/shop/111833834/review,
8,汤姆之家,110115817,汤姆之家,该商户暂无星级,http://www.dianping.com/shop/110115817#comment,
8,汤姆之家,100408586,汤姆之家,该商户暂无星级,http://www.dianping.com/shop/100408586/review,
9,汤姆之家,98836807,汤姆之家炸鸡汉堡,三星商户,http://www.dianping.com/shop/98836807/review,
9,汤姆之家,111806969,汤姆之家,该商户暂无星级,http://www.dianping.com/shop/111806969/review,
9,汤姆之家,92838792,汤姆之家,该商户暂无星级,http://www.dianping.com/shop/92838792/review,
9,汤姆之家,112059783,汤姆之家汉堡,该商户暂无星级,http://www.dianping.com/shop/112059783/review,歇业/关闭
9,汤姆之家,123988641,汤姆之家,该商户暂无星级,http://www.dianping.com/shop/123988641/review,
10,汤姆之家,82337200,汤姆之家,准四星商户,http://www.dianping.com/shop/82337200#comment,
10,汤姆之家,90463395,汤姆之家汉堡店(学府雅居店),该商户暂无星级,http://www.dianping.com/shop/90463395/review,
10,汤姆之家,98988456,汤姆之家(瑞安威尼都店),该商户暂无星级,http://www.dianping.com/shop/98988456/review,
11,汤姆之家,95912039,汤姆之家,该商户暂无星级,http://www.dianping.com/shop/95912039/review,
12,汤姆之家,103600577,汤姆之家,准四星商户,http://www.dianping.com/shop/103600577#comment,
13,汤姆之家,95280316,汤姆之家,三星商户,http://www.dianping.com/shop/95280316#comment,
13,汤姆之家,98186055,汤姆之家,该商户暂无星级,http://www.dianping.com/shop/98186055#comment,歇业/关闭
13,汤姆之家,98776563,汤姆之家·汉堡炸鸡饮料,该商户暂无星级,http://www.dianping.com/shop/98776563/review,
13,汤姆之家,98609541,汤姆之家,该商户暂无星级,http://www.dianping.com/shop/98609541/review,
13,汤姆之家,76939253,汤姆之家,该商户暂无星级,http://www.dianping.com/shop/76939253/review,
14,汤姆之家,99792187,汤姆之家,准四星商户,http://www.dianping.com/shop/99792187#comment,
14,汤姆之家,97744308,汤姆之家,该商户暂无星级,http://www.dianping.com/shop/97744308/review,
14,汤姆之家,93575113,汤姆之家,该商户暂无星级,http://www.dianping.com/shop/93575113/review,
14,汤姆之家,98471762,汤姆之家,该商户暂无星级,http://www.dianping.com/shop/98471762/review,
14,汤姆之家,91079365,汤姆之家(后山店),该商户暂无星级,http://www.dianping.com/shop/91079365/review,
15,汤姆之家,92032087,汤姆之家汉堡,准四星商户,http://www.dianping.com/shop/92032087#comment,
15,汤姆之家,98572871,汤姆之家,三星商户,http://www.dianping.com/shop/98572871#comment,
15,汤姆之家,111979823,汤姆之家,该商户暂无星级,http://www.dianping.com/shop/111979823/review,
15,汤姆之家,114461209,汤姆之家(黎安小镇店),该商户暂无星级,http://www.dianping.com/shop/114461209/review,
15,汤姆之家,91601299,汤姆之家,该商户暂无星级,http://www.dianping.com/shop/91601299/review,
15,汤姆之家,97491990,汤姆之家(下堡路店),准四星商户,http://www.dianping.com/shop/97491990#comment,
15,汤姆之家,110523445,汤姆之家,三星商户,http://www.dianping.com/shop/110523445#comment,
15,汤姆之家,111521390,汤姆之家汉堡店,三星商户,http://www.dianping.com/shop/111521390/review,
17,汤姆之家,107969828,汤姆之家,该商户暂无星级,http://www.dianping.com/shop/107969828#comment,
17,汤姆之家,98371719,汤姆之家,准四星商户,http://www.dianping.com/shop/98371719#comment,
17,汤姆之家,96583206,汤姆之家,准四星商户,http://www.dianping.com/shop/96583206#comment,
17,汤姆之家,128694354,汤姆之家,该商户暂无星级,http://www.dianping.com/shop/128694354/review,
17,汤姆之家,97659114,汤姆之家,该商户暂无星级,http://www.dianping.com/shop/97659114/review,
17,汤姆之家,129147917,汤姆之家,该商户暂无星级,http://www.dianping.com/shop/129147917/review,
17,汤姆之家,68395819,汤姆之家,该商户暂无星级,http://www.dianping.com/shop/68395819/review,
17,汤姆之家,123761923,汤姆之家,该商户暂无星级,http://www.dianping.com/shop/123761923/review,
18,汤姆之家,98059609,汤姆之家(黎明广场店),准四星商户,http://www.dianping.com/shop/98059609#comment,
18,汤姆之家,97716452,汤姆之家,准四星商户,http://www.dianping.com/shop/97716452#comment,
18,汤姆之家,92960733,汤姆之家汉堡炸鸡饮料,准四星商户,http://www.dianping.com/shop/92960733#comment,
18,汤姆之家,107770837,汤姆之家,准四星商户,http://www.dianping.com/shop/107770837#comment,
18,汤姆之家,92365239,汤姆之家汉堡店,准四星商户,http://www.dianping.com/shop/92365239#comment,
18,汤姆之家,108061611,汤姆之家炸鸡汉堡店,准四星商户,http://www.dianping.com/shop/108061611#comment,
18,汤姆之家,98796327,丫丫汤姆之家,三星商户,http://www.dianping.com/shop/98796327/review,歇业/关闭
18,汤姆之家,92028857,汤姆之家,准四星商户,http://www.dianping.com/shop/92028857#comment,
18,汤姆之家,91641113,汤姆之家(三好街店),准四星商户,http://www.dianping.com/shop/91641113#comment,
18,汤姆之家,95919893,汤姆之家汉堡店,该商户暂无星级,http://www.dianping.com/shop/95919893/review,歇业/关闭
18,汤姆之家,113157470,汤姆之家,准四星商户,http://www.dianping.com/shop/113157470#comment,
18,汤姆之家,96306719,汤姆之家(联合路店),准四星商户,http://www.dianping.com/shop/96306719#comment,
18,汤姆之家,76981187,汤姆之家,准四星商户,http://www.dianping.com/shop/76981187#comment,
18,汤姆之家,97430826,汤姆之家(北行店),准四星商户,http://www.dianping.com/shop/97430826#comment,
18,汤姆之家,93471492,汤姆之家炸鸡汉堡,准四星商户,http://www.dianping.com/shop/93471492#comment,
18,汤姆之家,96256831,汤姆之家汉堡店,该商户暂无星级,http://www.dianping.com/shop/96256831/review,
18,汤姆之家,114889513,汤姆之家,该商户暂无星级,http://www.dianping.com/shop/114889513/review,
18,汤姆之家,97319810,汤姆之家汉堡炸鸡披萨,该商户暂无星级,http://www.dianping.com/shop/97319810/review,
18,汤姆之家,92347757,汤姆之家,该商户暂无星级,http://www.dianping.com/shop/92347757/review,
18,汤姆之家,97702019,汤姆之家,该商户暂无星级,http://www.dianping.com/shop/97702019/review,
18,汤姆之家,96287512,汤姆之家,该商户暂无星级,http://www.dianping.com/shop/96287512/review,
18,汤姆之家,98653977,汤姆之家,该商户暂无星级,http://www.dianping.com/shop/98653977/review,
18,汤姆之家,110660587,汤姆之家汉堡店(马壮街店),该商户暂无星级,http://www.dianping.com/shop/110660587/review,
18,汤姆之家,93175323,汤姆之家汉堡简餐饮品,该商户暂无星级,http://www.dianping.com/shop/93175323/review,
18,汤姆之家,80933234,汤姆之家汉堡店,准四星商户,http://www.dianping.com/shop/80933234#comment,
18,汤姆之家,124466811,汤姆之家,该商户暂无星级,http://www.dianping.com/shop/124466811/review,
18,汤姆之家,107658679,汤姆之家,该商户暂无星级,http://www.dianping.com/shop/107658679/review,
18,汤姆之家,126171110,汤姆之家汉堡,该商户暂无星级,http://www.dianping.com/shop/126171110/review,
18,汤姆之家,127642184,汤姆之家汉堡,该商户暂无星级,http://www.dianping.com/shop/127642184/review,
19,汤姆之家,93913156,汤姆之家,准四星商户,http://www.dianping.com/shop/93913156#comment,
19,汤姆之家,93224193,汤姆之家汉堡炸鸡,准四星商户,http://www.dianping.com/shop/93224193#comment,
19,汤姆之家,99010151,汤姆之家,该商户暂无星级,http://www.dianping.com/shop/99010151/review,
19,汤姆之家,110602871,汤姆之家,该商户暂无星级,http://www.dianping.com/shop/110602871/review,
21,汤姆之家,102175944,汤姆之家(汉堡),该商户暂无星级,http://www.dianping.com/shop/102175944/review,
21,汤姆之家,90005217,汤姆之家汉堡,该商户暂无星级,http://www.dianping.com/shop/90005217/review,
21,汤姆之家,110527999,汤姆之家汉堡炸鸡,该商户暂无星级,http://www.dianping.com/shop/110527999/review,
22,汤姆之家,97668694,汤姆之家(恒大店),准四星商户,http://www.dianping.com/shop/97668694#comment,
22,汤姆之家,95561550,汤姆之家,该商户暂无星级,http://www.dianping.com/shop/95561550/review,
22,汤姆之家,92860570,汤姆之家,该商户暂无星级,http://www.dianping.com/shop/92860570/review,
22,汤姆之家,93621682,汤姆之家,该商户暂无星级,http://www.dianping.com/shop/93621682/review,
22,汤姆之家,91080150,汤姆之家,该商户暂无星级,http://www.dianping.com/shop/91080150/review,
22,汤姆之家,104544357,汤姆之家汉堡炸鸡,该商户暂无星级,http://www.dianping.com/shop/104544357/review,
22,汤姆之家,95353450,汤姆之家,该商户暂无星级,http://www.dianping.com/shop/95353450/review,歇业/关闭
22,汤姆之家,90998807,汤姆之家汉堡炸鸡,准四星商户,http://www.dianping.com/shop/90998807#comment,
22,汤姆之家,90352924,汤姆之家,准四星商户,http://www.dianping.com/shop/90352924#comment,
22,汤姆之家,111762609,汤姆之家,该商户暂无星级,http://www.dianping.com/shop/111762609/review,
23,汤姆之家,102480279,汤姆之家,该商户暂无星级,http://www.dianping.com/shop/102480279/review,歇业/关闭
23,汤姆之家,124470697,汤姆之家,该商户暂无星级,http://www.dianping.com/shop/124470697/review,
24,汤姆之家,102444488,汤姆之家,准四星商户,http://www.dianping.com/shop/102444488#comment,
25,汤姆之家,96146062,汤姆之家,准四星商户,http://www.dianping.com/shop/96146062#comment,
25,汤姆之家,121462568,汤姆之家,该商户暂无星级,http://www.dianping.com/shop/121462568/review,
27,汤姆之家,97729850,汤姆之家,准四星商户,http://www.dianping.com/shop/97729850#comment,
27,汤姆之家,108197308,汤姆之家,该商户暂无星级,http://www.dianping.com/shop/108197308/review,
27,汤姆之家,91908259,汤姆之家,该商户暂无星级,http://www.dianping.com/shop/91908259/review,
27,汤姆之家,93792982,汤姆之家(魏县店),该商户暂无星级,http://www.dianping.com/shop/93792982/review,
27,汤姆之家,98470291,汤姆之家,该商户暂无星级,http://www.dianping.com/shop/98470291/review,
27,汤姆之家,122014022,汤姆之家,该商户暂无星级,http://www.dianping.com/shop/122014022/review,
28,汤姆之家,125257048,汤姆之家汉堡店,该商户暂无星级,http://www.dianping.com/shop/125257048/review,
29,汤姆之家,98576932,汤姆之家(政法街店),准四星商户,http://www.dianping.com/shop/98576932#comment,
29,汤姆之家,93570335,汤姆之家汉堡,准四星商户,http://www.dianping.com/shop/93570335#comment,
29,汤姆之家,108209662,汤姆之家(冠云路店),准四星商户,http://www.dianping.com/shop/108209662#comment,
29,汤姆之家,92470994,汤姆之家,该商户暂无星级,http://www.dianping.com/shop/92470994#comment,
29,汤姆之家,101963170,汤姆之家汉堡,该商户暂无星级,http://www.dianping.com/shop/101963170#comment,歇业/关闭
29,汤姆之家,125252288,汤姆之家汉堡店,该商户暂无星级,http://www.dianping.com/shop/125252288/review,
29,汤姆之家,110678955,汤姆之家,该商户暂无星级,http://www.dianping.com/shop/110678955#comment,
29,汤姆之家,106107487,汤姆之家,该商户暂无星级,http://www.dianping.com/shop/106107487/review,
29,汤姆之家,98599678,汤姆之家,该商户暂无星级,http://www.dianping.com/shop/98599678/review,
30,汤姆之家,97930849,汤姆之家,该商户暂无星级,http://www.dianping.com/shop/97930849/review,
30,汤姆之家,92635068,汤姆之家,该商户暂无星级,http://www.dianping.com/shop/92635068/review,
30,汤姆之家,127137430,汤姆之家,该商户暂无星级,http://www.dianping.com/shop/127137430/review,
30,汤姆之家,126968459,汤姆之家(御景天下店),该商户暂无星级,http://www.dianping.com/shop/126968459/review,
31,汤姆之家,91631647,汤姆之家,三星商户,http://www.dianping.com/shop/91631647#comment,
32,汤姆之家,127945624,汤姆之家,该商户暂无星级,http://www.dianping.com/shop/127945624/review,
32,汤姆之家,108089787,汤姆之家汉堡店,该商户暂无星级,http://www.dianping.com/shop/108089787/review,
32,汤姆之家,102110343,汤姆之家,该商户暂无星级,http://www.dianping.com/shop/102110343/review,
32,汤姆之家,126210776,汤姆之家(信誉楼美食城店),该商户暂无星级,http://www.dianping.com/shop/126210776/review,
33,汤姆之家,112494158,汤姆之家,准四星商户,http://www.dianping.com/shop/112494158#comment,
33,汤姆之家,93943340,汤姆之家汉堡,准四星商户,http://www.dianping.com/shop/93943340#comment,
33,汤姆之家,113938219,汤姆之家,四星商户,http://www.dianping.com/shop/113938219#comment,
33,汤姆之家,122016847,汤姆之家汉堡店,准四星商户,http://www.dianping.com/shop/122016847#comment,
33,汤姆之家,97391492,汤姆之家,该商户暂无星级,http://www.dianping.com/shop/97391492/review,
33,汤姆之家,97000464,汤姆之家,该商户暂无星级,http://www.dianping.com/shop/97000464/review,
33,汤姆之家,121489113,汤姆之家,该商户暂无星级,http://www.dianping.com/shop/121489113/review,
35,汤姆之家,110428538,汤姆之家.黑洪堂,该商户暂无星级,http://www.dianping.com/shop/110428538/review,
38,汤姆之家,93974282,汤姆之家,三星商户,http://www.dianping.com/shop/93974282#comment,
38,汤姆之家,102836213,汤姆之家(汉堡炸鸡饮料),该商户暂无星级,http://www.dianping.com/shop/102836213/review,
39,汤姆之家,112099088,汤姆之家(书院街店),该商户暂无星级,http://www.dianping.com/shop/112099088/review,
39,汤姆之家,112229924,汤姆之家,该商户暂无星级,http://www.dianping.com/shop/112229924/review,
42,汤姆之家,122599447,汤姆之家,三星商户,http://www.dianping.com/shop/122599447#comment,
43,汤姆之家,97669398,汤姆之家汉堡炸鸡饮料,该商户暂无星级,http://www.dianping.com/shop/97669398/review,
44,汤姆之家,100364397,汤姆之家汉堡,该商户暂无星级,http://www.dianping.com/shop/100364397/review,歇业/关闭
45,汤姆之家,96430906,汤姆之家,该商户暂无星级,http://www.dianping.com/shop/96430906/review,
45,汤姆之家,96491310,汤姆之家,该商户暂无星级,http://www.dianping.com/shop/96491310/review,
47,汤姆之家,90032899,汤姆之家,该商户暂无星级,http://www.dianping.com/shop/90032899/review,
50,汤姆之家,101985988,汤姆之家汉堡,该商户暂无星级,http://www.dianping.com/shop/101985988/review,
50,汤姆之家,95885100,汤姆之家汉堡,该商户暂无星级,http://www.dianping.com/shop/95885100/review,
50,汤姆之家,120006709,汤姆之家汉堡,该商户暂无星级,http://www.dianping.com/shop/120006709/review,
51,汤姆之家,90364955,汤姆之家,该商户暂无星级,http://www.dianping.com/shop/90364955/review,
58,汤姆之家,98956319,汤姆之家汉堡披萨(立山百年老街店),准四星商户,http://www.dianping.com/shop/98956319#comment,
58,汤姆之家,129006642,汤姆之家,该商户暂无星级,http://www.dianping.com/shop/129006642/review,
58,汤姆之家,91002440,汤姆之家汉堡,该商户暂无星级,http://www.dianping.com/shop/91002440/review,歇业/关闭
58,汤姆之家,90498887,汤姆之家,该商户暂无星级,http://www.dianping.com/shop/90498887/review,
58,汤姆之家,94311418,汤姆之家(三中店),该商户暂无星级,http://www.dianping.com/shop/94311418/review,歇业/关闭
58,汤姆之家,112288809,汤姆之家汉堡,该商户暂无星级,http://www.dianping.com/shop/112288809/review,歇业/关闭
58,汤姆之家,122444462,汤姆之家,该商户暂无星级,http://www.dianping.com/shop/122444462/review,
59,汤姆之家,124889407,汤姆之家炸鸡汉堡,准四星商户,http://www.dianping.com/shop/124889407#comment,
59,汤姆之家,110713336,汤姆之家,准四星商户,http://www.dianping.com/shop/110713336#comment,
59,汤姆之家,92631601,汤姆之家汉堡炸鸡,准四星商户,http://www.dianping.com/shop/92631601#comment,
59,汤姆之家,123611002,汤姆之家汉堡炸鸡,准四星商户,http://www.dianping.com/shop/123611002#comment,
59,汤姆之家,125894731,汤姆之家汉堡炸鸡饮料,该商户暂无星级,http://www.dianping.com/shop/125894731/review,
60,汤姆之家,94006646,汤姆之家,准四星商户,http://www.dianping.com/shop/94006646#comment,
60,汤姆之家,97741311,汤姆之家汉堡,准四星商户,http://www.dianping.com/shop/97741311#comment,
60,汤姆之家,113906692,汤姆之家汉堡店,该商户暂无星级,http://www.dianping.com/shop/113906692/review,
61,汤姆之家,113182293,汤姆之家,该商户暂无星级,http://www.dianping.com/shop/113182293/review,
62,汤姆之家,123752492,汤姆之家汉堡饮品,该商户暂无星级,http://www.dianping.com/shop/123752492/review,
63,汤姆之家,108096668,汤姆之家汉堡,该商户暂无星级,http://www.dianping.com/shop/108096668/review,
65,汤姆之家,110275565,汤姆之家汉堡炸鸡小吃饮品,准四星商户,http://www.dianping.com/shop/110275565#comment,
65,汤姆之家,92320883,汤姆之家汉堡炸鸡,准四星商户,http://www.dianping.com/shop/92320883#comment,
65,汤姆之家,125767661,汤姆之家炸鸡汉堡饮品,该商户暂无星级,http://www.dianping.com/shop/125767661/review,
66,汤姆之家,97383645,汤姆之家汉堡店,准四星商户,http://www.dianping.com/shop/97383645#comment,
66,汤姆之家,102133634,汤姆之家汉堡店(天丽店),准四星商户,http://www.dianping.com/shop/102133634#comment,
66,汤姆之家,90296729,汤姆之家汉堡炸鸡饮料店,三星商户,http://www.dianping.com/shop/90296729#comment,
66,汤姆之家,102094469,汤姆之家汉堡店,该商户暂无星级,http://www.dianping.com/shop/102094469/review,
66,汤姆之家,82248088,汤姆之家汉堡炸鸡饮料,该商户暂无星级,http://www.dianping.com/shop/82248088/review,
66,汤姆之家,108182675,汤姆之家,该商户暂无星级,http://www.dianping.com/shop/108182675/review,
66,汤姆之家,97383645,汤姆之家汉堡店,准四星商户,http://www.dianping.com/shop/97383645#comment,
66,汤姆之家,102133634,汤姆之家汉堡店(天丽店),准四星商户,http://www.dianping.com/shop/102133634#comment,
66,汤姆之家,90296729,汤姆之家汉堡炸鸡饮料店,三星商户,http://www.dianping.com/shop/90296729#comment,
66,汤姆之家,102094469,汤姆之家汉堡店,该商户暂无星级,http://www.dianping.com/shop/102094469/review,
66,汤姆之家,108182675,汤姆之家,该商户暂无星级,http://www.dianping.com/shop/108182675/review,
66,汤姆之家,82248088,汤姆之家汉堡炸鸡饮料,该商户暂无星级,http://www.dianping.com/shop/82248088/review,
67,汤姆之家,90556683,汤姆之家汉堡炸鸡,三星商户,http://www.dianping.com/shop/90556683#comment,
68,汤姆之家,94276630,汤姆之家汉堡,准四星商户,http://www.dianping.com/shop/94276630#comment,
68,汤姆之家,108290259,汤姆之家炸鸡汉堡(北京公园店),该商户暂无星级,http://www.dianping.com/shop/108290259/review,
68,汤姆之家,90580560,汤姆之家,该商户暂无星级,http://www.dianping.com/shop/90580560/review,
68,汤姆之家,113766046,汤姆之家,该商户暂无星级,http://www.dianping.com/shop/113766046/review,
68,汤姆之家,112278238,汤姆之家,该商户暂无星级,http://www.dianping.com/shop/112278238/review,
69,汤姆之家,97190576,汤姆之家,三星商户,http://www.dianping.com/shop/97190576#comment,
69,汤姆之家,112286828,汤姆之家,该商户暂无星级,http://www.dianping.com/shop/112286828/review,
69,汤姆之家,127942897,汤姆之家(站前小学店),该商户暂无星级,http://www.dianping.com/shop/127942897/review,
69,汤姆之家,100261056,汤姆之家,该商户暂无星级,http://www.dianping.com/shop/100261056/review,
69,汤姆之家,123146631,汤姆之家,该商户暂无星级,http://www.dianping.com/shop/123146631/review,
70,汤姆之家,97671099,汤姆之家,准四星商户,http://www.dianping.com/shop/97671099#comment,
70,汤姆之家,91598155,汤姆之家(汉堡披萨进化街店),准四星商户,http://www.dianping.com/shop/91598155#comment,
70,汤姆之家,76860523,汤姆之家汉堡炸鸡披萨,准四星商户,http://www.dianping.com/shop/76860523#comment,
70,汤姆之家,107719342,汤姆之家汉堡(幸福街店),该商户暂无星级,http://www.dianping.com/shop/107719342/review,
70,汤姆之家,70765731,汤姆之家汉堡,该商户暂无星级,http://www.dianping.com/shop/70765731#comment,歇业/关闭
70,汤姆之家,122841734,汤姆之家,该商户暂无星级,http://www.dianping.com/shop/122841734/review,
70,汤姆之家,124962516,汤姆之家,该商户暂无星级,http://www.dianping.com/shop/124962516/review,
71,汤姆之家,97191508,汤姆之家汉堡,准四星商户,http://www.dianping.com/shop/97191508#comment,
71,汤姆之家,101987808,汤姆之家汉堡炸鸡披萨,该商户暂无星级,http://www.dianping.com/shop/101987808#comment,
71,汤姆之家,102351106,汤姆之家·汉堡·炸鸡·蛋挞,该商户暂无星级,http://www.dianping.com/shop/102351106/review,
71,汤姆之家,98868062,汤姆之家,该商户暂无星级,http://www.dianping.com/shop/98868062/review,歇业/关闭
71,汤姆之家,124303007,汤姆之家,该商户暂无星级,http://www.dianping.com/shop/124303007/review,
72,汤姆之家,111990287,汤姆之家汉堡店,该商户暂无星级,http://www.dianping.com/shop/111990287/review,
73,汤姆之家,77256615,汤姆之家汉堡冰饮店,准四星商户,http://www.dianping.com/shop/77256615#comment,
74,汤姆之家,97336875,汤姆之家汉堡店,该商户暂无星级,http://www.dianping.com/shop/97336875#comment,
74,汤姆之家,112093817,汤姆之家,该商户暂无星级,http://www.dianping.com/shop/112093817/review,
75,汤姆之家,92487393,汤姆之家,该商户暂无星级,http://www.dianping.com/shop/92487393/review,
75,汤姆之家,95078679,汤姆之家(二中店),该商户暂无星级,http://www.dianping.com/shop/95078679/review,
77,汤姆之家,90051778,汤姆之家·汉堡·炸鸡·松枝记,该商户暂无星级,http://www.dianping.com/shop/90051778/review,
77,汤姆之家,102462619,汤姆之家,该商户暂无星级,http://www.dianping.com/shop/102462619/review,
79,汤姆之家,97829637,汤姆之家汉堡炸鸡,该商户暂无星级,http://www.dianping.com/shop/97829637/review,
79,汤姆之家,99057284,汤姆之家汉堡,该商户暂无星级,http://www.dianping.com/shop/99057284/review,
80,汤姆之家,98054029,汤姆之家(汉堡店),该商户暂无星级,http://www.dianping.com/shop/98054029/review,
80,汤姆之家,123769370,汤姆之家,该商户暂无星级,http://www.dianping.com/shop/123769370/review,
84,汤姆之家,110873028,汤姆之家智能餐厅,准四星商户,http://www.dianping.com/shop/110873028#comment,
84,汤姆之家,102097605,汤姆之家汉堡炸鸡小吃饮品,该商户暂无星级,http://www.dianping.com/shop/102097605/review,
84,汤姆之家,112013811,汤姆之家,该商户暂无星级,http://www.dianping.com/shop/112013811#comment,
84,汤姆之家,123604151,汤姆之家快餐饮品店(西寨店),该商户暂无星级,http://www.dianping.com/shop/123604151#comment,
85,汤姆之家,128299052,汤姆之家,该商户暂无星级,http://www.dianping.com/shop/128299052/review,
87,汤姆之家,93591123,汤姆之家,该商户暂无星级,http://www.dianping.com/shop/93591123/review,
89,汤姆之家,102045501,汤姆之家汉堡店,准四星商户,http://www.dianping.com/shop/102045501#comment,
89,汤姆之家,114500081,汤姆之家汉堡炸鸡,该商户暂无星级,http://www.dianping.com/shop/114500081/review,
90,汤姆之家,128309440,汤姆之家,该商户暂无星级,http://www.dianping.com/shop/128309440/review,
92,汤姆之家,75728222,汤姆之家,准四星商户,http://www.dianping.com/shop/75728222#comment,
93,汤姆之家,99164874,汤姆之家,该商户暂无星级,http://www.dianping.com/shop/99164874/review,
93,汤姆之家,127639492,汤姆之家,该商户暂无星级,http://www.dianping.com/shop/127639492/review,
94,汤姆之家,98776923,汤姆之家,三星商户,http://www.dianping.com/shop/98776923#comment,
94,汤姆之家,129197643,汤姆之家(岔河店),该商户暂无星级,http://www.dianping.com/shop/129197643/review,
95,汤姆之家,79211365,汤姆之家,该商户暂无星级,http://www.dianping.com/shop/79211365/review,
95,汤姆之家,113131835,汤姆之家,该商户暂无星级,http://www.dianping.com/shop/113131835/review,歇业/关闭
96,汤姆之家,97939445,汤姆之家汉堡饮料,准四星商户,http://www.dianping.com/shop/97939445#comment,
97,汤姆之家,97759973,汤姆之家,该商户暂无星级,http://www.dianping.com/shop/97759973/review,歇业/关闭
98,汤姆之家,98479521,汤姆之家炸鸡汉堡饮料,准四星商户,http://www.dianping.com/shop/98479521#comment,
98,汤姆之家,114883610,汤姆之家,该商户暂无星级,http://www.dianping.com/shop/114883610/review,
99,汤姆之家,99297243,汤姆之家,该商户暂无星级,http://www.dianping.com/shop/99297243/review,
100,汤姆之家,95948332,汤姆之家,准四星商户,http://www.dianping.com/shop/95948332#comment,
101,汤姆之家,98738034,汤姆之家,准四星商户,http://www.dianping.com/shop/98738034#comment,
101,汤姆之家,98388054,汤姆之家(汉堡炸鸡饮品早餐),准四星商户,http://www.dianping.com/shop/98388054#comment,
101,汤姆之家,97259981,汤姆之家汉堡(柳市店),该商户暂无星级,http://www.dianping.com/shop/97259981/review,
101,汤姆之家,100043405,汤姆之家(奥玛尔美食广场店),该商户暂无星级,http://www.dianping.com/shop/100043405/review,
101,汤姆之家,92471616,汤姆之家,该商户暂无星级,http://www.dianping.com/shop/92471616/review,
101,汤姆之家,124326248,汤姆之家.炸鸡汉堡饮品,该商户暂无星级,http://www.dianping.com/shop/124326248#comment,
102,汤姆之家,93372095,汤姆之家,该商户暂无星级,http://www.dianping.com/shop/93372095/review,
102,汤姆之家,104091006,汤姆之家(嘉善品牌店),该商户暂无星级,http://www.dianping.com/shop/104091006/review,
102,汤姆之家,122911358,汤姆之家,该商户暂无星级,http://www.dianping.com/shop/122911358/review,
104,汤姆之家,112604171,汤姆之家,准四星商户,http://www.dianping.com/shop/112604171#comment,
106,汤姆之家,110576686,汤姆之家,该商户暂无星级,http://www.dianping.com/shop/110576686/review,
109,汤姆之家,102379141,汤姆之家,准四星商户,http://www.dianping.com/shop/102379141#comment,
110,汤姆之家,93553028,汤姆之家,该商户暂无星级,http://www.dianping.com/shop/93553028/review,
111,汤姆之家,125042642,汤姆之家,该商户暂无星级,http://www.dianping.com/shop/125042642/review,
112,汤姆之家,93908067,汤姆之家,该商户暂无星级,http://www.dianping.com/shop/93908067/review,歇业/关闭
115,汤姆之家,93664970,汤姆之家,该商户暂无星级,http://www.dianping.com/shop/93664970#comment,歇业/关闭
116,汤姆之家,112108897,汤姆之家,该商户暂无星级,http://www.dianping.com/shop/112108897/review,歇业/关闭
118,汤姆之家,102269158,汤姆之家,该商户暂无星级,http://www.dianping.com/shop/102269158/review,
118,汤姆之家,102333206,汤姆之家,该商户暂无星级,http://www.dianping.com/shop/102333206/review,
119,汤姆之家,95876893,汤姆之家,该商户暂无星级,http://www.dianping.com/shop/95876893/review,
120,汤姆之家,91063244,汤姆之家,准四星商户,http://www.dianping.com/shop/91063244#comment,
120,汤姆之家,98018327,汤姆之家,该商户暂无星级,http://www.dianping.com/shop/98018327/review,
120,汤姆之家,95355512,汤姆之家汉堡炸鸡,该商户暂无星级,http://www.dianping.com/shop/95355512/review,
120,汤姆之家,107025871,汤姆之家(原墙店),该商户暂无星级,http://www.dianping.com/shop/107025871/review,
121,汤姆之家,102159873,汤姆之家,该商户暂无星级,http://www.dianping.com/shop/102159873/review,
121,汤姆之家,125777995,汤姆之家,该商户暂无星级,http://www.dianping.com/shop/125777995/review,
126,汤姆之家,103669448,汤姆之家,该商户暂无星级,http://www.dianping.com/shop/103669448/review,
127,汤姆之家,77287993,汤姆之家,该商户暂无星级,http://www.dianping.com/shop/77287993#comment,歇业/关闭
128,汤姆之家,96597333,汤姆之家,该商户暂无星级,http://www.dianping.com/shop/96597333/review,
128,汤姆之家,91983697,汤姆之家,该商户暂无星级,http://www.dianping.com/shop/91983697/review,
129,汤姆之家,98241531,汤姆之家(汉堡/炸鸡/饮品),该商户暂无星级,http://www.dianping.com/shop/98241531#comment,歇业/关闭
130,汤姆之家,82681915,汤姆之家,准四星商户,http://www.dianping.com/shop/82681915#comment,
130,汤姆之家,126212840,汤姆之家,三星商户,http://www.dianping.com/shop/126212840/review,
130,汤姆之家,97829788,汤姆之家(铜陵店),准四星商户,http://www.dianping.com/shop/97829788#comment,
130,汤姆之家,96294175,汤姆之家,该商户暂无星级,http://www.dianping.com/shop/96294175#comment,
130,汤姆之家,97402442,汤姆之家,该商户暂无星级,http://www.dianping.com/shop/97402442/review,
139,汤姆之家,111820289,汤姆之家,该商户暂无星级,http://www.dianping.com/shop/111820289/review,
140,汤姆之家,110866317,汤姆之家,三星商户,http://www.dianping.com/shop/110866317#comment,
140,汤姆之家,113173953,汤姆之家,该商户暂无星级,http://www.dianping.com/shop/113173953/review,
140,汤姆之家,114353247,汤姆之家,该商户暂无星级,http://www.dianping.com/shop/114353247/review,
144,汤姆之家,98092115,汤姆之家,准四星商户,http://www.dianping.com/shop/98092115#comment,
144,汤姆之家,98286292,汤姆之家,该商户暂无星级,http://www.dianping.com/shop/98286292/review,
144,汤姆之家,97552462,汤姆之家,该商户暂无星级,http://www.dianping.com/shop/97552462/review,歇业/关闭
145,汤姆之家,93510867,汤姆之家(沣水店),三星商户,http://www.dianping.com/shop/93510867#comment,
145,汤姆之家,95929623,汤姆之家,三星商户,http://www.dianping.com/shop/95929623#comment,
145,汤姆之家,97191354,汤姆之家汉堡  甜点,该商户暂无星级,http://www.dianping.com/shop/97191354/review,
145,汤姆之家,98774835,汤姆之家,该商户暂无星级,http://www.dianping.com/shop/98774835/review,
145,汤姆之家,90922729,汤姆之家,该商户暂无星级,http://www.dianping.com/shop/90922729/review,
145,汤姆之家,122837472,汤姆之家,该商户暂无星级,http://www.dianping.com/shop/122837472/review,歇业/关闭
146,汤姆之家,96586283,汤姆之家,该商户暂无星级,http://www.dianping.com/shop/96586283/review,歇业/关闭
146,汤姆之家,93597787,汤姆之家,该商户暂无星级,http://www.dianping.com/shop/93597787/review,
146,汤姆之家,114045767,汤姆之家汉堡,该商户暂无星级,http://www.dianping.com/shop/114045767/review,
147,汤姆之家,97463759,汤姆之家,该商户暂无星级,http://www.dianping.com/shop/97463759#comment,歇业/关闭
148,汤姆之家,102729512,汤姆之家,该商户暂无星级,http://www.dianping.com/shop/102729512/review,
149,汤姆之家,98538391,汤姆之家汉堡,准四星商户,http://www.dianping.com/shop/98538391#comment,
149,汤姆之家,91038771,汤姆之家,准四星商户,http://www.dianping.com/shop/91038771#comment,
149,汤姆之家,121464371,汤姆之家汉堡,准四星商户,http://www.dianping.com/shop/121464371#comment,
149,汤姆之家,91941300,汤姆之家汉堡披萨,准四星商户,http://www.dianping.com/shop/91941300#comment,
149,汤姆之家,97607916,汤姆之家,准四星商户,http://www.dianping.com/shop/97607916#comment,
149,汤姆之家,102178353,汤姆之家—汉堡披萨饮料,三星商户,http://www.dianping.com/shop/102178353#comment,
149,汤姆之家,95242264,汤姆之家(凤凰大街店),该商户暂无星级,http://www.dianping.com/shop/95242264/review,歇业/关闭
149,汤姆之家,125336222,汤姆之家汉堡(康城店),该商户暂无星级,http://www.dianping.com/shop/125336222/review,
149,汤姆之家,112161530,汤姆之家,该商户暂无星级,http://www.dianping.com/shop/112161530/review,
150,汤姆之家,110362794,汤姆之家,三星商户,http://www.dianping.com/shop/110362794#comment,
150,汤姆之家,96223561,汤姆之家,该商户暂无星级,http://www.dianping.com/shop/96223561/review,
150,汤姆之家,97131156,汤姆之家,该商户暂无星级,http://www.dianping.com/shop/97131156/review,
150,汤姆之家,104975994,汤姆之家(逵泉路店),该商户暂无星级,http://www.dianping.com/shop/104975994/review,
151,汤姆之家,95276114,汤姆之家,三星商户,http://www.dianping.com/shop/95276114#comment,
151,汤姆之家,96584029,汤姆之家炸鸡汉堡,该商户暂无星级,http://www.dianping.com/shop/96584029/review,
151,汤姆之家,98013241,汤姆之家,该商户暂无星级,http://www.dianping.com/shop/98013241/review,
151,汤姆之家,96262007,汤姆之家,该商户暂无星级,http://www.dianping.com/shop/96262007/review,
151,汤姆之家,90971463,汤姆之家,该商户暂无星级,http://www.dianping.com/shop/90971463/review,
151,汤姆之家,121482691,汤姆之家,该商户暂无星级,http://www.dianping.com/shop/121482691/review,歇业/关闭
154,汤姆之家,93621682,汤姆之家,该商户暂无星级,http://www.dianping.com/shop/93621682/review,
155,汤姆之家,113121233,汤姆之家,三星商户,http://www.dianping.com/shop/113121233#comment,
155,汤姆之家,98837988,汤姆之家,准四星商户,http://www.dianping.com/shop/98837988#comment,
155,汤姆之家,79707137,HAMBURGER汤姆之家汉堡炸鸡饮料,准四星商户,http://www.dianping.com/shop/79707137#comment,歇业/关闭
155,汤姆之家,108362490,汤姆之家,该商户暂无星级,http://www.dianping.com/shop/108362490#comment,
155,汤姆之家,125018640,汤姆之家,该商户暂无星级,http://www.dianping.com/shop/125018640/review,
156,汤姆之家,124533204,汤姆之家,准四星商户,http://www.dianping.com/shop/124533204#comment,
156,汤姆之家,93519400,汤姆之家,准四星商户,http://www.dianping.com/shop/93519400#comment,
156,汤姆之家,98714221,汤姆之家,三星商户,http://www.dianping.com/shop/98714221#comment,
156,汤姆之家,122785544,汤姆之家汉堡,该商户暂无星级,http://www.dianping.com/shop/122785544/review,
157,汤姆之家,92324099,汤姆之家,准四星商户,http://www.dianping.com/shop/92324099#comment,
157,汤姆之家,111518900,汤姆之家,三星商户,http://www.dianping.com/shop/111518900#comment,
157,汤姆之家,99625528,汤姆之家,三星商户,http://www.dianping.com/shop/99625528#comment,
157,汤姆之家,107985663,汤姆之家,该商户暂无星级,http://www.dianping.com/shop/107985663/review,
157,汤姆之家,93921070,汤姆之家汉堡饮品,该商户暂无星级,http://www.dianping.com/shop/93921070/review,歇业/关闭
157,汤姆之家,99058211,汤姆之家汉堡,该商户暂无星级,http://www.dianping.com/shop/99058211/review,
158,汤姆之家,96581424,汤姆之家汉堡炸鸡,该商户暂无星级,http://www.dianping.com/shop/96581424/review,
158,汤姆之家,107773281,汤姆之家,该商户暂无星级,http://www.dianping.com/shop/107773281/review,
158,汤姆之家,97757733,汤姆之家(华联店),该商户暂无星级,http://www.dianping.com/shop/97757733/review,
158,汤姆之家,124154480,汤姆之家,该商户暂无星级,http://www.dianping.com/shop/124154480/review,
158,汤姆之家,107346751,汤姆之家,该商户暂无星级,http://www.dianping.com/shop/107346751/review,
158,汤姆之家,112062457,汤姆之家,该商户暂无星级,http://www.dianping.com/shop/112062457/review,
159,汤姆之家,98033807,汤姆之家汉堡鸡排,准四星商户,http://www.dianping.com/shop/98033807#comment,
159,汤姆之家,102469766,汤姆之家(汉堡炸鸡饮料),该商户暂无星级,http://www.dianping.com/shop/102469766/review,
160,汤姆之家,112111164,汤姆之家,准四星商户,http://www.dianping.com/shop/112111164#comment,
160,汤姆之家,97712914,汤姆之家,准四星商户,http://www.dianping.com/shop/97712914#comment,
160,汤姆之家,97482970,汤姆之家汉堡,该商户暂无星级,http://www.dianping.com/shop/97482970/review,
160,汤姆之家,110498611,汤姆之家,该商户暂无星级,http://www.dianping.com/shop/110498611/review,
160,汤姆之家,98532998,汤姆之家汉堡,准四星商户,http://www.dianping.com/shop/98532998#comment,
160,汤姆之家,110507977,汤姆之家汉堡,四星商户,http://www.dianping.com/shop/110507977#comment,
160,汤姆之家,125733513,汤姆之家,该商户暂无星级,http://www.dianping.com/shop/125733513/review,
160,汤姆之家,121886655,汤姆之家汉堡炸鸡(优胜北路店),该商户暂无星级,http://www.dianping.com/shop/121886655/review,
160,汤姆之家,97714263,汤姆之家(大一生活馆),该商户暂无星级,http://www.dianping.com/shop/97714263/review,
160,汤姆之家,128330785,汤姆之家汉堡店,该商户暂无星级,http://www.dianping.com/shop/128330785/review,
160,汤姆之家,110690199,汤姆之家汉堡,该商户暂无星级,http://www.dianping.com/shop/110690199/review,
160,汤姆之家,123141257,汤姆之家,该商户暂无星级,http://www.dianping.com/shop/123141257/review,
160,汤姆之家,125971622,汤姆之家,该商户暂无星级,http://www.dianping.com/shop/125971622/review,
161,汤姆之家,110380287,汤姆之家汉堡炸鸡饮品,该商户暂无星级,http://www.dianping.com/shop/110380287/review,
161,汤姆之家,110704129,汤姆之家汉堡炸鸡饮品(纱厂西路店),该商户暂无星级,http://www.dianping.com/shop/110704129/review,
161,汤姆之家,112296783,汤姆之家,该商户暂无星级,http://www.dianping.com/shop/112296783/review,
162,汤姆之家,92149836,汤姆之家,准四星商户,http://www.dianping.com/shop/92149836#comment,
162,汤姆之家,104862689,汤姆之家,准四星商户,http://www.dianping.com/shop/104862689#comment,
162,汤姆之家,103598088,汤姆之家,准四星商户,http://www.dianping.com/shop/103598088#comment,歇业/关闭
162,汤姆之家,97467813,汤姆之家,该商户暂无星级,http://www.dianping.com/shop/97467813#comment,
162,汤姆之家,124405921,汤姆之家,该商户暂无星级,http://www.dianping.com/shop/124405921#comment,
162,汤姆之家,126941514,汤姆之家,该商户暂无星级,http://www.dianping.com/shop/126941514/review,
162,汤姆之家,129206231,汤姆之家,该商户暂无星级,http://www.dianping.com/shop/129206231/review,
162,汤姆之家,102098304,汤姆之家西式快餐,该商户暂无星级,http://www.dianping.com/shop/102098304/review,
163,汤姆之家,125894909,汤姆之家汉堡,准四星商户,http://www.dianping.com/shop/125894909#comment,歇业/关闭
164,汤姆之家,123902787,汤姆之家,该商户暂无星级,http://www.dianping.com/shop/123902787/review,
166,汤姆之家,97921091,汤姆之家汉堡主题餐厅,准四星商户,http://www.dianping.com/shop/97921091#comment,
166,汤姆之家,97375755,汤姆之家,该商户暂无星级,http://www.dianping.com/shop/97375755/review,
166,汤姆之家,113093085,汤姆之家(赵堤店),该商户暂无星级,http://www.dianping.com/shop/113093085/review,
168,汤姆之家,114892858,汤姆之家,该商户暂无星级,http://www.dianping.com/shop/114892858/review,
169,汤姆之家,110648744,汤姆之家炸鸡汉堡,准四星商户,http://www.dianping.com/shop/110648744#comment,
169,汤姆之家,101936801,汤姆之家汉堡披萨炸鸡土豆粉饮品(瑞景店),该商户暂无星级,http://www.dianping.com/shop/101936801/review,
169,汤姆之家,124459359,汤姆之家汉堡炸鸡饮品,该商户暂无星级,http://www.dianping.com/shop/124459359/review,
169,汤姆之家,113119577,汤姆之家,该商户暂无星级,http://www.dianping.com/shop/113119577/review,
170,汤姆之家,112090022,汤姆之家汉堡炸鸡可乐(华泰商城店),该商户暂无星级,http://www.dianping.com/shop/112090022#comment,歇业/关闭
171,汤姆之家,126783216,汤姆之家汉堡店,准四星商户,http://www.dianping.com/shop/126783216#comment,
172,汤姆之家,98935905,汤姆之家,该商户暂无星级,http://www.dianping.com/shop/98935905/review,
173,汤姆之家,122059112,汤姆之家(万通东段店),该商户暂无星级,http://www.dianping.com/shop/122059112/review,
173,汤姆之家,110497254,汤姆之家,该商户暂无星级,http://www.dianping.com/shop/110497254/review,
174,汤姆之家,104891406,汤姆之家,准四星商户,http://www.dianping.com/shop/104891406#comment,
174,汤姆之家,98373784,汤姆之家炸鸡汉堡,该商户暂无星级,http://www.dianping.com/shop/98373784/review,
175,汤姆之家,92797047,汤姆之家汉堡店,准四星商户,http://www.dianping.com/shop/92797047#comment,
175,汤姆之家,98816928,汤姆之家(扶沟店),该商户暂无星级,http://www.dianping.com/shop/98816928#comment,歇业/关闭
175,汤姆之家,127638152,汤姆之家,该商户暂无星级,http://www.dianping.com/shop/127638152/review,
176,汤姆之家,92145627,汤姆之家,该商户暂无星级,http://www.dianping.com/shop/92145627/review,
176,汤姆之家,99298693,汤姆之家,该商户暂无星级,http://www.dianping.com/shop/99298693/review,
176,汤姆之家,97607131,汤姆之家,该商户暂无星级,http://www.dianping.com/shop/97607131#comment,
178,汤姆之家,110502660,汤姆之家,该商户暂无星级,http://www.dianping.com/shop/110502660/review,
179,汤姆之家,127435551,汤姆之家,该商户暂无星级,http://www.dianping.com/shop/127435551/review,
184,汤姆之家,113872433,汤姆之家,准四星商户,http://www.dianping.com/shop/113872433#comment,
192,汤姆之家,125179801,汤姆之家,该商户暂无星级,http://www.dianping.com/shop/125179801/review,
193,汤姆之家,110384242,汤姆之家,该商户暂无星级,http://www.dianping.com/shop/110384242/review,歇业/关闭
194,汤姆之家,110419428,汤姆之家,该商户暂无星级,http://www.dianping.com/shop/110419428#comment,
194,汤姆之家,122864336,汤姆之家,该商户暂无星级,http://www.dianping.com/shop/122864336/review,
197,汤姆之家,123299333,汤姆之家,该商户暂无星级,http://www.dianping.com/shop/123299333/review,
197,汤姆之家,124054115,汤姆之家,该商户暂无星级,http://www.dianping.com/shop/124054115/review,
199,汤姆之家,112131387,汤姆之家,该商户暂无星级,http://www.dianping.com/shop/112131387/review,
199,汤姆之家,110350222,汤姆之家(南大店),该商户暂无星级,http://www.dianping.com/shop/110350222/review,
199,汤姆之家,122855272,汤姆之家,该商户暂无星级,http://www.dianping.com/shop/122855272/review,
199,汤姆之家,124210040,汤姆之家汉堡炸鸡(雄森店),该商户暂无星级,http://www.dianping.com/shop/124210040/review,
200,汤姆之家,110699269,汤姆之家,该商户暂无星级,http://www.dianping.com/shop/110699269/review,
201,汤姆之家,92667196,汤姆之家,该商户暂无星级,http://www.dianping.com/shop/92667196/review,
201,汤姆之家,107974607,汤姆之家(新田店),该商户暂无星级,http://www.dianping.com/shop/107974607/review,
202,汤姆之家,122216869,汤姆之家汉堡店,该商户暂无星级,http://www.dianping.com/shop/122216869/review,
203,汤姆之家,126102427,汤姆之家,该商户暂无星级,http://www.dianping.com/shop/126102427/review,
206,汤姆之家,112065576,汤姆之家,三星商户,http://www.dianping.com/shop/112065576#comment,
208,汤姆之家,101800694,汤姆之家,准四星商户,http://www.dianping.com/shop/101800694#comment,
208,汤姆之家,106207199,汤姆之家,准四星商户,http://www.dianping.com/shop/106207199#comment,
208,汤姆之家,95977375,汤姆之家汉堡店,三星商户,http://www.dianping.com/shop/95977375/review,
208,汤姆之家,98829754,汤姆之家,该商户暂无星级,http://www.dianping.com/shop/98829754/review,
208,汤姆之家,122152129,汤姆之家汉堡炸鸡(罗村店),该商户暂无星级,http://www.dianping.com/shop/122152129/review,
209,汤姆之家,122270327,汤姆之家,该商户暂无星级,http://www.dianping.com/shop/122270327/review,
211,汤姆之家,96464208,汤姆之家,准四星商户,http://www.dianping.com/shop/96464208#comment,
213,汤姆之家,110525028,汤姆之家,该商户暂无星级,http://www.dianping.com/shop/110525028/review,
218,汤姆之家,126017242,汤姆之家,该商户暂无星级,http://www.dianping.com/shop/126017242/review,
219,汤姆之家,102451684,汤姆之家(寮步石龙坑店),准四星商户,http://www.dianping.com/shop/102451684#comment,
219,汤姆之家,93767028,汤姆之家汉堡炸鸡,该商户暂无星级,http://www.dianping.com/shop/93767028/review,
221,汤姆之家,126241715,汤姆之家.西餐厅,该商户暂无星级,http://www.dianping.com/shop/126241715/review,
224,汤姆之家,96720160,汤姆之家,准四星商户,http://www.dianping.com/shop/96720160#comment,歇业/关闭
224,汤姆之家,114385250,汤姆之家,该商户暂无星级,http://www.dianping.com/shop/114385250/review,
224,汤姆之家,120077193,汤姆之家炸鸡汉堡(沙井店),该商户暂无星级,http://www.dianping.com/shop/120077193/review,
226,汤姆之家,122280021,汤姆之家,该商户暂无星级,http://www.dianping.com/shop/122280021/review,
243,汤姆之家,123079196,汤姆之家,三星商户,http://www.dianping.com/shop/123079196/review,
245,汤姆之家,121681395,汤姆之家,该商户暂无星级,http://www.dianping.com/shop/121681395/review,
247,汤姆之家,110397253,汤姆之家,该商户暂无星级,http://www.dianping.com/shop/110397253/review,
249,汤姆之家,122842983,汤姆之家(浙商临港新天地店),该商户暂无星级,http://www.dianping.com/shop/122842983/review,
249,汤姆之家,124527853,汤姆之家,该商户暂无星级,http://www.dianping.com/shop/124527853/review,
250,汤姆之家,98759557,汤姆之家(岳池店),准四星商户,http://www.dianping.com/shop/98759557#comment,
250,汤姆之家,112282397,汤姆之家,该商户暂无星级,http://www.dianping.com/shop/112282397/review,
250,汤姆之家,127233244,汤姆之家(岳池店),该商户暂无星级,http://www.dianping.com/shop/127233244/review,
251,汤姆之家,108202651,汤姆之家快餐店,该商户暂无星级,http://www.dianping.com/shop/108202651/review,
260,汤姆之家,103006329,汤姆之家,该商户暂无星级,http://www.dianping.com/shop/103006329/review,
260,汤姆之家,114914809,汤姆之家,该商户暂无星级,http://www.dianping.com/shop/114914809/review,
292,汤姆之家,123676378,汤姆之家,该商户暂无星级,http://www.dianping.com/shop/123676378/review,
293,汤姆之家,93302301,汤姆之家,该商户暂无星级,http://www.dianping.com/shop/93302301/review,
293,汤姆之家,107397463,汤姆之家,该商户暂无星级,http://www.dianping.com/shop/107397463/review,
295,汤姆之家,125882140,汤姆之家,该商户暂无星级,http://www.dianping.com/shop/125882140/review,
296,汤姆之家,91938393,汤姆之家(河东店),准四星商户,http://www.dianping.com/shop/91938393#comment,
296,汤姆之家,110432766,汤姆之家(金桥店),该商户暂无星级,http://www.dianping.com/shop/110432766/review,
297,汤姆之家,91962011,开心汤姆之家,该商户暂无星级,http://www.dianping.com/shop/91962011/review,歇业/关闭
297,汤姆之家,96255534,汤姆之家,该商户暂无星级,http://www.dianping.com/shop/96255534#comment,
299,汤姆之家,98900087,汤姆之家,四星商户,http://www.dianping.com/shop/98900087#comment,
299,汤姆之家,96221952,汤姆之家汉堡店,三星商户,http://www.dianping.com/shop/96221952#comment,
299,汤姆之家,95252465,汤姆之家,三星商户,http://www.dianping.com/shop/95252465#comment,
303,汤姆之家,110263018,汤姆之家汉堡店,该商户暂无星级,http://www.dianping.com/shop/110263018/review,
303,汤姆之家,106202366,汤姆之家,该商户暂无星级,http://www.dianping.com/shop/106202366/review,
303,汤姆之家,112147792,汤姆之家,该商户暂无星级,http://www.dianping.com/shop/112147792/review,
304,汤姆之家,90118568,汤姆之家(核桃园南门店),准四星商户,http://www.dianping.com/shop/90118568#comment,
305,汤姆之家,90431215,汤姆之家汉堡店,准四星商户,http://www.dianping.com/shop/90431215#comment,
306,汤姆之家,97653343,汤姆之家,该商户暂无星级,http://www.dianping.com/shop/97653343/review,
306,汤姆之家,92664029,汤姆之家(汉堡、炸鸡、饮料),该商户暂无星级,http://www.dianping.com/shop/92664029/review,歇业/关闭
306,汤姆之家,76998952,汤姆之家,该商户暂无星级,http://www.dianping.com/shop/76998952/review,
309,汤姆之家,95066355,汤姆之家,该商户暂无星级,http://www.dianping.com/shop/95066355/review,
309,汤姆之家,127829420,汤姆之家,该商户暂无星级,http://www.dianping.com/shop/127829420/review,
310,汤姆之家,107348139,汤姆之家,该商户暂无星级,http://www.dianping.com/shop/107348139/review,
321,汤姆之家,98846233,汤姆之家,该商户暂无星级,http://www.dianping.com/shop/98846233#comment,
325,汤姆之家,96351641,汤姆之家,该商户暂无星级,http://www.dianping.com/shop/96351641#comment,
344,汤姆之家,113454136,汤姆之家,该商户暂无星级,http://www.dianping.com/shop/113454136/review,
344,汤姆之家,90892467,汤姆之家炸鸡汉堡,该商户暂无星级,http://www.dianping.com/shop/90892467/review,
344,汤姆之家,110600018,汤姆之家,该商户暂无星级,http://www.dianping.com/shop/110600018/review,歇业/关闭
344,汤姆之家,101926760,汤姆之家,准四星商户,http://www.dianping.com/shop/101926760#comment,
344,汤姆之家,92186635,汤姆之家,该商户暂无星级,http://www.dianping.com/shop/92186635/review,
344,汤姆之家,122385326,汤姆之家,该商户暂无星级,http://www.dianping.com/shop/122385326/review,
344,汤姆之家,126354716,汤姆之家,该商户暂无星级,http://www.dianping.com/shop/126354716/review,
344,汤姆之家,120072735,汤姆之家汉堡,该商户暂无星级,http://www.dianping.com/shop/120072735/review,
