1,动力鸡车,121803970,动力鸡车(嘉福汇官方形象店),准四星商户,http://www.dianping.com/shop/121803970#comment,
1,动力鸡车,97895589,动力鸡车(鹤洁店),准四星商户,http://www.dianping.com/shop/97895589#comment,
1,动力鸡车,93284261,动力鸡车,准四星商户,http://www.dianping.com/shop/93284261#comment,
1,动力鸡车,68176000,动力鸡车(羽山生活广场店),准四星商户,http://www.dianping.com/shop/68176000#comment,
1,动力鸡车,120123044,动力鸡车(鹿溪店),准四星商户,http://www.dianping.com/shop/120123044#comment,
1,动力鸡车,127693828,动力鸡车(万祥店),准四星商户,http://www.dianping.com/shop/127693828#comment,
1,动力鸡车,67421717,动力鸡车(西藏北路店),三星商户,http://www.dianping.com/shop/67421717#comment,
1,动力鸡车,56745234,动力鸡车(崮山店),三星商户,http://www.dianping.com/shop/56745234#comment,
1,动力鸡车,67035832,动力鸡车(方泰店),三星商户,http://www.dianping.com/shop/67035832#comment,
1,动力鸡车,65954455,动力鸡车(西郊店),准四星商户,http://www.dianping.com/shop/65954455#comment,
1,动力鸡车,59414909,动力鸡车(肇嘉浜路店),准四星商户,http://www.dianping.com/shop/59414909#comment,
1,动力鸡车,112198928,动力鸡车(天山路店),准四星商户,http://www.dianping.com/shop/112198928#comment,
1,动力鸡车,65609610,动力鸡车(电机学院店),准四星商户,http://www.dianping.com/shop/65609610#comment,
1,动力鸡车,124217752,动力鸡车(新港店),三星商户,http://www.dianping.com/shop/124217752/review,
1,动力鸡车,18478108,动力鸡车(上海大学店),准四星商户,http://www.dianping.com/shop/18478108#comment,
1,动力鸡车,74602783,动力鸡车(森兰欧尚店),三星商户,http://www.dianping.com/shop/74602783#comment,
1,动力鸡车,95299893,动力鸡车(老港镇店),准四星商户,http://www.dianping.com/shop/95299893#comment,
1,动力鸡车,98944105,动力鸡车(东大名路店),准四星商户,http://www.dianping.com/shop/98944105#comment,
1,动力鸡车,93231392,动力鸡车(斜土东路店),准四星商户,http://www.dianping.com/shop/93231392#comment,
1,动力鸡车,97529569,动力鸡车欢乐餐厅(陈家镇店),准四星商户,http://www.dianping.com/shop/97529569#comment,
1,动力鸡车,111497973,动力鸡车(唐镇店),准四星商户,http://www.dianping.com/shop/111497973#comment,
1,动力鸡车,80456262,动力鸡车(平福路店),准四星商户,http://www.dianping.com/shop/80456262#comment,
1,动力鸡车,125969661,动力鸡车(南亭公路店),准四星商户,http://www.dianping.com/shop/125969661#comment,
1,动力鸡车,76835261,动力鸡车(柳梁路),准四星商户,http://www.dianping.com/shop/76835261#comment,
1,动力鸡车,123859551,动力鸡车(联阳店),准四星商户,http://www.dianping.com/shop/123859551#comment,歇业/关闭
1,动力鸡车,112232531,动力鸡车(堡镇店),三星商户,http://www.dianping.com/shop/112232531/review,
1,动力鸡车,95558025,动力鸡车(车墩店),准四星商户,http://www.dianping.com/shop/95558025#comment,
1,动力鸡车,110443433,动力鸡车(金苹果学校店),准四星商户,http://www.dianping.com/shop/110443433#comment,
1,动力鸡车,94313565,动力鸡车(平原街店),准四星商户,http://www.dianping.com/shop/94313565#comment,
1,动力鸡车,113708074,动力鸡车(周浦康沈路店),三星商户,http://www.dianping.com/shop/113708074#comment,
1,动力鸡车,66811461,动力鸡车(万乐城店),准四星商户,http://www.dianping.com/shop/66811461#comment,
1,动力鸡车,97479867,动力鸡车(汶水东路店),准四星商户,http://www.dianping.com/shop/97479867#comment,
1,动力鸡车,45448085,动力鸡车粉丝馆,准四星商户,http://www.dianping.com/shop/45448085#comment,
1,动力鸡车,23583776,动力鸡车(白兰路店),准四星商户,http://www.dianping.com/shop/23583776#comment,
1,动力鸡车,97442074,动力鸡车(上海月罗路店),准四星商户,http://www.dianping.com/shop/97442074#comment,
1,动力鸡车,112104859,动力鸡车(欢乐城店),准四星商户,http://www.dianping.com/shop/112104859#comment,
1,动力鸡车,90311521,动力鸡车(上海总店),准四星商户,http://www.dianping.com/shop/90311521#comment,
1,动力鸡车,66166657,动力鸡车(月盛路店),准四星商户,http://www.dianping.com/shop/66166657#comment,
1,动力鸡车,107379544,动力鸡车(白鹤镇店),三星商户,http://www.dianping.com/shop/107379544#comment,
1,动力鸡车,110581018,动力鸡车,准四星商户,http://www.dianping.com/shop/110581018#comment,
1,动力鸡车,22051590,动力鸡车(卜蜂莲花店),准四星商户,http://www.dianping.com/shop/22051590#comment,
1,动力鸡车,21027875,动力鸡车(碧江广场店),三星商户,http://www.dianping.com/shop/21027875#comment,
1,动力鸡车,110581016,动力鸡车(沪城环路店),该商户暂无星级,http://www.dianping.com/shop/110581016#comment,歇业/关闭
1,动力鸡车,27483223,薡茶动力鸡车(民生店),该商户暂无星级,http://www.dianping.com/shop/27483223#comment,歇业/关闭
1,动力鸡车,110581013,动力鸡车(联明路店),准四星商户,http://www.dianping.com/shop/110581013#comment,
1,动力鸡车,34246048,动力鸡车(森兰商都店),准四星商户,http://www.dianping.com/shop/34246048#comment,
1,动力鸡车,21931369,动力鸡车(上川路),准四星商户,http://www.dianping.com/shop/21931369#comment,
1,动力鸡车,110580943,动力鸡车(绿莲路店),准四星商户,http://www.dianping.com/shop/110580943#comment,歇业/关闭
1,动力鸡车,92108378,动力鸡车(漕泾店),三星商户,http://www.dianping.com/shop/92108378/review,
1,动力鸡车,66888418,动力鸡车(大润发玛特店),准四星商户,http://www.dianping.com/shop/66888418#comment,
1,动力鸡车,14723142,动力鸡车凯旋路,该商户暂无星级,http://www.dianping.com/shop/14723142#comment,歇业/关闭
1,动力鸡车,93643362,鲜道&动力鸡车,准四星商户,http://www.dianping.com/shop/93643362#comment,
1,动力鸡车,102155103,动力鸡车(新都会店),三星商户,http://www.dianping.com/shop/102155103#comment,
1,动力鸡车,79292640,动力鸡车(苏宁店),该商户暂无星级,http://www.dianping.com/shop/79292640#comment,歇业/关闭
1,动力鸡车,91996222,动力鸡车(松汇中路店),准四星商户,http://www.dianping.com/shop/91996222#comment,
1,动力鸡车,14909546,动力鸡车(四平路店),该商户暂无星级,http://www.dianping.com/shop/14909546#comment,歇业/关闭
1,动力鸡车,48122970,动力鸡车(张江家乐福店),准四星商户,http://www.dianping.com/shop/48122970#comment,歇业/关闭
1,动力鸡车,121944894,动力鸡车(长发购物中心店),三星商户,http://www.dianping.com/shop/121944894#comment,
1,动力鸡车,65851276,动力鸡车(东林街店),准四星商户,http://www.dianping.com/shop/65851276#comment,
1,动力鸡车,60541000,动力鸡车(谷阳北路),准四星商户,http://www.dianping.com/shop/60541000#comment,
1,动力鸡车,107702902,动力鸡车(三林店),该商户暂无星级,http://www.dianping.com/shop/107702902#comment,歇业/关闭
1,动力鸡车,122915544,动力鸡车(工农店),准四星商户,http://www.dianping.com/shop/122915544#comment,
1,动力鸡车,91022238,动力鸡车,该商户暂无星级,http://www.dianping.com/shop/91022238#comment,歇业/关闭
1,动力鸡车,110581019,动力鸡车(乐天路店),准四星商户,http://www.dianping.com/shop/110581019#comment,
1,动力鸡车,97896825,动力鸡车,三星商户,http://www.dianping.com/shop/97896825/review,歇业/关闭
1,动力鸡车,97838628,动力鸡车(宝山店),三星商户,http://www.dianping.com/shop/97838628/review,歇业/关闭
1,动力鸡车,5619381,动力鸡车(同济支路店),准四星商户,http://www.dianping.com/shop/5619381#comment,
1,动力鸡车,69735016,动力鸡车(南泉北路店),该商户暂无星级,http://www.dianping.com/shop/69735016#comment,歇业/关闭
1,动力鸡车,65893095,动力鸡车(远洋店),准四星商户,http://www.dianping.com/shop/65893095#comment,
1,动力鸡车,93084196,动力鸡车(运河路店),准四星商户,http://www.dianping.com/shop/93084196#comment,
1,动力鸡车,66528282,动力鸡车(淞南购物中心店),准四星商户,http://www.dianping.com/shop/66528282#comment,
1,动力鸡车,45462330,动力鸡车(吾悦金街店),该商户暂无星级,http://www.dianping.com/shop/45462330#comment,歇业/关闭
1,动力鸡车,20952838,动力鸡车(陆家嘴店),该商户暂无星级,http://www.dianping.com/shop/20952838#comment,歇业/关闭
1,动力鸡车,37754226,动力鸡车(台湾小吃),该商户暂无星级,http://www.dianping.com/shop/37754226#comment,歇业/关闭
1,动力鸡车,22286851,动力鸡车(康桥店),准四星商户,http://www.dianping.com/shop/22286851#comment,
1,动力鸡车,18613360,动力鸡车(岚皋路店),该商户暂无星级,http://www.dianping.com/shop/18613360#comment,歇业/关闭
1,动力鸡车,127059329,动力鸡车(临港宝龙广场店),该商户暂无星级,http://www.dianping.com/shop/127059329/review,
1,动力鸡车,120019678,动力鸡车(沪城环路店),准四星商户,http://www.dianping.com/shop/120019678#comment,
1,动力鸡车,76758947,动力鸡车(旭辉九亭U天地店),该商户暂无星级,http://www.dianping.com/shop/76758947#comment,歇业/关闭
1,动力鸡车,96293186,动力鸡车,三星商户,http://www.dianping.com/shop/96293186/review,歇业/关闭
1,动力鸡车,17671623,动力鸡车(曲阳路店),该商户暂无星级,http://www.dianping.com/shop/17671623#comment,歇业/关闭
1,动力鸡车,66278955,动力鸡车,该商户暂无星级,http://www.dianping.com/shop/66278955#comment,歇业/关闭
1,动力鸡车,19229224,动力鸡车(海阳路店),该商户暂无星级,http://www.dianping.com/shop/19229224#comment,歇业/关闭
1,动力鸡车,17301591,动力鸡车(南大街店),准四星商户,http://www.dianping.com/shop/17301591/review,歇业/关闭
1,动力鸡车,113862713,动力鸡车(幸福路店),该商户暂无星级,http://www.dianping.com/shop/113862713#comment,歇业/关闭
1,动力鸡车,58892087,动力鸡车,该商户暂无星级,http://www.dianping.com/shop/58892087#comment,歇业/关闭
1,动力鸡车,45447000,动力鸡车(江学路店),该商户暂无星级,http://www.dianping.com/shop/45447000#comment,歇业/关闭
1,动力鸡车,76765295,动力鸡车(关岳路店),三星商户,http://www.dianping.com/shop/76765295#comment,
1,动力鸡车,59254587,动力鸡车(保德路店),该商户暂无星级,http://www.dianping.com/shop/59254587#comment,歇业/关闭
1,动力鸡车,67995534,动力鸡车(金桥公园店),该商户暂无星级,http://www.dianping.com/shop/67995534#comment,歇业/关闭
1,动力鸡车,98465203,动力鸡车(国权店),该商户暂无星级,http://www.dianping.com/shop/98465203#comment,歇业/关闭
1,动力鸡车,58212482,动力鸡车(朱家角古镇店),该商户暂无星级,http://www.dianping.com/shop/58212482#comment,歇业/关闭
1,动力鸡车,69176459,动力鸡车(板泉路店),该商户暂无星级,http://www.dianping.com/shop/69176459#comment,歇业/关闭
1,动力鸡车,19272333,动力鸡车(水电路店),该商户暂无星级,http://www.dianping.com/shop/19272333#comment,歇业/关闭
1,动力鸡车,125395720,动力鸡车,该商户暂无星级,http://www.dianping.com/shop/125395720#comment,歇业/关闭
1,动力鸡车,18569628,动力鸡车(月亮湾店),该商户暂无星级,http://www.dianping.com/shop/18569628#comment,歇业/关闭
1,动力鸡车,122272405,动力鸡车(贤瑞路店),三星商户,http://www.dianping.com/shop/122272405/review,
1,动力鸡车,56907454,动力鸡车,该商户暂无星级,http://www.dianping.com/shop/56907454#comment,歇业/关闭
1,动力鸡车,17750744,动力鸡车(交通路店),该商户暂无星级,http://www.dianping.com/shop/17750744#comment,歇业/关闭
1,动力鸡车,92869766,动力鸡车·鼎茶,该商户暂无星级,http://www.dianping.com/shop/92869766/review,歇业/关闭
1,动力鸡车,18682835,动力鸡车(益江路店),该商户暂无星级,http://www.dianping.com/shop/18682835#comment,歇业/关闭
1,动力鸡车,126053795,动力鸡车(外国语大学店),该商户暂无星级,http://www.dianping.com/shop/126053795/review,
1,动力鸡车,98115515,动力鸡车(世纪城店),该商户暂无星级,http://www.dianping.com/shop/98115515/review,歇业/关闭
1,动力鸡车,24728399,动力鸡车,该商户暂无星级,http://www.dianping.com/shop/24728399/review,歇业/关闭
1,动力鸡车,90307592,动力鸡车,该商户暂无星级,http://www.dianping.com/shop/90307592/review,歇业/关闭
1,动力鸡车,57014813,动力鸡车,该商户暂无星级,http://www.dianping.com/shop/57014813#comment,歇业/关闭
1,动力鸡车,98907993,动力鸡车(铜川路店),准四星商户,http://www.dianping.com/shop/98907993#comment,
1,动力鸡车,110581017,动力鸡车(乐坊精致生活广场店),三星商户,http://www.dianping.com/shop/110581017/review,歇业/关闭
1,动力鸡车,106635048,动力鸡车(祝桥镇委员会东南),三星商户,http://www.dianping.com/shop/106635048#comment,
1,动力鸡车,110581015,动力鸡车(源深路店),三星商户,http://www.dianping.com/shop/110581015/review,
1,动力鸡车,67192337,动力鸡车,准四星商户,http://www.dianping.com/shop/67192337#comment,
1,动力鸡车,26959602,动力鸡车(同凯路店),准四星商户,http://www.dianping.com/shop/26959602#comment,
1,动力鸡车,56571063,动力鸡车,三星商户,http://www.dianping.com/shop/56571063/review,歇业/关闭
1,动力鸡车,65722700,动力鸡车,三星商户,http://www.dianping.com/shop/65722700/review,歇业/关闭
1,动力鸡车,76825482,动力鸡车 莘砖公路,该商户暂无星级,http://www.dianping.com/shop/76825482/review,
1,动力鸡车,68472318,动力鸡车,该商户暂无星级,http://www.dianping.com/shop/68472318#comment,歇业/关闭
1,动力鸡车,102093601,动力鸡车(鼓浪路店),准四星商户,http://www.dianping.com/shop/102093601#comment,
1,动力鸡车,58051603,动力鸡车,该商户暂无星级,http://www.dianping.com/shop/58051603#comment,歇业/关闭
1,动力鸡车,126227024,动力鸡车,该商户暂无星级,http://www.dianping.com/shop/126227024/review,
1,动力鸡车,112261838,动力鸡车(洲海路店),该商户暂无星级,http://www.dianping.com/shop/112261838/review,
1,动力鸡车,113862975,动力鸡车,该商户暂无星级,http://www.dianping.com/shop/113862975/review,
1,动力鸡车,128021900,动力鸡车,该商户暂无星级,http://www.dianping.com/shop/128021900/review,歇业/关闭
1,动力鸡车,112910873,动力鸡车(吕巷店),该商户暂无星级,http://www.dianping.com/shop/112910873/review,歇业/关闭
1,动力鸡车,91997707,动力鸡车(中山二路店),该商户暂无星级,http://www.dianping.com/shop/91997707/review,歇业/关闭
1,动力鸡车,80058959,动力鸡车(交城路店),该商户暂无星级,http://www.dianping.com/shop/80058959/review,歇业/关闭
1,动力鸡车,66965667,动力鸡车(合庆店),该商户暂无星级,http://www.dianping.com/shop/66965667/review,歇业/关闭
1,动力鸡车,45626307,动力鸡车,三星商户,http://www.dianping.com/shop/45626307/review,
1,动力鸡车,110580944,动力鸡车(广南路店),三星商户,http://www.dianping.com/shop/110580944/review,
2,动力鸡车,125895461,动力鸡车,准四星商户,http://www.dianping.com/shop/125895461#comment,
2,动力鸡车,57179614,动力鸡车(紫竹桥店),准四星商户,http://www.dianping.com/shop/57179614#comment,
2,动力鸡车,32564180,动力鸡车(亚运村店),准四星商户,http://www.dianping.com/shop/32564180#comment,
2,动力鸡车,24896758,动力鸡车,准四星商户,http://www.dianping.com/shop/24896758#comment,
2,动力鸡车,24707027,动力鸡车(石景山店),准四星商户,http://www.dianping.com/shop/24707027#comment,
2,动力鸡车,23986789,动力鸡车(西红门),三星商户,http://www.dianping.com/shop/23986789#comment,
2,动力鸡车,45599825,动力鸡车,三星商户,http://www.dianping.com/shop/45599825/review,
2,动力鸡车,37796946,动力鸡车,三星商户,http://www.dianping.com/shop/37796946#comment,
2,动力鸡车,69227141,动力鸡车,三星商户,http://www.dianping.com/shop/69227141/review,
2,动力鸡车,69948041,动力鸡车,三星商户,http://www.dianping.com/shop/69948041/review,
2,动力鸡车,43111952,动力鸡车(清源北路店),三星商户,http://www.dianping.com/shop/43111952/review,
2,动力鸡车,74633581,动力鸡车,三星商户,http://www.dianping.com/shop/74633581/review,
2,动力鸡车,69228144,动力鸡车,三星商户,http://www.dianping.com/shop/69228144/review,
2,动力鸡车,65792580,动力鸡车,准四星商户,http://www.dianping.com/shop/65792580#comment,
2,动力鸡车,20853483,动力鸡车,该商户暂无星级,http://www.dianping.com/shop/20853483#comment,歇业/关闭
2,动力鸡车,110601661,动力鸡车,该商户暂无星级,http://www.dianping.com/shop/110601661#comment,歇业/关闭
2,动力鸡车,37767824,周庄子动力鸡车,该商户暂无星级,http://www.dianping.com/shop/37767824/review,
2,动力鸡车,129200733,动力鸡车大鸡排,该商户暂无星级,http://www.dianping.com/shop/129200733/review,
2,动力鸡车,125898118,动力鸡车,该商户暂无星级,http://www.dianping.com/shop/125898118/review,
3,动力鸡车,23865659,动力鸡车,准四星商户,http://www.dianping.com/shop/23865659#comment,
3,动力鸡车,102023331,动力鸡车,准四星商户,http://www.dianping.com/shop/102023331#comment,
3,动力鸡车,68115559,动力鸡车,准四星商户,http://www.dianping.com/shop/68115559#comment,
3,动力鸡车,91594796,动力鸡车(党湾店),准四星商户,http://www.dianping.com/shop/91594796#comment,
3,动力鸡车,67308082,动力鸡车_伊萨卡店,准四星商户,http://www.dianping.com/shop/67308082#comment,
3,动力鸡车,94312246,动力鸡车,准四星商户,http://www.dianping.com/shop/94312246#comment,
3,动力鸡车,76732734,动力鸡车(萧山机场店),三星商户,http://www.dianping.com/shop/76732734/review,
3,动力鸡车,48196885,动力鸡车(潜阳路),三星商户,http://www.dianping.com/shop/48196885/review,
3,动力鸡车,121521027,动力鸡车(义蓬店),准四星商户,http://www.dianping.com/shop/121521027#comment,
3,动力鸡车,108362732,动力鸡车,三星商户,http://www.dianping.com/shop/108362732/review,
3,动力鸡车,69571104,动力鸡车(萧山宝龙店),三星商户,http://www.dianping.com/shop/69571104/review,
3,动力鸡车,101907521,动力鸡车,三星商户,http://www.dianping.com/shop/101907521/review,
3,动力鸡车,122060836,动力鸡车,该商户暂无星级,http://www.dianping.com/shop/122060836/review,
3,动力鸡车,125140542,动力鸡车,该商户暂无星级,http://www.dianping.com/shop/125140542/review,
3,动力鸡车,127781660,动力鸡车,该商户暂无星级,http://www.dianping.com/shop/127781660/review,
3,动力鸡车,124619446,动力鸡车,该商户暂无星级,http://www.dianping.com/shop/124619446/review,
3,动力鸡车,122815444,动力鸡车,该商户暂无星级,http://www.dianping.com/shop/122815444/review,
4,动力鸡车,95464951,动力鸡车,三星商户,http://www.dianping.com/shop/95464951/review,
4,动力鸡车,65382652,动力鸡车,三星商户,http://www.dianping.com/shop/65382652/review,
4,动力鸡车,23625917,动力鸡车,三星商户,http://www.dianping.com/shop/23625917/review,
5,动力鸡车,8916482,动力鸡车(三条巷店),准四星商户,http://www.dianping.com/shop/8916482#comment,
5,动力鸡车,102482950,动力鸡车,准四星商户,http://www.dianping.com/shop/102482950#comment,
5,动力鸡车,69286976,动力鸡车(横梁店),准四星商户,http://www.dianping.com/shop/69286976#comment,
5,动力鸡车,22643324,动力鸡车(威尼斯店),准四星商户,http://www.dianping.com/shop/22643324#comment,
5,动力鸡车,92026298,动力鸡车(金辉广场店),准四星商户,http://www.dianping.com/shop/92026298#comment,
5,动力鸡车,79343974,动力鸡车,准四星商户,http://www.dianping.com/shop/79343974#comment,
5,动力鸡车,126183014,动力鸡车,该商户暂无星级,http://www.dianping.com/shop/126183014/review,
6,动力鸡车,19649353,动力鸡车(石路店),准四星商户,http://www.dianping.com/shop/19649353#comment,
6,动力鸡车,91997612,动力鸡车(凤凰城店),准四星商户,http://www.dianping.com/shop/91997612#comment,
6,动力鸡车,24668470,动力鸡车(世贸店),准四星商户,http://www.dianping.com/shop/24668470#comment,
6,动力鸡车,123137762,动力鸡车,准四星商户,http://www.dianping.com/shop/123137762#comment,
6,动力鸡车,27189916,动力鸡车,准四星商户,http://www.dianping.com/shop/27189916#comment,
6,动力鸡车,16724313,动力鸡车(花桥店),准四星商户,http://www.dianping.com/shop/16724313#comment,
6,动力鸡车,91857186,动力鸡车(曼哈顿店),准四星商户,http://www.dianping.com/shop/91857186#comment,歇业/关闭
6,动力鸡车,110766280,动力鸡车,准四星商户,http://www.dianping.com/shop/110766280#comment,
6,动力鸡车,83503110,动力鸡车,准四星商户,http://www.dianping.com/shop/83503110#comment,
6,动力鸡车,98816549,动力鸡车(美好荟店),准四星商户,http://www.dianping.com/shop/98816549#comment,
6,动力鸡车,18039231,动力鸡车(公园路店),准四星商户,http://www.dianping.com/shop/18039231#comment,
6,动力鸡车,91930379,动力鸡车脆皮鸡饭,准四星商户,http://www.dianping.com/shop/91930379#comment,
6,动力鸡车,98085210,动力鸡车,准四星商户,http://www.dianping.com/shop/98085210#comment,
6,动力鸡车,102311643,动力鸡车,准四星商户,http://www.dianping.com/shop/102311643#comment,
6,动力鸡车,19319053,动力鸡车(邵昂路店),准四星商户,http://www.dianping.com/shop/19319053#comment,
6,动力鸡车,101973726,动力鸡车,准四星商户,http://www.dianping.com/shop/101973726#comment,
6,动力鸡车,22093062,动力鸡车(周市店),准四星商户,http://www.dianping.com/shop/22093062#comment,
6,动力鸡车,57484057,动力鸡车(玫瑰湾店),准四星商户,http://www.dianping.com/shop/57484057#comment,
6,动力鸡车,123147797,动力鸡车,准四星商户,http://www.dianping.com/shop/123147797#comment,
6,动力鸡车,90481672,动力鸡车[脆皮鸡排饭],准四星商户,http://www.dianping.com/shop/90481672#comment,
6,动力鸡车,110678020,动力鸡车,准四星商户,http://www.dianping.com/shop/110678020#comment,
6,动力鸡车,57467193,动力鸡车,准四星商户,http://www.dianping.com/shop/57467193#comment,
6,动力鸡车,66413607,动力鸡车(阳澄湖店),准四星商户,http://www.dianping.com/shop/66413607#comment,
6,动力鸡车,83570948,动力鸡车,准四星商户,http://www.dianping.com/shop/83570948#comment,
6,动力鸡车,58676263,动力鸡车,准四星商户,http://www.dianping.com/shop/58676263#comment,
6,动力鸡车,68208763,动力鸡车(鑫隆广场店),准四星商户,http://www.dianping.com/shop/68208763#comment,
6,动力鸡车,90915057,动力鸡车,准四星商户,http://www.dianping.com/shop/90915057#comment,
6,动力鸡车,6702383,动力鸡车(华旭广场店),三星商户,http://www.dianping.com/shop/6702383#comment,
6,动力鸡车,92536616,动力鸡车,准四星商户,http://www.dianping.com/shop/92536616#comment,
6,动力鸡车,113869814,动力鸡车(千灯古镇店),准四星商户,http://www.dianping.com/shop/113869814#comment,
6,动力鸡车,48174019,动力鸡车(东吴南路店),三星商户,http://www.dianping.com/shop/48174019/review,
6,动力鸡车,6137988,动力鸡车(同丰西路店),三星商户,http://www.dianping.com/shop/6137988/review,
6,动力鸡车,58330872,动力鸡车(大公商业街店),三星商户,http://www.dianping.com/shop/58330872#comment,歇业/关闭
6,动力鸡车,6199250,动力鸡车(花园路店),三星商户,http://www.dianping.com/shop/6199250#comment,
6,动力鸡车,128022104,动力鸡车,该商户暂无星级,http://www.dianping.com/shop/128022104#comment,歇业/关闭
6,动力鸡车,92889345,动力鸡车超级奶爸,该商户暂无星级,http://www.dianping.com/shop/92889345/review,歇业/关闭
6,动力鸡车,45435713,动力鸡车,三星商户,http://www.dianping.com/shop/45435713/review,
6,动力鸡车,68863449,动力鸡车汉堡,该商户暂无星级,http://www.dianping.com/shop/68863449/review,
6,动力鸡车,128304876,动力鸡车,该商户暂无星级,http://www.dianping.com/shop/128304876/review,
6,动力鸡车,122441357,动力鸡车,该商户暂无星级,http://www.dianping.com/shop/122441357/review,
6,动力鸡车,110755592,动力鸡车(锦溪店),该商户暂无星级,http://www.dianping.com/shop/110755592/review,歇业/关闭
7,动力鸡车,48126824,动力鸡车(竹园店),准四星商户,http://www.dianping.com/shop/48126824#comment,
7,动力鸡车,66692658,动力鸡车(较场尾店),准四星商户,http://www.dianping.com/shop/66692658#comment,
7,动力鸡车,66871062,动力鸡车,三星商户,http://www.dianping.com/shop/66871062/review,
7,动力鸡车,67541003,动力鸡车,三星商户,http://www.dianping.com/shop/67541003/review,
7,动力鸡车,100570979,动力鸡车,三星商户,http://www.dianping.com/shop/100570979/review,
7,动力鸡车,18426636,动力鸡车(深大店),三星商户,http://www.dianping.com/shop/18426636/review,
8,动力鸡车,67578473,动力鸡车,准四星商户,http://www.dianping.com/shop/67578473#comment,
8,动力鸡车,67095867,动力鸡车川大店,准四星商户,http://www.dianping.com/shop/67095867#comment,
8,动力鸡车,90573395,动力鸡车(沙湾店),准四星商户,http://www.dianping.com/shop/90573395#comment,
8,动力鸡车,96340061,动力鸡车,三星商户,http://www.dianping.com/shop/96340061#comment,
8,动力鸡车,67676169,动力鸡车(龙湖.金楠天街店),准四星商户,http://www.dianping.com/shop/67676169#comment,
8,动力鸡车,69080861,动力鸡车(红光店),准四星商户,http://www.dianping.com/shop/69080861#comment,
8,动力鸡车,40721563,动力鸡车(川外店),三星商户,http://www.dianping.com/shop/40721563#comment,
8,动力鸡车,79276645,动力鸡车(四川大学店),三星商户,http://www.dianping.com/shop/79276645#comment,
8,动力鸡车,95314992,动力鸡车(高新店),三星商户,http://www.dianping.com/shop/95314992/review,
8,动力鸡车,92492303,动力鸡车(大世界商业广场店),三星商户,http://www.dianping.com/shop/92492303/review,
8,动力鸡车,90497243,动力鸡车,三星商户,http://www.dianping.com/shop/90497243#comment,
8,动力鸡车,69001488,动力鸡车便当,该商户暂无星级,http://www.dianping.com/shop/69001488/review,
8,动力鸡车,67675012,动力鸡车(新华公园店),三星商户,http://www.dianping.com/shop/67675012/review,
8,动力鸡车,57324517,动力鸡车(红瓦寺店),该商户暂无星级,http://www.dianping.com/shop/57324517#comment,歇业/关闭
8,动力鸡车,56569933,动力鸡车(双流店),三星商户,http://www.dianping.com/shop/56569933/review,
8,动力鸡车,69685568,动力鸡车(空港店),该商户暂无星级,http://www.dianping.com/shop/69685568/review,
9,动力鸡车,114515864,动力鸡车,三星商户,http://www.dianping.com/shop/114515864/review,
9,动力鸡车,100043298,动力鸡车(奉节分店),三星商户,http://www.dianping.com/shop/100043298/review,
9,动力鸡车,101585704,动力鸡车,三星商户,http://www.dianping.com/shop/101585704/review,
9,动力鸡车,79583260,动力鸡车,该商户暂无星级,http://www.dianping.com/shop/79583260/review,
9,动力鸡车,92350559,动力鸡车(文理店),该商户暂无星级,http://www.dianping.com/shop/92350559/review,
9,动力鸡车,106919813,动力鸡车,三星商户,http://www.dianping.com/shop/106919813/review,
9,动力鸡车,124410655,动力鸡车(万达店),该商户暂无星级,http://www.dianping.com/shop/124410655/review,
9,动力鸡车,69238894,动力鸡车,该商户暂无星级,http://www.dianping.com/shop/69238894/review,
9,动力鸡车,122391412,动力鸡车(永川店),该商户暂无星级,http://www.dianping.com/shop/122391412/review,
10,动力鸡车,5882445,动力鸡车(和平店),准四星商户,http://www.dianping.com/shop/5882445#comment,
10,动力鸡车,6020001,动力鸡车(河北店),准四星商户,http://www.dianping.com/shop/6020001#comment,
10,动力鸡车,9016108,动力鸡车(红桥店),准四星商户,http://www.dianping.com/shop/9016108#comment,
10,动力鸡车,19381926,动力鸡车(金石南里店),准四星商户,http://www.dianping.com/shop/19381926#comment,
10,动力鸡车,96022660,动力鸡车,三星商户,http://www.dianping.com/shop/96022660/review,
11,动力鸡车,18279106,动力鸡车(城隍庙店),准四星商户,http://www.dianping.com/shop/18279106#comment,
11,动力鸡车,93013677,动力鸡车,准四星商户,http://www.dianping.com/shop/93013677#comment,
11,动力鸡车,95273605,动力鸡车(五乡店),准四星商户,http://www.dianping.com/shop/95273605#comment,
11,动力鸡车,90376391,动力鸡车,准四星商户,http://www.dianping.com/shop/90376391#comment,
11,动力鸡车,45522040,动力鸡车,准四星商户,http://www.dianping.com/shop/45522040#comment,
11,动力鸡车,83472970,动力鸡车(高桥店),准四星商户,http://www.dianping.com/shop/83472970#comment,
11,动力鸡车,22677864,动力鸡车,准四星商户,http://www.dianping.com/shop/22677864#comment,
11,动力鸡车,97937312,动力鸡车,三星商户,http://www.dianping.com/shop/97937312/review,
11,动力鸡车,93483352,动力鸡车,三星商户,http://www.dianping.com/shop/93483352/review,
11,动力鸡车,66471399,动力鸡车(三七市店),三星商户,http://www.dianping.com/shop/66471399/review,
11,动力鸡车,68827492,动力鸡车,三星商户,http://www.dianping.com/shop/68827492/review,
11,动力鸡车,95374479,动力鸡车脆皮鸡烤肉饭,该商户暂无星级,http://www.dianping.com/shop/95374479/review,
12,动力鸡车,124960121,动力鸡车,准四星商户,http://www.dianping.com/shop/124960121#comment,
12,动力鸡车,98607994,动力鸡车,准四星商户,http://www.dianping.com/shop/98607994#comment,
12,动力鸡车,69516210,动力鸡车,准四星商户,http://www.dianping.com/shop/69516210#comment,
12,动力鸡车,21298822,动力鸡车,四星商户,http://www.dianping.com/shop/21298822#comment,
12,动力鸡车,22490440,动力鸡车,准四星商户,http://www.dianping.com/shop/22490440#comment,
12,动力鸡车,67330156,动力鸡车,准四星商户,http://www.dianping.com/shop/67330156#comment,
12,动力鸡车,40049921,动力鸡车,准四星商户,http://www.dianping.com/shop/40049921#comment,
12,动力鸡车,98030955,超级动力鸡车(金源店),该商户暂无星级,http://www.dianping.com/shop/98030955/review,
12,动力鸡车,102556025,动力鸡车,该商户暂无星级,http://www.dianping.com/shop/102556025/review,
12,动力鸡车,124960121,动力鸡车,准四星商户,http://www.dianping.com/shop/124960121#comment,
12,动力鸡车,98607994,动力鸡车,准四星商户,http://www.dianping.com/shop/98607994#comment,
12,动力鸡车,69516210,动力鸡车,准四星商户,http://www.dianping.com/shop/69516210#comment,
12,动力鸡车,21298822,动力鸡车,四星商户,http://www.dianping.com/shop/21298822#comment,
12,动力鸡车,22490440,动力鸡车,准四星商户,http://www.dianping.com/shop/22490440#comment,
12,动力鸡车,67330156,动力鸡车,准四星商户,http://www.dianping.com/shop/67330156#comment,
12,动力鸡车,40049921,动力鸡车,准四星商户,http://www.dianping.com/shop/40049921#comment,
12,动力鸡车,98030955,超级动力鸡车(金源店),该商户暂无星级,http://www.dianping.com/shop/98030955/review,
12,动力鸡车,102556025,动力鸡车,该商户暂无星级,http://www.dianping.com/shop/102556025/review,
13,动力鸡车,19263542,动力鸡车(苏宁广场店),该商户暂无星级,http://www.dianping.com/shop/19263542#comment,歇业/关闭
13,动力鸡车,90484723,动力鸡车,三星商户,http://www.dianping.com/shop/90484723#comment,
13,动力鸡车,93587089,动力鸡车(凤凰街店),三星商户,http://www.dianping.com/shop/93587089#comment,
13,动力鸡车,5925949,动力鸡车(现代生活广场店),三星商户,http://www.dianping.com/shop/5925949/review,
13,动力鸡车,77335403,动力鸡车,三星商户,http://www.dianping.com/shop/77335403#comment,
13,动力鸡车,107775973,动力鸡车(堰新西路店),三星商户,http://www.dianping.com/shop/107775973/review,
13,动力鸡车,91901934,动力鸡车(润发购物中心店),三星商户,http://www.dianping.com/shop/91901934/review,
13,动力鸡车,126217404,动力鸡车,该商户暂无星级,http://www.dianping.com/shop/126217404/review,
13,动力鸡车,128524555,动力鸡车,该商户暂无星级,http://www.dianping.com/shop/128524555/review,
13,动力鸡车,122538370,动力鸡车,该商户暂无星级,http://www.dianping.com/shop/122538370/review,
14,动力鸡车,23074012,动力鸡车,准四星商户,http://www.dianping.com/shop/23074012#comment,
14,动力鸡车,6604020,动力鸡车(平潭县店),准四星商户,http://www.dianping.com/shop/6604020#comment,
14,动力鸡车,37770920,动力鸡车(岳峰店),三星商户,http://www.dianping.com/shop/37770920#comment,
14,动力鸡车,58464947,动力鸡车,准四星商户,http://www.dianping.com/shop/58464947#comment,
14,动力鸡车,69184017,动力鸡车,三星商户,http://www.dianping.com/shop/69184017/review,
14,动力鸡车,21271942,动力鸡车,三星商户,http://www.dianping.com/shop/21271942#comment,
14,动力鸡车,74670748,动力鸡车,该商户暂无星级,http://www.dianping.com/shop/74670748/review,
14,动力鸡车,65996923,动力鸡车,该商户暂无星级,http://www.dianping.com/shop/65996923/review,
16,动力鸡车,20797934,动力鸡车(南湖店),准四星商户,http://www.dianping.com/shop/20797934#comment,
16,动力鸡车,94029301,动力鸡车,准四星商户,http://www.dianping.com/shop/94029301#comment,
16,动力鸡车,50599597,动力鸡车(澳门街店),准四星商户,http://www.dianping.com/shop/50599597#comment,
16,动力鸡车,65860313,动力鸡车,准四星商户,http://www.dianping.com/shop/65860313#comment,
16,动力鸡车,65498855,动力鸡车大鸡排,准四星商户,http://www.dianping.com/shop/65498855#comment,
16,动力鸡车,106922070,动力鸡车(湖大店),三星商户,http://www.dianping.com/shop/106922070/review,
16,动力鸡车,66362313,动力鸡车佳兴园店,准四星商户,http://www.dianping.com/shop/66362313#comment,
16,动力鸡车,97378989,动力鸡车,三星商户,http://www.dianping.com/shop/97378989/review,
16,动力鸡车,69473341,动力鸡车,三星商户,http://www.dianping.com/shop/69473341/review,
16,动力鸡车,75629484,动力鸡车,该商户暂无星级,http://www.dianping.com/shop/75629484/review,
17,动力鸡车,69848170,动力鸡车,准四星商户,http://www.dianping.com/shop/69848170#comment,
17,动力鸡车,93216818,动力鸡车,准四星商户,http://www.dianping.com/shop/93216818#comment,
17,动力鸡车,90446618,动力鸡车,该商户暂无星级,http://www.dianping.com/shop/90446618/review,
17,动力鸡车,65881642,动力鸡车(学前师范店),该商户暂无星级,http://www.dianping.com/shop/65881642/review,
18,动力鸡车,93093227,动力鸡车脆皮鸡饭(星摩尔店),三星商户,http://www.dianping.com/shop/93093227#comment,
18,动力鸡车,80374182,动力鸡车,三星商户,http://www.dianping.com/shop/80374182/review,歇业/关闭
19,动力鸡车,44118443,动力鸡车,该商户暂无星级,http://www.dianping.com/shop/44118443/review,
19,动力鸡车,125162070,动力鸡车,该商户暂无星级,http://www.dianping.com/shop/125162070/review,
19,动力鸡车,22983997,动力鸡车,该商户暂无星级,http://www.dianping.com/shop/22983997/review,
19,动力鸡车,125979062,动力鸡车,该商户暂无星级,http://www.dianping.com/shop/125979062/review,
21,动力鸡车,73411777,动力鸡车,准四星商户,http://www.dianping.com/shop/73411777#comment,
21,动力鸡车,18620529,动力鸡车&安妮公主意大利冰激凌,准四星商户,http://www.dianping.com/shop/18620529#comment,
21,动力鸡车,108294979,动力鸡车,准四星商户,http://www.dianping.com/shop/108294979#comment,
21,动力鸡车,96192292,动力鸡车(书院路店),准四星商户,http://www.dianping.com/shop/96192292#comment,
21,动力鸡车,76061117,动力鸡车,该商户暂无星级,http://www.dianping.com/shop/76061117#comment,歇业/关闭
22,动力鸡车,90314864,动力鸡车(桑园路店),准四星商户,http://www.dianping.com/shop/90314864#comment,
22,动力鸡车,93677021,动力鸡车,三星商户,http://www.dianping.com/shop/93677021/review,
22,动力鸡车,38121488,动力鸡车,该商户暂无星级,http://www.dianping.com/shop/38121488/review,
23,动力鸡车,126547681,动力鸡车,该商户暂无星级,http://www.dianping.com/shop/126547681/review,
25,动力鸡车,92281905,动力鸡车(金融街购物广场店),准四星商户,http://www.dianping.com/shop/92281905#comment,
25,动力鸡车,6815601,动力鸡车,三星商户,http://www.dianping.com/shop/6815601#comment,
25,动力鸡车,104095810,动力鸡车,三星商户,http://www.dianping.com/shop/104095810/review,
27,动力鸡车,18457592,动力鸡车,准四星商户,http://www.dianping.com/shop/18457592#comment,
27,动力鸡车,24628814,动力鸡车(峰峰二市小店),准四星商户,http://www.dianping.com/shop/24628814#comment,
27,动力鸡车,67419283,动力鸡车(临漳天奕商厦店),准四星商户,http://www.dianping.com/shop/67419283#comment,
27,动力鸡车,67468094,动力鸡车(肥乡实验小学店),准四星商户,http://www.dianping.com/shop/67468094#comment,
27,动力鸡车,57885464,动力鸡车(肥乡美食林店),该商户暂无星级,http://www.dianping.com/shop/57885464#comment,歇业/关闭
27,动力鸡车,58058972,动力鸡车,三星商户,http://www.dianping.com/shop/58058972/review,
27,动力鸡车,76660136,动力鸡车(阳光店),该商户暂无星级,http://www.dianping.com/shop/76660136#comment,歇业/关闭
28,动力鸡车,21100685,动力鸡车,准四星商户,http://www.dianping.com/shop/21100685#comment,
28,动力鸡车,66962926,动力鸡车,准四星商户,http://www.dianping.com/shop/66962926#comment,歇业/关闭
28,动力鸡车,43772332,新动力鸡车,该商户暂无星级,http://www.dianping.com/shop/43772332/review,
29,动力鸡车,69138487,动力鸡车,三星商户,http://www.dianping.com/shop/69138487/review,
29,动力鸡车,48061121,动力鸡车,准四星商户,http://www.dianping.com/shop/48061121#comment,
29,动力鸡车,66577392,动力鸡车,三星商户,http://www.dianping.com/shop/66577392#comment,
29,动力鸡车,120161867,动力鸡车,该商户暂无星级,http://www.dianping.com/shop/120161867/review,
30,动力鸡车,69338565,动力鸡车,准四星商户,http://www.dianping.com/shop/69338565#comment,
30,动力鸡车,90957064,动力鸡车(张北店),三星商户,http://www.dianping.com/shop/90957064#comment,
30,动力鸡车,69220264,动力鸡车,三星商户,http://www.dianping.com/shop/69220264#comment,
30,动力鸡车,97747191,动力鸡车(一品文城店),三星商户,http://www.dianping.com/shop/97747191/review,
31,动力鸡车,67108777,动力鸡车(丰宁店),准四星商户,http://www.dianping.com/shop/67108777#comment,
31,动力鸡车,23561806,动力鸡车,该商户暂无星级,http://www.dianping.com/shop/23561806#comment,歇业/关闭
33,动力鸡车,24739594,动力鸡车(万达店),四星商户,http://www.dianping.com/shop/24739594#comment,
33,动力鸡车,27424686,动力鸡车,准四星商户,http://www.dianping.com/shop/27424686#comment,
33,动力鸡车,65724988,动力鸡车(万庄店),准四星商户,http://www.dianping.com/shop/65724988#comment,
33,动力鸡车,66558209,动力鸡车(固安店),准四星商户,http://www.dianping.com/shop/66558209#comment,
33,动力鸡车,95997686,动力鸡车(四海路店),准四星商户,http://www.dianping.com/shop/95997686#comment,
33,动力鸡车,91685450,动力鸡车(燕郊开发区店),三星商户,http://www.dianping.com/shop/91685450/review,
33,动力鸡车,100687905,动力鸡车(京榆大街),三星商户,http://www.dianping.com/shop/100687905/review,
33,动力鸡车,70793193,动力鸡车,三星商户,http://www.dianping.com/shop/70793193/review,
35,动力鸡车,98492494,动力鸡车,准四星商户,http://www.dianping.com/shop/98492494#comment,
35,动力鸡车,45385993,动力鸡车,三星商户,http://www.dianping.com/shop/45385993#comment,
35,动力鸡车,69041179,动力鸡车,该商户暂无星级,http://www.dianping.com/shop/69041179/review,
35,动力鸡车,114803042,动力鸡车,该商户暂无星级,http://www.dianping.com/shop/114803042/review,歇业/关闭
38,动力鸡车,23355313,动力鸡车,准四星商户,http://www.dianping.com/shop/23355313#comment,
42,动力鸡车,21313382,动力鸡车,准四星商户,http://www.dianping.com/shop/21313382#comment,
42,动力鸡车,73558816,动力鸡车,该商户暂无星级,http://www.dianping.com/shop/73558816#comment,歇业/关闭
43,动力鸡车,58420754,动力鸡车,准四星商户,http://www.dianping.com/shop/58420754#comment,
43,动力鸡车,80426480,动力鸡车,三星商户,http://www.dianping.com/shop/80426480/review,
43,动力鸡车,40145429,动力鸡车,三星商户,http://www.dianping.com/shop/40145429/review,
44,动力鸡车,27294337,动力鸡车,准四星商户,http://www.dianping.com/shop/27294337#comment,
45,动力鸡车,93327869,动力鸡车,三星商户,http://www.dianping.com/shop/93327869/review,
45,动力鸡车,66420757,动力鸡车,该商户暂无星级,http://www.dianping.com/shop/66420757/review,
46,动力鸡车,90363569,动力鸡车,三星商户,http://www.dianping.com/shop/90363569/review,
46,动力鸡车,18458355,动力鸡车,准四星商户,http://www.dianping.com/shop/18458355#comment,
47,动力鸡车,101748818,动力鸡车,三星商户,http://www.dianping.com/shop/101748818/review,
48,动力鸡车,66419457,动力鸡车,准四星商户,http://www.dianping.com/shop/66419457#comment,
49,动力鸡车,126053619,动力鸡车,该商户暂无星级,http://www.dianping.com/shop/126053619/review,歇业/关闭
50,动力鸡车,66182491,动力鸡车,准四星商户,http://www.dianping.com/shop/66182491#comment,
55,动力鸡车,97184265,动力鸡车,三星商户,http://www.dianping.com/shop/97184265/review,
55,动力鸡车,97958538,动力鸡车,三星商户,http://www.dianping.com/shop/97958538/review,
61,动力鸡车,24667030,动力鸡车,准四星商户,http://www.dianping.com/shop/24667030#comment,
63,动力鸡车,68980882,动力鸡车炸鸡排,三星商户,http://www.dianping.com/shop/68980882#comment,
63,动力鸡车,66940088,动力鸡车炸鸡饮品,该商户暂无星级,http://www.dianping.com/shop/66940088/review,
66,动力鸡车,93498533,动力鸡车,准四星商户,http://www.dianping.com/shop/93498533#comment,
66,动力鸡车,66096543,动力鸡车,该商户暂无星级,http://www.dianping.com/shop/66096543#comment,歇业/关闭
69,动力鸡车,69663096,动力鸡车,三星商户,http://www.dianping.com/shop/69663096/review,歇业/关闭
70,动力鸡车,15960086,动力鸡车,三星商户,http://www.dianping.com/shop/15960086#comment,
70,动力鸡车,57631044,鸭掌教动力鸡车,该商户暂无星级,http://www.dianping.com/shop/57631044#comment,歇业/关闭
71,动力鸡车,6457756,动力鸡车,三星商户,http://www.dianping.com/shop/6457756#comment,
71,动力鸡车,111605708,饭当当动力鸡车,该商户暂无星级,http://www.dianping.com/shop/111605708/review,
76,动力鸡车,68687037,动力鸡车,三星商户,http://www.dianping.com/shop/68687037/review,
79,动力鸡车,6230088,动力鸡车(学院路店),准四星商户,http://www.dianping.com/shop/6230088#comment,
79,动力鸡车,65882409,动力鸡车,三星商户,http://www.dianping.com/shop/65882409/review,
79,动力鸡车,66410080,动力鸡车,该商户暂无星级,http://www.dianping.com/shop/66410080/review,
81,动力鸡车,57905150,动力鸡车,该商户暂无星级,http://www.dianping.com/shop/57905150/review,
82,动力鸡车,69578573,动力鸡车,准四星商户,http://www.dianping.com/shop/69578573#comment,歇业/关闭
82,动力鸡车,128368845,动力鸡车,该商户暂无星级,http://www.dianping.com/shop/128368845/review,
86,动力鸡车,113039025,动力鸡车,该商户暂无星级,http://www.dianping.com/shop/113039025/review,
88,动力鸡车,93856088,动力鸡车,准四星商户,http://www.dianping.com/shop/93856088#comment,
88,动力鸡车,23313044,动力鸡车台湾鸡排,准四星商户,http://www.dianping.com/shop/23313044#comment,
88,动力鸡车,77520965,动力鸡车,该商户暂无星级,http://www.dianping.com/shop/77520965/review,
88,动力鸡车,27154752,动力鸡车,该商户暂无星级,http://www.dianping.com/shop/27154752/review,
90,动力鸡车,97614292,动力鸡车,三星商户,http://www.dianping.com/shop/97614292/review,
92,动力鸡车,18295749,动力鸡车,四星商户,http://www.dianping.com/shop/18295749#comment,
92,动力鸡车,110230570,动力鸡车(奥特莱斯店),准四星商户,http://www.dianping.com/shop/110230570#comment,
92,动力鸡车,93089226,动力鸡车,准四星商户,http://www.dianping.com/shop/93089226#comment,
92,动力鸡车,21165268,动力鸡车,准四星商户,http://www.dianping.com/shop/21165268#comment,
92,动力鸡车,48205633,南通炒饭和动力鸡车鸡排饭,该商户暂无星级,http://www.dianping.com/shop/48205633/review,
92,动力鸡车,126125980,动力鸡车,该商户暂无星级,http://www.dianping.com/shop/126125980/review,
93,动力鸡车,66251376,动力鸡车(富都店),准四星商户,http://www.dianping.com/shop/66251376#comment,
93,动力鸡车,110253723,动力鸡车(一中店),准四星商户,http://www.dianping.com/shop/110253723#comment,
93,动力鸡车,92135138,动力鸡车,准四星商户,http://www.dianping.com/shop/92135138#comment,歇业/关闭
93,动力鸡车,77719385,动力鸡车,三星商户,http://www.dianping.com/shop/77719385/review,
93,动力鸡车,92501251,动力鸡车,三星商户,http://www.dianping.com/shop/92501251/review,
93,动力鸡车,90337403,动力鸡车,三星商户,http://www.dianping.com/shop/90337403/review,歇业/关闭
93,动力鸡车,65669274,动力鸡车,该商户暂无星级,http://www.dianping.com/shop/65669274#comment,歇业/关闭
93,动力鸡车,90536418,动力鸡车,该商户暂无星级,http://www.dianping.com/shop/90536418/review,
93,动力鸡车,110373805,动力鸡车,该商户暂无星级,http://www.dianping.com/shop/110373805/review,
93,动力鸡车,129186369,动力鸡车(孟河店),该商户暂无星级,http://www.dianping.com/shop/129186369/review,
94,动力鸡车,22287573,动力鸡车(朝晖花园店),准四星商户,http://www.dianping.com/shop/22287573#comment,
94,动力鸡车,15917856,动力鸡车,四星商户,http://www.dianping.com/shop/15917856#comment,
94,动力鸡车,91980904,动力鸡车,准四星商户,http://www.dianping.com/shop/91980904#comment,
94,动力鸡车,19373188,动力鸡车(建设中路店),四星商户,http://www.dianping.com/shop/19373188#comment,
94,动力鸡车,80618525,动力鸡车(鸿鸣摩尔店),四星商户,http://www.dianping.com/shop/80618525#comment,
94,动力鸡车,121490210,动力鸡车(金游城店),准四星商户,http://www.dianping.com/shop/121490210#comment,
94,动力鸡车,15876447,动力鸡车,三星商户,http://www.dianping.com/shop/15876447#comment,
94,动力鸡车,18212319,动力鸡车(如皋中学店),四星商户,http://www.dianping.com/shop/18212319#comment,
94,动力鸡车,73560010,动力鸡车(中南店),准四星商户,http://www.dianping.com/shop/73560010#comment,
94,动力鸡车,80179698,动力鸡车(红星菜场店),三星商户,http://www.dianping.com/shop/80179698#comment,
94,动力鸡车,90505192,动力鸡车(正翔广场店),三星商户,http://www.dianping.com/shop/90505192#comment,
94,动力鸡车,98472193,动力鸡车(乐活邻里店),准四星商户,http://www.dianping.com/shop/98472193#comment,
94,动力鸡车,97555642,动力鸡车(幸福店),三星商户,http://www.dianping.com/shop/97555642#comment,
94,动力鸡车,25034303,动力鸡车,准四星商户,http://www.dianping.com/shop/25034303#comment,
94,动力鸡车,97831154,动力鸡车(南通大学店),三星商户,http://www.dianping.com/shop/97831154/review,
94,动力鸡车,97457603,动力鸡车,三星商户,http://www.dianping.com/shop/97457603/review,歇业/关闭
94,动力鸡车,41075973,动力鸡车,三星商户,http://www.dianping.com/shop/41075973/review,
94,动力鸡车,59204130,动力鸡车(鸡排奶茶汉堡店),三星商户,http://www.dianping.com/shop/59204130/review,
94,动力鸡车,80325436,动力鸡车(六甲店),三星商户,http://www.dianping.com/shop/80325436/review,
94,动力鸡车,68895421,动力鸡车,三星商户,http://www.dianping.com/shop/68895421/review,
94,动力鸡车,112790419,动力鸡车(长江新村店),该商户暂无星级,http://www.dianping.com/shop/112790419/review,
95,动力鸡车,59069642,动力鸡车,准四星商户,http://www.dianping.com/shop/59069642#comment,歇业/关闭
95,动力鸡车,24011967,动力鸡车,准四星商户,http://www.dianping.com/shop/24011967#comment,
95,动力鸡车,80939796,动力鸡车,三星商户,http://www.dianping.com/shop/80939796/review,
95,动力鸡车,68064025,动力鸡车鸡排,三星商户,http://www.dianping.com/shop/68064025#comment,
95,动力鸡车,95912633,动力鸡车,三星商户,http://www.dianping.com/shop/95912633/review,
95,动力鸡车,37925726,动力鸡车(御景龙湾店),该商户暂无星级,http://www.dianping.com/shop/37925726#comment,歇业/关闭
95,动力鸡车,94260015,动力鸡车,三星商户,http://www.dianping.com/shop/94260015/review,
95,动力鸡车,100810382,动力鸡车,三星商户,http://www.dianping.com/shop/100810382/review,
95,动力鸡车,114501768,动力鸡车,该商户暂无星级,http://www.dianping.com/shop/114501768/review,
95,动力鸡车,123708594,动力鸡车,该商户暂无星级,http://www.dianping.com/shop/123708594/review,
95,动力鸡车,126577715,动力鸡车,该商户暂无星级,http://www.dianping.com/shop/126577715/review,
96,动力鸡车,19110130,动力鸡车(金源北路店),准四星商户,http://www.dianping.com/shop/19110130#comment,
96,动力鸡车,92757627,动力鸡车,准四星商户,http://www.dianping.com/shop/92757627#comment,
96,动力鸡车,48191204,动力鸡车,准四星商户,http://www.dianping.com/shop/48191204#comment,
96,动力鸡车,27391088,动力鸡车,准四星商户,http://www.dianping.com/shop/27391088#comment,
96,动力鸡车,32332127,动力鸡车(新二中店),准四星商户,http://www.dianping.com/shop/32332127#comment,
96,动力鸡车,108359073,动力鸡车,三星商户,http://www.dianping.com/shop/108359073/review,
96,动力鸡车,67753100,动力鸡车,三星商户,http://www.dianping.com/shop/67753100/review,
96,动力鸡车,93632666,动力鸡车(泽田店),三星商户,http://www.dianping.com/shop/93632666/review,
96,动力鸡车,76566827,动力鸡车,该商户暂无星级,http://www.dianping.com/shop/76566827/review,
96,动力鸡车,120113315,动力鸡车辣风鸡腿排,该商户暂无星级,http://www.dianping.com/shop/120113315/review,
96,动力鸡车,112892560,动力鸡车,该商户暂无星级,http://www.dianping.com/shop/112892560/review,
97,动力鸡车,32309694,动力鸡车,准四星商户,http://www.dianping.com/shop/32309694#comment,
97,动力鸡车,76988199,动力鸡车(新纪元店),准四星商户,http://www.dianping.com/shop/76988199#comment,
97,动力鸡车,66074676,动力鸡车(金鹰奥莱城店),准四星商户,http://www.dianping.com/shop/66074676#comment,
97,动力鸡车,66378051,动力鸡车(东河店),准四星商户,http://www.dianping.com/shop/66378051#comment,
97,动力鸡车,22836897,动力鸡车(鸿基店),准四星商户,http://www.dianping.com/shop/22836897#comment,
97,动力鸡车,21372027,动力鸡车-潘多拉,准四星商户,http://www.dianping.com/shop/21372027#comment,
97,动力鸡车,20799342,动力鸡车,准四星商户,http://www.dianping.com/shop/20799342#comment,
97,动力鸡车,19188710,动力鸡车(盐南东路店),准四星商户,http://www.dianping.com/shop/19188710#comment,
97,动力鸡车,21958264,动力鸡车(梁垛店),准四星商户,http://www.dianping.com/shop/21958264#comment,
97,动力鸡车,127774489,动力鸡车(郭猛人民路店),三星商户,http://www.dianping.com/shop/127774489#comment,
97,动力鸡车,22892899,动力鸡车,准四星商户,http://www.dianping.com/shop/22892899#comment,
97,动力鸡车,20839279,动力鸡车,准四星商户,http://www.dianping.com/shop/20839279#comment,
97,动力鸡车,37951882,动力鸡车,准四星商户,http://www.dianping.com/shop/37951882#comment,
97,动力鸡车,57587498,动力鸡车,准四星商户,http://www.dianping.com/shop/57587498#comment,
97,动力鸡车,57472968,动力鸡车(好又多店),准四星商户,http://www.dianping.com/shop/57472968#comment,
97,动力鸡车,45421295,动力鸡车,准四星商户,http://www.dianping.com/shop/45421295#comment,
97,动力鸡车,45619859,动力鸡车,准四星商户,http://www.dianping.com/shop/45619859#comment,
97,动力鸡车,98395973,动力鸡车,三星商户,http://www.dianping.com/shop/98395973#comment,
97,动力鸡车,98481985,动力鸡车(郭猛店),三星商户,http://www.dianping.com/shop/98481985/review,
97,动力鸡车,83588346,动力鸡车,三星商户,http://www.dianping.com/shop/83588346/review,
97,动力鸡车,96386389,动力鸡车(昌兴壹城店),三星商户,http://www.dianping.com/shop/96386389/review,
97,动力鸡车,92900968,动力鸡车,三星商户,http://www.dianping.com/shop/92900968/review,
97,动力鸡车,79881474,动力鸡车,三星商户,http://www.dianping.com/shop/79881474/review,
97,动力鸡车,68695562,动力鸡车,三星商户,http://www.dianping.com/shop/68695562/review,
97,动力鸡车,43756875,动力鸡车(尚书房西苑店),三星商户,http://www.dianping.com/shop/43756875/review,
98,动力鸡车,125736809,吾悦广场动力鸡车,准四星商户,http://www.dianping.com/shop/125736809#comment,
98,动力鸡车,103555803,动力鸡车,三星商户,http://www.dianping.com/shop/103555803#comment,
98,动力鸡车,111775924,动力鸡车,准四星商户,http://www.dianping.com/shop/111775924#comment,
98,动力鸡车,125382090,动力鸡车,该商户暂无星级,http://www.dianping.com/shop/125382090/review,
98,动力鸡车,113869421,动力鸡车,该商户暂无星级,http://www.dianping.com/shop/113869421/review,
98,动力鸡车,22265544,动力鸡车,该商户暂无星级,http://www.dianping.com/shop/22265544/review,
99,动力鸡车,76661960,动力鸡车(茂业店),准四星商户,http://www.dianping.com/shop/76661960#comment,
99,动力鸡车,68130085,动力鸡车,准四星商户,http://www.dianping.com/shop/68130085#comment,
99,动力鸡车,43869647,动力鸡车(佳源广场店),准四星商户,http://www.dianping.com/shop/43869647#comment,
99,动力鸡车,102338960,动力鸡车,准四星商户,http://www.dianping.com/shop/102338960#comment,
99,动力鸡车,75178793,动力鸡车,三星商户,http://www.dianping.com/shop/75178793#comment,
99,动力鸡车,57733020,动力鸡车,准四星商户,http://www.dianping.com/shop/57733020#comment,
99,动力鸡车,5486677,动力鸡车(姜堰大道店),准四星商户,http://www.dianping.com/shop/5486677#comment,
99,动力鸡车,65910954,动力鸡车,准四星商户,http://www.dianping.com/shop/65910954#comment,
99,动力鸡车,69508638,动力鸡车,三星商户,http://www.dianping.com/shop/69508638#comment,
99,动力鸡车,68333609,动力鸡车,三星商户,http://www.dianping.com/shop/68333609#comment,
99,动力鸡车,59402540,动力鸡车,三星商户,http://www.dianping.com/shop/59402540/review,
99,动力鸡车,127733655,动力鸡车,该商户暂无星级,http://www.dianping.com/shop/127733655/review,
99,动力鸡车,68594716,动力鸡车,该商户暂无星级,http://www.dianping.com/shop/68594716/review,
99,动力鸡车,121548147,动力鸡车,该商户暂无星级,http://www.dianping.com/shop/121548147/review,
99,动力鸡车,128264115,动力鸡车(戴南店),该商户暂无星级,http://www.dianping.com/shop/128264115/review,
99,动力鸡车,111690744,动力鸡车(十桥中路店),该商户暂无星级,http://www.dianping.com/shop/111690744/review,
100,动力鸡车,98421394,动力鸡车,准四星商户,http://www.dianping.com/shop/98421394#comment,
100,动力鸡车,81263717,动力鸡车,三星商户,http://www.dianping.com/shop/81263717#comment,
100,动力鸡车,98412066,动力鸡车(洋河店),准四星商户,http://www.dianping.com/shop/98412066#comment,
100,动力鸡车,5485891,动力鸡车,三星商户,http://www.dianping.com/shop/5485891/review,
100,动力鸡车,40381199,动力鸡车,准四星商户,http://www.dianping.com/shop/40381199#comment,
100,动力鸡车,93545476,动力鸡车(广州路店),三星商户,http://www.dianping.com/shop/93545476#comment,
100,动力鸡车,98647397,动力鸡车(乐之地店),三星商户,http://www.dianping.com/shop/98647397/review,
101,动力鸡车,22291243,动力鸡车(鳌江店),准四星商户,http://www.dianping.com/shop/22291243#comment,
101,动力鸡车,68365539,动力鸡车,准四星商户,http://www.dianping.com/shop/68365539#comment,
101,动力鸡车,66059500,动力鸡车(仙岩店),三星商户,http://www.dianping.com/shop/66059500/review,
101,动力鸡车,120077677,动力鸡车,三星商户,http://www.dianping.com/shop/120077677#comment,
101,动力鸡车,102459164,动力鸡车,三星商户,http://www.dianping.com/shop/102459164/review,
101,动力鸡车,94650269,动力鸡车,三星商户,http://www.dianping.com/shop/94650269/review,
101,动力鸡车,80263097,动力鸡车,三星商户,http://www.dianping.com/shop/80263097/review,
101,动力鸡车,101333086,动力鸡车,三星商户,http://www.dianping.com/shop/101333086/review,
101,动力鸡车,8961390,动力鸡车,三星商户,http://www.dianping.com/shop/8961390/review,
101,动力鸡车,92022377,动力鸡车(黄华店),三星商户,http://www.dianping.com/shop/92022377/review,
101,动力鸡车,48181917,动力鸡车(兴贸路店),三星商户,http://www.dianping.com/shop/48181917/review,
101,动力鸡车,80510943,动力鸡车,三星商户,http://www.dianping.com/shop/80510943/review,
101,动力鸡车,120312117,动力鸡车,该商户暂无星级,http://www.dianping.com/shop/120312117/review,
101,动力鸡车,122423115,动力鸡车,该商户暂无星级,http://www.dianping.com/shop/122423115/review,
102,动力鸡车,93572509,动力鸡车,准四星商户,http://www.dianping.com/shop/93572509#comment,
102,动力鸡车,102420373,动力鸡车(凤桥店),准四星商户,http://www.dianping.com/shop/102420373#comment,
102,动力鸡车,21072307,动力鸡车,准四星商户,http://www.dianping.com/shop/21072307#comment,
102,动力鸡车,59064047,动力鸡车,四星商户,http://www.dianping.com/shop/59064047#comment,
102,动力鸡车,59156308,动力鸡车(施家南路店),三星商户,http://www.dianping.com/shop/59156308#comment,
102,动力鸡车,90963032,动力鸡车,准四星商户,http://www.dianping.com/shop/90963032#comment,
102,动力鸡车,95973628,动力鸡车(王江泾店),三星商户,http://www.dianping.com/shop/95973628#comment,
102,动力鸡车,112008004,动力鸡车(海盐店),准四星商户,http://www.dianping.com/shop/112008004#comment,
102,动力鸡车,97821985,动力鸡车(余新店),三星商户,http://www.dianping.com/shop/97821985/review,
102,动力鸡车,32552587,动力鸡车,该商户暂无星级,http://www.dianping.com/shop/32552587#comment,歇业/关闭
102,动力鸡车,96203449,动力鸡车(平湖店),准四星商户,http://www.dianping.com/shop/96203449#comment,
102,动力鸡车,24319464,动力鸡车,三星商户,http://www.dianping.com/shop/24319464#comment,
102,动力鸡车,67488784,动力鸡车,三星商户,http://www.dianping.com/shop/67488784/review,
102,动力鸡车,64987917,动力鸡车,三星商户,http://www.dianping.com/shop/64987917#comment,
102,动力鸡车,79933508,动力鸡车(大舜店),三星商户,http://www.dianping.com/shop/79933508/review,
102,动力鸡车,79790785,动力鸡车,三星商户,http://www.dianping.com/shop/79790785/review,
102,动力鸡车,40720286,动力鸡车,三星商户,http://www.dianping.com/shop/40720286/review,
102,动力鸡车,48177445,动力鸡车,三星商户,http://www.dianping.com/shop/48177445/review,
103,动力鸡车,121566027,布辣格麻辣烫&动力鸡车,准四星商户,http://www.dianping.com/shop/121566027#comment,
103,动力鸡车,21649462,动力鸡车,准四星商户,http://www.dianping.com/shop/21649462#comment,
103,动力鸡车,21153293,动力鸡车,准四星商户,http://www.dianping.com/shop/21153293#comment,
103,动力鸡车,96643582,动力鸡车(龙山街道店),三星商户,http://www.dianping.com/shop/96643582/review,
103,动力鸡车,92932549,动力鸡车,三星商户,http://www.dianping.com/shop/92932549/review,
103,动力鸡车,43860245,动力鸡车,三星商户,http://www.dianping.com/shop/43860245/review,
103,动力鸡车,67445975,动力鸡车,三星商户,http://www.dianping.com/shop/67445975/review,
104,动力鸡车,32418946,动力鸡车(合成景园点),准四星商户,http://www.dianping.com/shop/32418946#comment,
104,动力鸡车,45537264,动力鸡车(福全店),准四星商户,http://www.dianping.com/shop/45537264#comment,
104,动力鸡车,59209789,动力鸡车(曲屯店),三星商户,http://www.dianping.com/shop/59209789#comment,
104,动力鸡车,40972697,动力鸡车,准四星商户,http://www.dianping.com/shop/40972697#comment,
104,动力鸡车,57835222,动力鸡车(兴塘街店),准四星商户,http://www.dianping.com/shop/57835222#comment,
104,动力鸡车,50650962,动力鸡车,准四星商户,http://www.dianping.com/shop/50650962#comment,
104,动力鸡车,66267566,动力鸡车(松厦店),准四星商户,http://www.dianping.com/shop/66267566#comment,
104,动力鸡车,93543815,动力鸡车,准四星商户,http://www.dianping.com/shop/93543815#comment,歇业/关闭
104,动力鸡车,22210181,动力鸡车,三星商户,http://www.dianping.com/shop/22210181#comment,
104,动力鸡车,24974127,动力鸡车,准四星商户,http://www.dianping.com/shop/24974127#comment,
104,动力鸡车,90962554,动力鸡车(越秀店),三星商户,http://www.dianping.com/shop/90962554#comment,
104,动力鸡车,120103931,动力鸡车,准四星商户,http://www.dianping.com/shop/120103931#comment,
104,动力鸡车,97699939,动力鸡车,三星商户,http://www.dianping.com/shop/97699939/review,
104,动力鸡车,73393044,动力鸡车,三星商户,http://www.dianping.com/shop/73393044#comment,
104,动力鸡车,113876997,动力鸡车,该商户暂无星级,http://www.dianping.com/shop/113876997#comment,
104,动力鸡车,98744349,动力鸡车,三星商户,http://www.dianping.com/shop/98744349/review,
104,动力鸡车,83525176,动力鸡车(陶里店),三星商户,http://www.dianping.com/shop/83525176/review,
104,动力鸡车,102464613,动力鸡车,三星商户,http://www.dianping.com/shop/102464613/review,
104,动力鸡车,40557857,动力鸡车,三星商户,http://www.dianping.com/shop/40557857#comment,
104,动力鸡车,68333837,动力鸡车,准四星商户,http://www.dianping.com/shop/68333837#comment,
104,动力鸡车,68271732,动力鸡车,三星商户,http://www.dianping.com/shop/68271732/review,歇业/关闭
104,动力鸡车,128268317,动力鸡车,该商户暂无星级,http://www.dianping.com/shop/128268317/review,
104,动力鸡车,111845350,动力鸡车(东森店),该商户暂无星级,http://www.dianping.com/shop/111845350/review,
104,动力鸡车,127843717,动力鸡车,该商户暂无星级,http://www.dianping.com/shop/127843717/review,歇业/关闭
105,动力鸡车,93474555,动力鸡车,三星商户,http://www.dianping.com/shop/93474555#comment,
105,动力鸡车,69231591,动力鸡车,三星商户,http://www.dianping.com/shop/69231591#comment,
105,动力鸡车,80173002,动力鸡车,三星商户,http://www.dianping.com/shop/80173002/review,
105,动力鸡车,93788317,动力鸡车,该商户暂无星级,http://www.dianping.com/shop/93788317/review,
105,动力鸡车,39675867,动力鸡车,该商户暂无星级,http://www.dianping.com/shop/39675867/review,
105,动力鸡车,45362300,动力鸡车,该商户暂无星级,http://www.dianping.com/shop/45362300/review,
105,动力鸡车,125168729,动力鸡车,该商户暂无星级,http://www.dianping.com/shop/125168729/review,
105,动力鸡车,68930298,动力鸡车,该商户暂无星级,http://www.dianping.com/shop/68930298/review,
105,动力鸡车,120046222,动力鸡车,该商户暂无星级,http://www.dianping.com/shop/120046222/review,
106,动力鸡车,69959591,动力鸡车巨化紫江店,准四星商户,http://www.dianping.com/shop/69959591#comment,
106,动力鸡车,69865684,动力鸡车(解放街店),三星商户,http://www.dianping.com/shop/69865684/review,歇业/关闭
106,动力鸡车,112597810,动力鸡车(南区店),该商户暂无星级,http://www.dianping.com/shop/112597810/review,
108,动力鸡车,76912042,动力鸡车(崇和门店),三星商户,http://www.dianping.com/shop/76912042#comment,
108,动力鸡车,93531117,动力鸡车(白鹤店),三星商户,http://www.dianping.com/shop/93531117/review,
108,动力鸡车,108292057,动力鸡车,三星商户,http://www.dianping.com/shop/108292057/review,
108,动力鸡车,69733743,动力鸡车,三星商户,http://www.dianping.com/shop/69733743/review,
108,动力鸡车,98683370,动力鸡车(崇和店),三星商户,http://www.dianping.com/shop/98683370/review,
108,动力鸡车,41326969,动力鸡车,三星商户,http://www.dianping.com/shop/41326969/review,
108,动力鸡车,124994205,动力鸡车,该商户暂无星级,http://www.dianping.com/shop/124994205/review,
109,动力鸡车,66612334,动力鸡车(壶镇店),准四星商户,http://www.dianping.com/shop/66612334#comment,
109,动力鸡车,95395645,动力鸡车,三星商户,http://www.dianping.com/shop/95395645/review,
109,动力鸡车,77654890,动力鸡车(十字街店),三星商户,http://www.dianping.com/shop/77654890/review,
109,动力鸡车,48197125,动力鸡车(长松路),三星商户,http://www.dianping.com/shop/48197125#comment,
110,动力鸡车,97729973,动力鸡车,准四星商户,http://www.dianping.com/shop/97729973#comment,
110,动力鸡车,17198228,动力鸡车(新地店),准四星商户,http://www.dianping.com/shop/17198228#comment,
110,动力鸡车,121830145,动力鸡车(三孝口店),准四星商户,http://www.dianping.com/shop/121830145#comment,
110,动力鸡车,69124110,动力鸡车,准四星商户,http://www.dianping.com/shop/69124110#comment,
110,动力鸡车,73422100,动力鸡车,三星商户,http://www.dianping.com/shop/73422100/review,
110,动力鸡车,20785965,动力鸡车(文忠路店),准四星商户,http://www.dianping.com/shop/20785965#comment,
110,动力鸡车,95854631,动力鸡车,三星商户,http://www.dianping.com/shop/95854631/review,
110,动力鸡车,21243388,动力鸡车,三星商户,http://www.dianping.com/shop/21243388/review,
110,动力鸡车,28597498,动力鸡车,该商户暂无星级,http://www.dianping.com/shop/28597498#comment,歇业/关闭
110,动力鸡车,37788551,动力鸡车(庐江店),三星商户,http://www.dianping.com/shop/37788551/review,
110,动力鸡车,99064142,动力鸡车(五里庙店),三星商户,http://www.dianping.com/shop/99064142/review,
110,动力鸡车,91895179,动力鸡车(和熙园店),三星商户,http://www.dianping.com/shop/91895179/review,
110,动力鸡车,113964650,动力鸡车小吃店,该商户暂无星级,http://www.dianping.com/shop/113964650/review,
110,动力鸡车,126642062,动力鸡车,该商户暂无星级,http://www.dianping.com/shop/126642062/review,
111,动力鸡车,91963427,动力鸡车(中央城店),三星商户,http://www.dianping.com/shop/91963427/review,
111,动力鸡车,95038045,动力鸡车(德盛店),三星商户,http://www.dianping.com/shop/95038045#comment,
111,动力鸡车,97100366,动力鸡车,三星商户,http://www.dianping.com/shop/97100366/review,
112,动力鸡车,14878678,动力鸡车,准四星商户,http://www.dianping.com/shop/14878678#comment,
112,动力鸡车,93627956,动力鸡车,三星商户,http://www.dianping.com/shop/93627956#comment,
112,动力鸡车,54169718,动力鸡车(怀远店),准四星商户,http://www.dianping.com/shop/54169718#comment,
112,动力鸡车,23064046,动力鸡车黄焖鸡,该商户暂无星级,http://www.dianping.com/shop/23064046#comment,歇业/关闭
113,动力鸡车,92413638,动力鸡车(舜耕小街店),三星商户,http://www.dianping.com/shop/92413638#comment,
113,动力鸡车,59088137,动力鸡车,准四星商户,http://www.dianping.com/shop/59088137#comment,
113,动力鸡车,56579698,动力鸡车(白马店),准四星商户,http://www.dianping.com/shop/56579698#comment,
113,动力鸡车,91953319,动力鸡车,三星商户,http://www.dianping.com/shop/91953319/review,
113,动力鸡车,33572303,动力鸡车,三星商户,http://www.dianping.com/shop/33572303#comment,
114,动力鸡车,44192903,动力鸡车,准四星商户,http://www.dianping.com/shop/44192903#comment,
114,动力鸡车,112064606,动力鸡车,准四星商户,http://www.dianping.com/shop/112064606#comment,
114,动力鸡车,103558930,动力鸡车,三星商户,http://www.dianping.com/shop/103558930/review,
115,动力鸡车,22022459,动力鸡车,准四星商户,http://www.dianping.com/shop/22022459#comment,
115,动力鸡车,102357934,动力鸡车,三星商户,http://www.dianping.com/shop/102357934/review,
116,动力鸡车,92283784,动力鸡车,准四星商户,http://www.dianping.com/shop/92283784#comment,
116,动力鸡车,69653605,动力鸡车,准四星商户,http://www.dianping.com/shop/69653605#comment,
117,动力鸡车,98224428,动力鸡车(集贤南路店),三星商户,http://www.dianping.com/shop/98224428#comment,
117,动力鸡车,96462021,动力鸡车,三星商户,http://www.dianping.com/shop/96462021/review,
117,动力鸡车,92480429,动力鸡车,三星商户,http://www.dianping.com/shop/92480429/review,
117,动力鸡车,69946726,动力鸡车(石牌店),该商户暂无星级,http://www.dianping.com/shop/69946726/review,
118,动力鸡车,66690579,动力鸡车(宏村店),三星商户,http://www.dianping.com/shop/66690579#comment,
118,动力鸡车,32338650,动力鸡车,准四星商户,http://www.dianping.com/shop/32338650#comment,
118,动力鸡车,113968390,动力鸡车,该商户暂无星级,http://www.dianping.com/shop/113968390/review,
119,动力鸡车,102284109,动力鸡车(西大街店),三星商户,http://www.dianping.com/shop/102284109/review,
119,动力鸡车,96169374,动力鸡车(滁州学院店),三星商户,http://www.dianping.com/shop/96169374#comment,
119,动力鸡车,22789943,动力鸡车,该商户暂无星级,http://www.dianping.com/shop/22789943#comment,歇业/关闭
120,动力鸡车,92109725,动力鸡车(万象城店),准四星商户,http://www.dianping.com/shop/92109725#comment,
120,动力鸡车,97327769,动力鸡车(二中店),准四星商户,http://www.dianping.com/shop/97327769#comment,歇业/关闭
120,动力鸡车,23113136,动力鸡车(阜南店),准四星商户,http://www.dianping.com/shop/23113136#comment,
120,动力鸡车,108212455,动力鸡车,三星商户,http://www.dianping.com/shop/108212455/review,
120,动力鸡车,97205571,动力鸡车,三星商户,http://www.dianping.com/shop/97205571/review,歇业/关闭
120,动力鸡车,113870081,动力鸡车,该商户暂无星级,http://www.dianping.com/shop/113870081/review,
121,动力鸡车,95948554,动力鸡车(云集店),准四星商户,http://www.dianping.com/shop/95948554#comment,
121,动力鸡车,80216833,动力鸡车(灵璧店),三星商户,http://www.dianping.com/shop/80216833/review,
121,动力鸡车,68124243,动力鸡车(同盛广场店),该商户暂无星级,http://www.dianping.com/shop/68124243#comment,歇业/关闭
121,动力鸡车,100467163,动力鸡车,三星商户,http://www.dianping.com/shop/100467163/review,
122,动力鸡车,95854631,动力鸡车,三星商户,http://www.dianping.com/shop/95854631/review,
123,动力鸡车,66555387,动力鸡车(八公山路店),准四星商户,http://www.dianping.com/shop/66555387#comment,
123,动力鸡车,95917382,动力鸡车,三星商户,http://www.dianping.com/shop/95917382#comment,
123,动力鸡车,108364900,动力鸡车(老麻埠美食城店),三星商户,http://www.dianping.com/shop/108364900/review,
123,动力鸡车,121940776,动力鸡车,该商户暂无星级,http://www.dianping.com/shop/121940776/review,
124,动力鸡车,108096174,动力鸡车,准四星商户,http://www.dianping.com/shop/108096174#comment,
124,动力鸡车,125938608,动力鸡车,该商户暂无星级,http://www.dianping.com/shop/125938608/review,
124,动力鸡车,126240621,动力鸡车,该商户暂无星级,http://www.dianping.com/shop/126240621/review,
126,动力鸡车,24106566,动力鸡车,准四星商户,http://www.dianping.com/shop/24106566#comment,
126,动力鸡车,100721415,动力鸡车,三星商户,http://www.dianping.com/shop/100721415/review,
127,动力鸡车,77346126,动力鸡车,三星商户,http://www.dianping.com/shop/77346126/review,
128,动力鸡车,65609517,动力鸡车,准四星商户,http://www.dianping.com/shop/65609517#comment,
129,动力鸡车,67015746,动力鸡车,准四星商户,http://www.dianping.com/shop/67015746#comment,
129,动力鸡车,92831604,动力鸡车,三星商户,http://www.dianping.com/shop/92831604/review,
131,动力鸡车,24999123,动力鸡车(邵武店),准四星商户,http://www.dianping.com/shop/24999123#comment,
131,动力鸡车,57394447,动力鸡车(建发悦城店),准四星商户,http://www.dianping.com/shop/57394447#comment,
131,动力鸡车,98417706,动力鸡车(商业城店),三星商户,http://www.dianping.com/shop/98417706/review,
131,动力鸡车,114841594,动力鸡车,该商户暂无星级,http://www.dianping.com/shop/114841594/review,
131,动力鸡车,24804938,动力鸡车,该商户暂无星级,http://www.dianping.com/shop/24804938/review,歇业/关闭
133,动力鸡车,97074654,动力鸡车(甘棠分店),三星商户,http://www.dianping.com/shop/97074654/review,
133,动力鸡车,56916388,动力鸡车,准四星商户,http://www.dianping.com/shop/56916388#comment,
133,动力鸡车,98351092,动力鸡车,三星商户,http://www.dianping.com/shop/98351092/review,
134,动力鸡车,45616491,动力鸡车,准四星商户,http://www.dianping.com/shop/45616491#comment,
134,动力鸡车,66989018,动力鸡车,准四星商户,http://www.dianping.com/shop/66989018#comment,
134,动力鸡车,96714946,动力鸡车(南理店),准四星商户,http://www.dianping.com/shop/96714946#comment,
134,动力鸡车,66554015,动力鸡车,该商户暂无星级,http://www.dianping.com/shop/66554015#comment,歇业/关闭
134,动力鸡车,37783882,动力鸡车,准四星商户,http://www.dianping.com/shop/37783882#comment,
134,动力鸡车,66712464,动力鸡车(农大店),准四星商户,http://www.dianping.com/shop/66712464#comment,
134,动力鸡车,18989543,动力鸡车(新建大道店),三星商户,http://www.dianping.com/shop/18989543#comment,
134,动力鸡车,45344443,动力鸡车(南大前湖店),三星商户,http://www.dianping.com/shop/45344443#comment,
134,动力鸡车,75161027,动力鸡车,三星商户,http://www.dianping.com/shop/75161027#comment,
134,动力鸡车,67934295,动力鸡车(大学店),准四星商户,http://www.dianping.com/shop/67934295#comment,
134,动力鸡车,90322020,动力鸡车(保利东湾店),三星商户,http://www.dianping.com/shop/90322020/review,
134,动力鸡车,90053267,动力鸡车,三星商户,http://www.dianping.com/shop/90053267/review,歇业/关闭
134,动力鸡车,96319745,动力鸡车,准四星商户,http://www.dianping.com/shop/96319745#comment,
134,动力鸡车,59208645,动力鸡车,准四星商户,http://www.dianping.com/shop/59208645#comment,
136,动力鸡车,92419513,动力鸡车(芦溪店),三星商户,http://www.dianping.com/shop/92419513#comment,
136,动力鸡车,69326494,动力鸡车,准四星商户,http://www.dianping.com/shop/69326494#comment,
136,动力鸡车,92069723,动力鸡车,三星商户,http://www.dianping.com/shop/92069723/review,
136,动力鸡车,69137568,动力鸡车(润达店),三星商户,http://www.dianping.com/shop/69137568/review,
137,动力鸡车,97592090,动力鸡车,三星商户,http://www.dianping.com/shop/97592090/review,
137,动力鸡车,65726272,动力鸡车,该商户暂无星级,http://www.dianping.com/shop/65726272/review,
137,动力鸡车,124054938,动力鸡车,该商户暂无星级,http://www.dianping.com/shop/124054938/review,
138,动力鸡车,58568136,动力鸡车,准四星商户,http://www.dianping.com/shop/58568136#comment,
138,动力鸡车,103659083,动力鸡车,三星商户,http://www.dianping.com/shop/103659083/review,
140,动力鸡车,98517208,动力鸡车(八一四大道店),四星商户,http://www.dianping.com/shop/98517208#comment,
140,动力鸡车,67594464,动力鸡车(瑞金店),该商户暂无星级,http://www.dianping.com/shop/67594464#comment,歇业/关闭
140,动力鸡车,80614900,动力鸡车,三星商户,http://www.dianping.com/shop/80614900/review,
140,动力鸡车,67224274,动力鸡车 许小仙,该商户暂无星级,http://www.dianping.com/shop/67224274/review,
141,动力鸡车,96597271,动力鸡车,准四星商户,http://www.dianping.com/shop/96597271#comment,
141,动力鸡车,44008827,动力鸡车,三星商户,http://www.dianping.com/shop/44008827#comment,
141,动力鸡车,111579320,动力鸡车,该商户暂无星级,http://www.dianping.com/shop/111579320/review,歇业/关闭
141,动力鸡车,98254197,动力鸡车,三星商户,http://www.dianping.com/shop/98254197/review,
141,动力鸡车,90033501,动力鸡车,三星商户,http://www.dianping.com/shop/90033501/review,
142,动力鸡车,8027451,动力鸡车(鼓楼店),四星商户,http://www.dianping.com/shop/8027451#comment,
142,动力鸡车,66294463,动力鸡车,准四星商户,http://www.dianping.com/shop/66294463#comment,
142,动力鸡车,69894601,动力鸡车(天桥一百店),三星商户,http://www.dianping.com/shop/69894601#comment,
142,动力鸡车,32752748,动力鸡车,准四星商户,http://www.dianping.com/shop/32752748#comment,
142,动力鸡车,66879944,动力鸡车(中山商贸城店),准四星商户,http://www.dianping.com/shop/66879944#comment,
142,动力鸡车,101725224,动力鸡车(万载店),三星商户,http://www.dianping.com/shop/101725224/review,
142,动力鸡车,69417908,动力鸡车,该商户暂无星级,http://www.dianping.com/shop/69417908/review,
143,动力鸡车,95878163,动力鸡车(万达广场店),准四星商户,http://www.dianping.com/shop/95878163#comment,
143,动力鸡车,92645152,动力鸡车,准四星商户,http://www.dianping.com/shop/92645152#comment,
144,动力鸡车,24354889,动力鸡车,准四星商户,http://www.dianping.com/shop/24354889#comment,
144,动力鸡车,97792473,动力鸡车(三清山大道店),三星商户,http://www.dianping.com/shop/97792473#comment,
144,动力鸡车,95981319,动力鸡车(五都店),准四星商户,http://www.dianping.com/shop/95981319#comment,
144,动力鸡车,75090076,动力鸡车(将军庙店),三星商户,http://www.dianping.com/shop/75090076/review,
144,动力鸡车,98042817,动力鸡车,三星商户,http://www.dianping.com/shop/98042817#comment,
144,动力鸡车,48183803,动力鸡车(万年县店),三星商户,http://www.dianping.com/shop/48183803/review,
144,动力鸡车,67878408,动力鸡车,该商户暂无星级,http://www.dianping.com/shop/67878408#comment,歇业/关闭
144,动力鸡车,90108572,动力鸡车,三星商户,http://www.dianping.com/shop/90108572/review,
144,动力鸡车,58738885,动力鸡车+酸奶冰淇淋,该商户暂无星级,http://www.dianping.com/shop/58738885/review,
144,动力鸡车,39617552,动力鸡车,该商户暂无星级,http://www.dianping.com/shop/39617552/review,
145,动力鸡车,69472079,动力鸡车(城里大街店),准四星商户,http://www.dianping.com/shop/69472079#comment,
145,动力鸡车,59219319,动力鸡车,三星商户,http://www.dianping.com/shop/59219319/review,
145,动力鸡车,106044044,动力鸡车,三星商户,http://www.dianping.com/shop/106044044/review,
146,动力鸡车,65876646,动力鸡车,该商户暂无星级,http://www.dianping.com/shop/65876646#comment,歇业/关闭
147,动力鸡车,19290312,乐士多汉堡·动力鸡车,四星商户,http://www.dianping.com/shop/19290312#comment,
147,动力鸡车,23133416,动力鸡车,准四星商户,http://www.dianping.com/shop/23133416#comment,
147,动力鸡车,72346438,乐士多汉堡&动力鸡车,三星商户,http://www.dianping.com/shop/72346438#comment,
147,动力鸡车,126671620,动力鸡车辣风鸡腿排,该商户暂无星级,http://www.dianping.com/shop/126671620/review,歇业/关闭
147,动力鸡车,125168599,动力鸡车,该商户暂无星级,http://www.dianping.com/shop/125168599/review,歇业/关闭
148,动力鸡车,104968371,动力鸡车(府西街店),三星商户,http://www.dianping.com/shop/104968371#comment,
148,动力鸡车,37937420,动力鸡车,准四星商户,http://www.dianping.com/shop/37937420#comment,
148,动力鸡车,77702290,动力鸡车,三星商户,http://www.dianping.com/shop/77702290/review,
149,动力鸡车,97298028,动力鸡车,三星商户,http://www.dianping.com/shop/97298028/review,
150,动力鸡车,83453241,动力鸡车布辣格麻辣烫(汶上店),三星商户,http://www.dianping.com/shop/83453241/review,
150,动力鸡车,121316474,动力鸡车,该商户暂无星级,http://www.dianping.com/shop/121316474/review,
150,动力鸡车,122834909,动力鸡车,该商户暂无星级,http://www.dianping.com/shop/122834909/review,
152,动力鸡车,96472312,动力鸡车(步行街店),准四星商户,http://www.dianping.com/shop/96472312#comment,
152,动力鸡车,126624354,动力鸡车,该商户暂无星级,http://www.dianping.com/shop/126624354/review,
153,动力鸡车,59053437,动力鸡车,准四星商户,http://www.dianping.com/shop/59053437#comment,
153,动力鸡车,69938243,动力鸡车,三星商户,http://www.dianping.com/shop/69938243/review,
153,动力鸡车,80240403,动力鸡车,三星商户,http://www.dianping.com/shop/80240403/review,
155,动力鸡车,122271457,动力鸡车(金玉祥和教育广场店),准四星商户,http://www.dianping.com/shop/122271457#comment,
155,动力鸡车,57907729,动力鸡车,准四星商户,http://www.dianping.com/shop/57907729#comment,
155,动力鸡车,103883055,动力鸡车,三星商户,http://www.dianping.com/shop/103883055/review,
157,动力鸡车,101929808,动力鸡车,该商户暂无星级,http://www.dianping.com/shop/101929808/review,
157,动力鸡车,110351474,动力鸡车,该商户暂无星级,http://www.dianping.com/shop/110351474/review,
159,动力鸡车,23917737,动力鸡车(花都小吃街店),准四星商户,http://www.dianping.com/shop/23917737#comment,
160,动力鸡车,97200843,动力鸡车(荷田密语店),准四星商户,http://www.dianping.com/shop/97200843#comment,
160,动力鸡车,91927954,动力鸡车(万洪路店),三星商户,http://www.dianping.com/shop/91927954#comment,
160,动力鸡车,92885633,动力鸡车,三星商户,http://www.dianping.com/shop/92885633/review,
160,动力鸡车,56846219,动力鸡车(农业南路分店),三星商户,http://www.dianping.com/shop/56846219#comment,
160,动力鸡车,65495175,动力鸡车,该商户暂无星级,http://www.dianping.com/shop/65495175/review,
160,动力鸡车,56537395,动力鸡车,该商户暂无星级,http://www.dianping.com/shop/56537395/review,
161,动力鸡车,92241990,动力鸡车,该商户暂无星级,http://www.dianping.com/shop/92241990#comment,歇业/关闭
162,动力鸡车,20682636,动力鸡车,准四星商户,http://www.dianping.com/shop/20682636#comment,
162,动力鸡车,54034441,动力鸡车(南昌路店),四星商户,http://www.dianping.com/shop/54034441#comment,歇业/关闭
162,动力鸡车,95544734,动力鸡车鸡排小吃(嵩县店),准四星商户,http://www.dianping.com/shop/95544734#comment,
162,动力鸡车,100611519,动力鸡车(（民主南街店）),三星商户,http://www.dianping.com/shop/100611519#comment,
163,动力鸡车,97922472,动力鸡车,三星商户,http://www.dianping.com/shop/97922472/review,
164,动力鸡车,96226199,动力鸡车,准四星商户,http://www.dianping.com/shop/96226199#comment,
164,动力鸡车,48724752,动力鸡车(万达店),三星商户,http://www.dianping.com/shop/48724752/review,
165,动力鸡车,110639312,动力鸡车,该商户暂无星级,http://www.dianping.com/shop/110639312/review,
166,动力鸡车,27388501,动力鸡车,准四星商户,http://www.dianping.com/shop/27388501#comment,
167,动力鸡车,45341722,动力鸡车,准四星商户,http://www.dianping.com/shop/45341722#comment,
168,动力鸡车,23144083,动力鸡车,准四星商户,http://www.dianping.com/shop/23144083#comment,
168,动力鸡车,98550286,动力鸡车,该商户暂无星级,http://www.dianping.com/shop/98550286#comment,歇业/关闭
170,动力鸡车,97339515,动力鸡车(漯河店),准四星商户,http://www.dianping.com/shop/97339515#comment,
171,动力鸡车,96201625,动力鸡车,该商户暂无星级,http://www.dianping.com/shop/96201625/review,
173,动力鸡车,57387581,动力鸡车(芒山店),三星商户,http://www.dianping.com/shop/57387581#comment,
173,动力鸡车,63235901,动力鸡车,该商户暂无星级,http://www.dianping.com/shop/63235901#comment,歇业/关闭
174,动力鸡车,92838778,动力鸡车,准四星商户,http://www.dianping.com/shop/92838778#comment,
174,动力鸡车,65673463,动力鸡车,该商户暂无星级,http://www.dianping.com/shop/65673463#comment,歇业/关闭
175,动力鸡车,65309291,动力鸡车,准四星商户,http://www.dianping.com/shop/65309291#comment,
176,动力鸡车,68250673,动力鸡车(乐山大道店),三星商户,http://www.dianping.com/shop/68250673/review,
177,动力鸡车,98182911,动力鸡车,三星商户,http://www.dianping.com/shop/98182911/review,
177,动力鸡车,65901397,动力鸡车(山城秀园店),三星商户,http://www.dianping.com/shop/65901397/review,
178,动力鸡车,33591546,动力鸡车(汽院店),准四星商户,http://www.dianping.com/shop/33591546#comment,
178,动力鸡车,17807571,动力鸡车(六堰八中店),三星商户,http://www.dianping.com/shop/17807571/review,
178,动力鸡车,66551778,动力鸡车,三星商户,http://www.dianping.com/shop/66551778/review,
178,动力鸡车,57493157,动力鸡车,三星商户,http://www.dianping.com/shop/57493157/review,
178,动力鸡车,45482218,动力鸡车(师专店),三星商户,http://www.dianping.com/shop/45482218/review,歇业/关闭
178,动力鸡车,70339629,动力鸡车(唐城店),三星商户,http://www.dianping.com/shop/70339629/review,
179,动力鸡车,63204485,动力鸡车,该商户暂无星级,http://www.dianping.com/shop/63204485/review,
179,动力鸡车,50602198,动力鸡车,该商户暂无星级,http://www.dianping.com/shop/50602198/review,
180,动力鸡车,58432681,动力鸡车,准四星商户,http://www.dianping.com/shop/58432681#comment,
180,动力鸡车,66872190,动力鸡车,准四星商户,http://www.dianping.com/shop/66872190#comment,
180,动力鸡车,100327172,动力鸡车,三星商户,http://www.dianping.com/shop/100327172/review,
180,动力鸡车,48365422,动力鸡车,三星商户,http://www.dianping.com/shop/48365422/review,
180,动力鸡车,126134526,动力鸡车,该商户暂无星级,http://www.dianping.com/shop/126134526/review,
182,动力鸡车,69312568,动力鸡车,准四星商户,http://www.dianping.com/shop/69312568#comment,
183,动力鸡车,48138392,动力鸡车,准四星商户,http://www.dianping.com/shop/48138392#comment,
183,动力鸡车,80987991,动力鸡车(八一路店),三星商户,http://www.dianping.com/shop/80987991/review,
184,动力鸡车,67010966,动力鸡车,三星商户,http://www.dianping.com/shop/67010966/review,
184,动力鸡车,126067236,动力鸡车,该商户暂无星级,http://www.dianping.com/shop/126067236/review,
185,动力鸡车,59210881,动力鸡车,准四星商户,http://www.dianping.com/shop/59210881#comment,
185,动力鸡车,65775035,动力鸡车(红安店),准四星商户,http://www.dianping.com/shop/65775035#comment,
185,动力鸡车,24657442,动力鸡车(浠水店),准四星商户,http://www.dianping.com/shop/24657442#comment,歇业/关闭
185,动力鸡车,68010572,动力鸡车,准四星商户,http://www.dianping.com/shop/68010572#comment,
185,动力鸡车,103583352,动力鸡车,三星商户,http://www.dianping.com/shop/103583352/review,
185,动力鸡车,125990364,动力鸡车,该商户暂无星级,http://www.dianping.com/shop/125990364/review,
186,动力鸡车,108228861,动力鸡车,准四星商户,http://www.dianping.com/shop/108228861#comment,
186,动力鸡车,122528513,动力鸡车,该商户暂无星级,http://www.dianping.com/shop/122528513/review,
187,动力鸡车,94300524,动力鸡车,准四星商户,http://www.dianping.com/shop/94300524#comment,歇业/关闭
192,动力鸡车,76944776,动力鸡车,准四星商户,http://www.dianping.com/shop/76944776#comment,
192,动力鸡车,57568758,动力鸡车,准四星商户,http://www.dianping.com/shop/57568758#comment,
192,动力鸡车,80981586,动力鸡车,该商户暂无星级,http://www.dianping.com/shop/80981586/review,
193,动力鸡车,98404902,动力鸡车(韶山西路金都店),准四星商户,http://www.dianping.com/shop/98404902#comment,
194,动力鸡车,70303183,动力鸡车(幼师分店),三星商户,http://www.dianping.com/shop/70303183/review,
194,动力鸡车,123014127,动力鸡车,该商户暂无星级,http://www.dianping.com/shop/123014127/review,
194,动力鸡车,112259605,动力鸡车,该商户暂无星级,http://www.dianping.com/shop/112259605/review,
194,动力鸡车,48188789,动力鸡车(幼师学校店),该商户暂无星级,http://www.dianping.com/shop/48188789/review,
195,动力鸡车,92132818,动力鸡车,三星商户,http://www.dianping.com/shop/92132818/review,
195,动力鸡车,95046853,动力鸡车(西站店),三星商户,http://www.dianping.com/shop/95046853/review,
195,动力鸡车,100458420,动力鸡车,三星商户,http://www.dianping.com/shop/100458420/review,
195,动力鸡车,92468288,动力鸡车(眼镜城店),该商户暂无星级,http://www.dianping.com/shop/92468288#comment,
195,动力鸡车,129224096,动力鸡车,该商户暂无星级,http://www.dianping.com/shop/129224096/review,
196,动力鸡车,72453159,动力鸡车(天伦城店),准四星商户,http://www.dianping.com/shop/72453159#comment,
196,动力鸡车,26956473,动力鸡车,准四星商户,http://www.dianping.com/shop/26956473#comment,
196,动力鸡车,95259788,动力鸡车(八中店),三星商户,http://www.dianping.com/shop/95259788#comment,
196,动力鸡车,96530514,动力鸡车(院校店),三星商户,http://www.dianping.com/shop/96530514/review,歇业/关闭
196,动力鸡车,93866029,动力鸡车(八字门店),三星商户,http://www.dianping.com/shop/93866029/review,
196,动力鸡车,97599632,动力鸡车布辣格麻辣烫,三星商户,http://www.dianping.com/shop/97599632/review,
196,动力鸡车,128669867,动力鸡车,该商户暂无星级,http://www.dianping.com/shop/128669867/review,
196,动力鸡车,122856147,动力鸡车(洛王店),该商户暂无星级,http://www.dianping.com/shop/122856147/review,
196,动力鸡车,114504211,动力鸡车,该商户暂无星级,http://www.dianping.com/shop/114504211/review,
197,动力鸡车,111866952,动力鸡车(澧阳店),准四星商户,http://www.dianping.com/shop/111866952#comment,
197,动力鸡车,69776714,动力鸡车鸡排,该商户暂无星级,http://www.dianping.com/shop/69776714/review,
198,动力鸡车,63177497,动力鸡车(鸡排，小吃),准四星商户,http://www.dianping.com/shop/63177497#comment,
198,动力鸡车,107740282,动力鸡车(步行街店),三星商户,http://www.dianping.com/shop/107740282/review,
198,动力鸡车,74613146,动力鸡车,三星商户,http://www.dianping.com/shop/74613146#comment,
198,动力鸡车,121871325,动力鸡车(森林公园店),该商户暂无星级,http://www.dianping.com/shop/121871325/review,
201,动力鸡车,108226183,布拉格麻辣烫与动力鸡车,准四星商户,http://www.dianping.com/shop/108226183#comment,
201,动力鸡车,98513451,动力鸡车,三星商户,http://www.dianping.com/shop/98513451#comment,
205,动力鸡车,92842988,动力鸡车,三星商户,http://www.dianping.com/shop/92842988/review,
205,动力鸡车,102508499,动力鸡车(中山路店),三星商户,http://www.dianping.com/shop/102508499/review,
208,动力鸡车,90525071,动力鸡车,三星商户,http://www.dianping.com/shop/90525071#comment,
208,动力鸡车,73398041,动力鸡车,三星商户,http://www.dianping.com/shop/73398041/review,
213,动力鸡车,57567076,动力鸡车,准四星商户,http://www.dianping.com/shop/57567076#comment,
213,动力鸡车,67576182,动力鸡车(澳头店),三星商户,http://www.dianping.com/shop/67576182/review,
224,动力鸡车,101492060,动力鸡车(万秀店),三星商户,http://www.dianping.com/shop/101492060/review,
225,动力鸡车,37790899,动力鸡车,准四星商户,http://www.dianping.com/shop/37790899#comment,
226,动力鸡车,24612226,动力鸡车(文化宫店),准四星商户,http://www.dianping.com/shop/24612226#comment,
226,动力鸡车,113165215,动力鸡车,准四星商户,http://www.dianping.com/shop/113165215#comment,
226,动力鸡车,98518425,动力鸡车(瓦窑店),该商户暂无星级,http://www.dianping.com/shop/98518425#comment,歇业/关闭
226,动力鸡车,58786129,动力鸡车(万达广场店),三星商户,http://www.dianping.com/shop/58786129/review,
228,动力鸡车,92425295,动力鸡车,三星商户,http://www.dianping.com/shop/92425295/review,
230,动力鸡车,106924127,动力鸡车,三星商户,http://www.dianping.com/shop/106924127/review,
231,动力鸡车,65567526,动力鸡车(宏桂店),准四星商户,http://www.dianping.com/shop/65567526#comment,
231,动力鸡车,83436784,动力鸡车,准四星商户,http://www.dianping.com/shop/83436784#comment,
233,动力鸡车,93918726,动力鸡车,三星商户,http://www.dianping.com/shop/93918726/review,
233,动力鸡车,66341017,动力鸡车,该商户暂无星级,http://www.dianping.com/shop/66341017/review,
233,动力鸡车,79638319,鸡排小吃-动力鸡车(凌云店),该商户暂无星级,http://www.dianping.com/shop/79638319/review,
240,动力鸡车,66701011,动力鸡车(泸南店),准四星商户,http://www.dianping.com/shop/66701011#comment,
241,动力鸡车,23091235,动力鸡车,三星商户,http://www.dianping.com/shop/23091235#comment,
241,动力鸡车,67100336,动力鸡车,准四星商户,http://www.dianping.com/shop/67100336#comment,
241,动力鸡车,90991202,动力鸡车,三星商户,http://www.dianping.com/shop/90991202/review,
241,动力鸡车,22093406,动力鸡车(中江店),准四星商户,http://www.dianping.com/shop/22093406/review,
243,动力鸡车,66365750,动力鸡车,准四星商户,http://www.dianping.com/shop/66365750#comment,
243,动力鸡车,69816056,动力鸡车(雪峰店),该商户暂无星级,http://www.dianping.com/shop/69816056#comment,
243,动力鸡车,92512012,动力鸡车(东坝店),三星商户,http://www.dianping.com/shop/92512012/review,
243,动力鸡车,123807714,动力鸡车,该商户暂无星级,http://www.dianping.com/shop/123807714/review,
244,动力鸡车,90935138,动力鸡车,准四星商户,http://www.dianping.com/shop/90935138#comment,
246,动力鸡车,45459615,动力鸡车,该商户暂无星级,http://www.dianping.com/shop/45459615/review,
247,动力鸡车,66273324,动力鸡车(育英店),准四星商户,http://www.dianping.com/shop/66273324#comment,
247,动力鸡车,91970656,动力鸡车(嘉陵店),三星商户,http://www.dianping.com/shop/91970656/review,
248,动力鸡车,126822566,动力鸡车,该商户暂无星级,http://www.dianping.com/shop/126822566/review,
249,动力鸡车,80400740,动力鸡车,三星商户,http://www.dianping.com/shop/80400740#comment,
250,动力鸡车,68819642,动力鸡车,三星商户,http://www.dianping.com/shop/68819642/review,
250,动力鸡车,58263263,动力鸡车,该商户暂无星级,http://www.dianping.com/shop/58263263/review,
250,动力鸡车,112595205,动力鸡车(岳池好又多店),该商户暂无星级,http://www.dianping.com/shop/112595205/review,
251,动力鸡车,127588788,动力鸡车,该商户暂无星级,http://www.dianping.com/shop/127588788/review,
252,动力鸡车,67462337,动力鸡车,该商户暂无星级,http://www.dianping.com/shop/67462337/review,
258,动力鸡车,66996236,动力鸡车,准四星商户,http://www.dianping.com/shop/66996236#comment,
258,动力鸡车,97682207,动力鸡车,三星商户,http://www.dianping.com/shop/97682207/review,
259,动力鸡车,77471540,动力鸡车,该商户暂无星级,http://www.dianping.com/shop/77471540/review,
259,动力鸡车,67240699,动力鸡车,该商户暂无星级,http://www.dianping.com/shop/67240699/review,
267,动力鸡车,58469404,动力鸡车,准四星商户,http://www.dianping.com/shop/58469404#comment,
267,动力鸡车,22970277,动力鸡车(白龙路店),准四星商户,http://www.dianping.com/shop/22970277#comment,
267,动力鸡车,63266287,动力鸡车(宜良店),准四星商户,http://www.dianping.com/shop/63266287#comment,
267,动力鸡车,40186655,动力鸡车(高新店),三星商户,http://www.dianping.com/shop/40186655/review,
267,动力鸡车,101253627,动力鸡车(启园北路),三星商户,http://www.dianping.com/shop/101253627/review,
268,动力鸡车,107769963,动力鸡车,三星商户,http://www.dianping.com/shop/107769963/review,
268,动力鸡车,126428575,动力鸡车,该商户暂无星级,http://www.dianping.com/shop/126428575/review,
270,动力鸡车,104482129,动力鸡车,三星商户,http://www.dianping.com/shop/104482129/review,
271,动力鸡车,95066715,动力鸡车(长征路店),三星商户,http://www.dianping.com/shop/95066715/review,
271,动力鸡车,79589193,动力鸡车,三星商户,http://www.dianping.com/shop/79589193/review,
271,动力鸡车,125936635,动力鸡车,该商户暂无星级,http://www.dianping.com/shop/125936635/review,
275,动力鸡车,76725430,动力鸡车,该商户暂无星级,http://www.dianping.com/shop/76725430/review,
279,动力鸡车,95051141,动力鸡车,三星商户,http://www.dianping.com/shop/95051141#comment,
282,动力鸡车,68418883,动力鸡车,三星商户,http://www.dianping.com/shop/68418883/review,
286,动力鸡车,65044621,动力鸡车,三星商户,http://www.dianping.com/shop/65044621/review,
286,动力鸡车,63496895,动力鸡车,三星商户,http://www.dianping.com/shop/63496895/review,
286,动力鸡车,64953693,动力鸡车,三星商户,http://www.dianping.com/shop/64953693/review,
293,动力鸡车,23753933,动力鸡车,准四星商户,http://www.dianping.com/shop/23753933#comment,
293,动力鸡车,97706593,动力鸡车,三星商户,http://www.dianping.com/shop/97706593/review,
294,动力鸡车,108303347,动力鸡车,三星商户,http://www.dianping.com/shop/108303347/review,
294,动力鸡车,101990389,动力鸡车,三星商户,http://www.dianping.com/shop/101990389/review,
296,动力鸡车,96287161,动力鸡车,三星商户,http://www.dianping.com/shop/96287161/review,
298,动力鸡车,126216825,动力鸡车,该商户暂无星级,http://www.dianping.com/shop/126216825/review,
299,动力鸡车,48610590,动力鸡车,准四星商户,http://www.dianping.com/shop/48610590#comment,
299,动力鸡车,59036854,动力鸡车(万辉店),准四星商户,http://www.dianping.com/shop/59036854#comment,
299,动力鸡车,95246445,动力鸡车(长青学院店),准四星商户,http://www.dianping.com/shop/95246445#comment,
299,动力鸡车,21245814,动力鸡车(王府井店),准四星商户,http://www.dianping.com/shop/21245814#comment,
299,动力鸡车,32639797,动力鸡车,三星商户,http://www.dianping.com/shop/32639797#comment,
299,动力鸡车,66325416,动力鸡车(甘南路店),准四星商户,http://www.dianping.com/shop/66325416#comment,
299,动力鸡车,66613027,动力鸡车(正宁路店),准四星商户,http://www.dianping.com/shop/66613027#comment,
299,动力鸡车,65760828,动力鸡车(段家滩店),准四星商户,http://www.dianping.com/shop/65760828#comment,歇业/关闭
299,动力鸡车,26958126,动力鸡车(广场店),准四星商户,http://www.dianping.com/shop/26958126#comment,
299,动力鸡车,24666155,动力鸡车(定西南路店),准四星商户,http://www.dianping.com/shop/24666155#comment,
299,动力鸡车,110358848,动力鸡车(五泉店),准四星商户,http://www.dianping.com/shop/110358848#comment,
299,动力鸡车,73498656,动力鸡车(武都路店),准四星商户,http://www.dianping.com/shop/73498656#comment,
299,动力鸡车,67836908,动力鸡车(工业城店),准四星商户,http://www.dianping.com/shop/67836908#comment,
299,动力鸡车,92070840,动力鸡车(西固店),准四星商户,http://www.dianping.com/shop/92070840#comment,
299,动力鸡车,50525292,动力鸡车,三星商户,http://www.dianping.com/shop/50525292#comment,
299,动力鸡车,96017568,动力鸡车(龚家湾店),三星商户,http://www.dianping.com/shop/96017568#comment,
299,动力鸡车,24882069,动力鸡车,准四星商户,http://www.dianping.com/shop/24882069#comment,
299,动力鸡车,98619771,动力鸡车(草场街店),准四星商户,http://www.dianping.com/shop/98619771#comment,
299,动力鸡车,92911083,动力鸡车,三星商户,http://www.dianping.com/shop/92911083/review,
299,动力鸡车,43943573,动力鸡车(店子街店),三星商户,http://www.dianping.com/shop/43943573/review,
299,动力鸡车,41413050,动力鸡车(铁一小店),三星商户,http://www.dianping.com/shop/41413050/review,
299,动力鸡车,107747352,动力鸡车,三星商户,http://www.dianping.com/shop/107747352/review,
299,动力鸡车,126550545,动力鸡车,该商户暂无星级,http://www.dianping.com/shop/126550545/review,
299,动力鸡车,38118926,动力鸡车(兰大附中店),该商户暂无星级,http://www.dianping.com/shop/38118926/review,
299,动力鸡车,122419114,动力鸡车,该商户暂无星级,http://www.dianping.com/shop/122419114/review,
299,动力鸡车,112193787,动力鸡车,该商户暂无星级,http://www.dianping.com/shop/112193787/review,歇业/关闭
300,动力鸡车,57907635,动力鸡车(易都摩尔店),准四星商户,http://www.dianping.com/shop/57907635#comment,
300,动力鸡车,96338352,动力鸡车(名嘉汇店),准四星商户,http://www.dianping.com/shop/96338352#comment,
300,动力鸡车,107369078,动力鸡车(站前市场店),三星商户,http://www.dianping.com/shop/107369078/review,
300,动力鸡车,100303164,动力鸡车,该商户暂无星级,http://www.dianping.com/shop/100303164/review,
300,动力鸡车,110609456,动力鸡车,该商户暂无星级,http://www.dianping.com/shop/110609456/review,
302,动力鸡车,98244961,动力鸡车(平川店),该商户暂无星级,http://www.dianping.com/shop/98244961/review,
302,动力鸡车,96212521,动力鸡车(苹果街店),该商户暂无星级,http://www.dianping.com/shop/96212521#comment,歇业/关闭
303,动力鸡车,96121305,动力鸡车,准四星商户,http://www.dianping.com/shop/96121305#comment,
303,动力鸡车,66919854,动力鸡车,三星商户,http://www.dianping.com/shop/66919854/review,
303,动力鸡车,67348613,动力鸡车,该商户暂无星级,http://www.dianping.com/shop/67348613/review,
304,动力鸡车,59043614,动力鸡车,准四星商户,http://www.dianping.com/shop/59043614#comment,
304,动力鸡车,100630632,动力鸡车(甘肃民勤店),三星商户,http://www.dianping.com/shop/100630632/review,
304,动力鸡车,77366329,动力鸡车世纪步行街店,该商户暂无星级,http://www.dianping.com/shop/77366329/review,
304,动力鸡车,122004761,动力鸡车辣风鸡腿排,该商户暂无星级,http://www.dianping.com/shop/122004761/review,
305,动力鸡车,127909507,动力鸡车,该商户暂无星级,http://www.dianping.com/shop/127909507/review,歇业/关闭
306,动力鸡车,103601748,动力鸡车(红旗街店),准四星商户,http://www.dianping.com/shop/103601748#comment,
307,动力鸡车,92717573,动力鸡车(三幼店),准四星商户,http://www.dianping.com/shop/92717573#comment,
307,动力鸡车,21003658,动力鸡车,四星商户,http://www.dianping.com/shop/21003658#comment,
307,动力鸡车,74060781,动力鸡车(肃州市场店),三星商户,http://www.dianping.com/shop/74060781/review,
307,动力鸡车,68854204,动力鸡车,三星商户,http://www.dianping.com/shop/68854204/review,
307,动力鸡车,48176148,动力鸡车(北巷店),三星商户,http://www.dianping.com/shop/48176148/review,
307,动力鸡车,57429375,动力鸡车,该商户暂无星级,http://www.dianping.com/shop/57429375#comment,歇业/关闭
308,动力鸡车,125168930,动力鸡车,该商户暂无星级,http://www.dianping.com/shop/125168930/review,
308,动力鸡车,127608230,动力鸡车辣风鸡腿排,该商户暂无星级,http://www.dianping.com/shop/127608230/review,
309,动力鸡车,66602735,动力鸡车(欧康店),准四星商户,http://www.dianping.com/shop/66602735#comment,
309,动力鸡车,27214044,动力鸡车,准四星商户,http://www.dianping.com/shop/27214044#comment,
309,动力鸡车,80321727,动力鸡车,三星商户,http://www.dianping.com/shop/80321727/review,
309,动力鸡车,67218331,动力鸡车江夏店,该商户暂无星级,http://www.dianping.com/shop/67218331/review,
313,动力鸡车,96401466,动力鸡车(民惠城店),三星商户,http://www.dianping.com/shop/96401466#comment,
321,动力鸡车,19583049,动力鸡车(万达店),准四星商户,http://www.dianping.com/shop/19583049#comment,
321,动力鸡车,23332905,动力鸡车新一中店,准四星商户,http://www.dianping.com/shop/23332905#comment,
321,动力鸡车,24107378,动力鸡车(石油城店),准四星商户,http://www.dianping.com/shop/24107378#comment,
321,动力鸡车,23314468,动力鸡车(世纪金花店),准四星商户,http://www.dianping.com/shop/23314468#comment,
321,动力鸡车,32583245,动力鸡车,准四星商户,http://www.dianping.com/shop/32583245#comment,
321,动力鸡车,43720684,动力鸡车(蓝泰广场店),准四星商户,http://www.dianping.com/shop/43720684#comment,
321,动力鸡车,19583056,动力鸡车(东方红店),准四星商户,http://www.dianping.com/shop/19583056#comment,
321,动力鸡车,90492653,动力鸡车,准四星商户,http://www.dianping.com/shop/90492653#comment,
321,动力鸡车,112293374,动力鸡车小吃,准四星商户,http://www.dianping.com/shop/112293374#comment,
321,动力鸡车,96179743,动力鸡车,三星商户,http://www.dianping.com/shop/96179743#comment,
321,动力鸡车,19583060,动力鸡车(宁大店),准四星商户,http://www.dianping.com/shop/19583060#comment,
321,动力鸡车,92763207,动力鸡车(鸡排饭),三星商户,http://www.dianping.com/shop/92763207#comment,
321,动力鸡车,98099282,动力鸡车(鼓楼店),三星商户,http://www.dianping.com/shop/98099282/review,
321,动力鸡车,48121169,动力鸡车,三星商户,http://www.dianping.com/shop/48121169/review,
321,动力鸡车,93369425,动力鸡车(商城店),三星商户,http://www.dianping.com/shop/93369425#comment,
321,动力鸡车,110496392,动力鸡车(新华联店),三星商户,http://www.dianping.com/shop/110496392/review,
321,动力鸡车,75201642,动力鸡车(大阅城店),该商户暂无星级,http://www.dianping.com/shop/75201642/review,
321,动力鸡车,129036532,动力鸡车,该商户暂无星级,http://www.dianping.com/shop/129036532/review,歇业/关闭
323,动力鸡车,27406710,动力鸡车(小坝店),准四星商户,http://www.dianping.com/shop/27406710#comment,
325,动力鸡车,92645113,动力鸡车(小西沟店),准四星商户,http://www.dianping.com/shop/92645113#comment,
325,动力鸡车,96650846,动力鸡车,三星商户,http://www.dianping.com/shop/96650846/review,
326,动力鸡车,22060868,动力鸡车,准四星商户,http://www.dianping.com/shop/22060868#comment,
344,动力鸡车,78964814,动力鸡车店,准四星商户,http://www.dianping.com/shop/78964814/review,
344,动力鸡车,77330583,动力鸡车(环球奥莱店),该商户暂无星级,http://www.dianping.com/shop/77330583/review,
344,动力鸡车,69269111,动力鸡车(农大店),该商户暂无星级,http://www.dianping.com/shop/69269111/review,
345,动力鸡车,98070889,动力鸡车(炸鸡、汉堡、鸡排),准四星商户,http://www.dianping.com/shop/98070889#comment,
351,动力鸡车,24984888,动力鸡车,准四星商户,http://www.dianping.com/shop/24984888#comment,
351,动力鸡车,92613725,动力鸡车,三星商户,http://www.dianping.com/shop/92613725/review,
