1,皇家鸡排,95526496,皇家鸡排,准四星商户,http://www.dianping.com/shop/95526496#comment,
1,皇家鸡排,124893596,皇家鸡排(车配龙美食城店),该商户暂无星级,http://www.dianping.com/shop/124893596/review,
1,皇家鸡排,124403098,皇家鸡排(沪小胖美食城店),该商户暂无星级,http://www.dianping.com/shop/124403098/review,
1,皇家鸡排,104884201,微笑便当(三林店),该商户暂无星级,http://www.dianping.com/shop/104884201/review,
1,皇家鸡排,93374357,炸货铺,准四星商户,http://www.dianping.com/shop/93374357#comment,
1,皇家鸡排,127278225,微笑便当(高桥店),准四星商户,http://www.dianping.com/shop/127278225#comment,
1,皇家鸡排,124751301,侑遇·牛排杯,准四星商户,http://www.dianping.com/shop/124751301#comment,
1,皇家鸡排,108158496,微笑便当,该商户暂无星级,http://www.dianping.com/shop/108158496/review,
1,皇家鸡排,102444479,微笑便当,准四星商户,http://www.dianping.com/shop/102444479#comment,
1,皇家鸡排,4661998,全家便利店(车站南路店),四星商户,http://www.dianping.com/shop/4661998#comment,
1,皇家鸡排,17187282,Asitiman 阿斯堤曼(闻喜路店),五星商户,http://www.dianping.com/shop/17187282#comment,
1,皇家鸡排,24732270,橄榄绿餐吧,准四星商户,http://www.dianping.com/shop/24732270#comment,
1,皇家鸡排,77331241,小食代,准四星商户,http://www.dianping.com/shop/77331241#comment,
1,皇家鸡排,120064680,越之荷(南京东路店),准四星商户,http://www.dianping.com/shop/120064680#comment,
1,皇家鸡排,13745896,汉堡王(上海古方路店),准四星商户,http://www.dianping.com/shop/13745896#comment,
1,皇家鸡排,501212,新旺茶餐厅(汉口路店),四星商户,http://www.dianping.com/shop/501212#comment,
1,皇家鸡排,96507283,TUK土耳其餐厅(淮海中路店),四星商户,http://www.dianping.com/shop/96507283#comment,
1,皇家鸡排,505797,穀屋 House Of Flour(张江店),四星商户,http://www.dianping.com/shop/505797#comment,
1,皇家鸡排,20919026,MR PANCAKE 松饼先生(新梅联合广场店),四星商户,http://www.dianping.com/shop/20919026#comment,
1,皇家鸡排,66862539,The Cheesecake Factory 芝乐坊餐厅(迪士尼小镇店),准五星商户,http://www.dianping.com/shop/66862539#comment,
1,皇家鸡排,1919707,新元素餐厅(正大广场店),四星商户,http://www.dianping.com/shop/1919707#comment,
1,皇家鸡排,67005659,玖程香生态音乐餐厅(四川北路店),四星商户,http://www.dianping.com/shop/67005659#comment,歇业/关闭
1,皇家鸡排,33081600,西堤厚牛排(紫荆广场店),准五星商户,http://www.dianping.com/shop/33081600#comment,
1,皇家鸡排,3009544,圣富法式铁板烧,准五星商户,http://www.dianping.com/shop/3009544#comment,
2,皇家鸡排,48081301,皇家鸡排(南菜园店),准四星商户,http://www.dianping.com/shop/48081301#comment,
2,皇家鸡排,97753431,皇家鸡排(喜隆多店),准四星商户,http://www.dianping.com/shop/97753431#comment,
2,皇家鸡排,92490602,皇家鸡排(门头沟店),准四星商户,http://www.dianping.com/shop/92490602#comment,
2,皇家鸡排,24010548,皇家鸡排(延庆店),准四星商户,http://www.dianping.com/shop/24010548#comment,
2,皇家鸡排,122733858,皇家鸡排,准四星商户,http://www.dianping.com/shop/122733858#comment,
2,皇家鸡排,58508805,皇家鸡排(新兴小区店),准四星商户,http://www.dianping.com/shop/58508805#comment,
2,皇家鸡排,70435194,皇家鸡排(东外大街店),三星商户,http://www.dianping.com/shop/70435194#comment,
2,皇家鸡排,33594102,皇家鸡排,准四星商户,http://www.dianping.com/shop/33594102#comment,
2,皇家鸡排,91972415,皇家鸡排,准四星商户,http://www.dianping.com/shop/91972415#comment,
2,皇家鸡排,102523390,皇家鸡排(杏石口店),准四星商户,http://www.dianping.com/shop/102523390#comment,
2,皇家鸡排,23453723,皇家鸡排(中粮万科长阳半岛店),准四星商户,http://www.dianping.com/shop/23453723#comment,
2,皇家鸡排,22574697,皇家鸡排(西直门店),准四星商户,http://www.dianping.com/shop/22574697#comment,
2,皇家鸡排,56789697,皇家鸡排(沁山水店),准四星商户,http://www.dianping.com/shop/56789697#comment,
2,皇家鸡排,121683440,皇家鸡排,准四星商户,http://www.dianping.com/shop/121683440#comment,
2,皇家鸡排,121748673,皇家鸡排(黄村店),准四星商户,http://www.dianping.com/shop/121748673#comment,
2,皇家鸡排,77055470,皇家鸡排(南法信店),准四星商户,http://www.dianping.com/shop/77055470#comment,
2,皇家鸡排,79296490,皇家鸡排(农大店),准四星商户,http://www.dianping.com/shop/79296490#comment,
2,皇家鸡排,67740212,皇家鸡排(四惠店),准四星商户,http://www.dianping.com/shop/67740212#comment,
2,皇家鸡排,83473873,皇家鸡排(和平里店),准四星商户,http://www.dianping.com/shop/83473873#comment,
2,皇家鸡排,91924860,皇家鸡排(金源店),准四星商户,http://www.dianping.com/shop/91924860#comment,
2,皇家鸡排,121499203,皇家鸡排(唐人街店),准四星商户,http://www.dianping.com/shop/121499203#comment,
2,皇家鸡排,75639957,皇家鸡排(印象城店),准四星商户,http://www.dianping.com/shop/75639957#comment,
2,皇家鸡排,19203579,皇家鸡排(大兴四中店),准四星商户,http://www.dianping.com/shop/19203579#comment,
2,皇家鸡排,97532719,皇家鸡排(新年华店),准四星商户,http://www.dianping.com/shop/97532719#comment,
2,皇家鸡排,65488226,皇家鸡排(古城店),准四星商户,http://www.dianping.com/shop/65488226#comment,
2,皇家鸡排,32597419,皇家鸡排,准四星商户,http://www.dianping.com/shop/32597419#comment,歇业/关闭
2,皇家鸡排,13728326,皇家鸡排(鼓楼东大街店),准四星商户,http://www.dianping.com/shop/13728326#comment,
2,皇家鸡排,74621427,皇家鸡排(高米店南店),准四星商户,http://www.dianping.com/shop/74621427#comment,
2,皇家鸡排,102357251,皇家鸡排,三星商户,http://www.dianping.com/shop/102357251#comment,
2,皇家鸡排,68121565,皇家鸡排(西站南路店),准四星商户,http://www.dianping.com/shop/68121565#comment,
2,皇家鸡排,122278793,皇家鸡排(双桥东星广场店),三星商户,http://www.dianping.com/shop/122278793#comment,
2,皇家鸡排,20687396,皇家鸡排,准四星商户,http://www.dianping.com/shop/20687396#comment,
2,皇家鸡排,102347969,皇家鸡排,准四星商户,http://www.dianping.com/shop/102347969#comment,
2,皇家鸡排,18538870,皇家鸡排(复兴路店),三星商户,http://www.dianping.com/shop/18538870#comment,
2,皇家鸡排,93465019,皇家鸡排(金惠园店),准四星商户,http://www.dianping.com/shop/93465019#comment,
2,皇家鸡排,56884967,皇家鸡排(云岗店),准四星商户,http://www.dianping.com/shop/56884967#comment,
2,皇家鸡排,79706280,皇家鸡排(西站北广场店),准四星商户,http://www.dianping.com/shop/79706280#comment,
2,皇家鸡排,92350351,皇家鸡排(管庄西里店),三星商户,http://www.dianping.com/shop/92350351#comment,
2,皇家鸡排,37934937,皇家鸡排(知春路店),准四星商户,http://www.dianping.com/shop/37934937#comment,
2,皇家鸡排,69493685,皇家鸡排,准四星商户,http://www.dianping.com/shop/69493685#comment,
2,皇家鸡排,69695516,皇家鸡排(将台路店),准四星商户,http://www.dianping.com/shop/69695516#comment,
2,皇家鸡排,92116491,皇家鸡排(万源店),准四星商户,http://www.dianping.com/shop/92116491#comment,
2,皇家鸡排,16818718,皇家鸡排(中关村科贸店),准四星商户,http://www.dianping.com/shop/16818718#comment,
2,皇家鸡排,96606849,皇家鸡排(联想桥店),准四星商户,http://www.dianping.com/shop/96606849#comment,
2,皇家鸡排,91847121,皇家鸡排(柳芳店),准四星商户,http://www.dianping.com/shop/91847121#comment,
2,皇家鸡排,68200839,皇家鸡排(卢沟桥店),准四星商户,http://www.dianping.com/shop/68200839#comment,
2,皇家鸡排,98005715,皇家鸡排(郁花园店),准四星商户,http://www.dianping.com/shop/98005715#comment,
2,皇家鸡排,22677511,皇家鸡排(天丰利商场店),四星商户,http://www.dianping.com/shop/22677511#comment,歇业/关闭
2,皇家鸡排,20843075,皇家鸡排(皂君庙店),准四星商户,http://www.dianping.com/shop/20843075#comment,
2,皇家鸡排,96453083,皇家鸡排(物美店),准四星商户,http://www.dianping.com/shop/96453083#comment,
2,皇家鸡排,18538811,皇家鸡排(云岗店),三星商户,http://www.dianping.com/shop/18538811#comment,
2,皇家鸡排,102327276,皇家鸡排(太平桥店),准四星商户,http://www.dianping.com/shop/102327276#comment,
2,皇家鸡排,92792616,皇家鸡排(新都建材城中路店),准四星商户,http://www.dianping.com/shop/92792616#comment,
2,皇家鸡排,98724722,皇家鸡排长沙臭豆腐(黄村店),准四星商户,http://www.dianping.com/shop/98724722#comment,
2,皇家鸡排,50378374,皇家鸡排(龙德广场店),三星商户,http://www.dianping.com/shop/50378374#comment,
2,皇家鸡排,98016358,皇家鸡排(欧尚店),准四星商户,http://www.dianping.com/shop/98016358#comment,
2,皇家鸡排,95962675,皇家鸡排,该商户暂无星级,http://www.dianping.com/shop/95962675/review,
2,皇家鸡排,112019619,皇家鸡排,该商户暂无星级,http://www.dianping.com/shop/112019619/review,
2,皇家鸡排,125018515,皇家鸡排,该商户暂无星级,http://www.dianping.com/shop/125018515/review,
2,皇家鸡排,66907902,皇家鸡排,准四星商户,http://www.dianping.com/shop/66907902#comment,
2,皇家鸡排,98096534,桥头排骨(食宝街店),准五星商户,http://www.dianping.com/shop/98096534#comment,
2,皇家鸡排,28620090,皇家鸡排(宝盛里店),该商户暂无星级,http://www.dianping.com/shop/28620090/review,
2,皇家鸡排,90493315,皇家鸡排(物资学院店),三星商户,http://www.dianping.com/shop/90493315#comment,歇业/关闭
2,皇家鸡排,92635511,皇家鸡排(杨镇店),该商户暂无星级,http://www.dianping.com/shop/92635511/review,
2,皇家鸡排,99429238,皇家鸡排(易生活广场店),准四星商户,http://www.dianping.com/shop/99429238#comment,
2,皇家鸡排,91953833,皇家鸡排(兴云店),该商户暂无星级,http://www.dianping.com/shop/91953833/review,
2,皇家鸡排,107797795,皇家鸡排(太平家园店),准四星商户,http://www.dianping.com/shop/107797795#comment,
2,皇家鸡排,120149605,皇家鸡排(顺义新城店),该商户暂无星级,http://www.dianping.com/shop/120149605/review,
2,皇家鸡排,123507466,皇家鸡排,该商户暂无星级,http://www.dianping.com/shop/123507466/review,
2,皇家鸡排,122348444,皇家鸡排,该商户暂无星级,http://www.dianping.com/shop/122348444/review,
2,皇家鸡排,98507964,皇家鸡排,该商户暂无星级,http://www.dianping.com/shop/98507964/review,
2,皇家鸡排,69341777,皇家鸡排,该商户暂无星级,http://www.dianping.com/shop/69341777/review,
2,皇家鸡排,67773325,皇家鸡排(雅宝路店),该商户暂无星级,http://www.dianping.com/shop/67773325/review,
2,皇家鸡排,20843213,皇家鸡排西笑区,该商户暂无星级,http://www.dianping.com/shop/20843213/review,
2,皇家鸡排,99114177,皇家鸡排(延庆康庄店),该商户暂无星级,http://www.dianping.com/shop/99114177/review,
2,皇家鸡排,99144180,皇家鸡排(北京电影学院店),该商户暂无星级,http://www.dianping.com/shop/99144180/review,
2,皇家鸡排,125726284,皇家鸡排 秘制排骨,该商户暂无星级,http://www.dianping.com/shop/125726284/review,
2,皇家鸡排,105635905,皇家鸡排咖喱饭,该商户暂无星级,http://www.dianping.com/shop/105635905/review,
2,皇家鸡排,128889363,皇家鸡排阳光公寓,该商户暂无星级,http://www.dianping.com/shop/128889363/review,
2,皇家鸡排,121470190,全民丫铺,准四星商户,http://www.dianping.com/shop/121470190#comment,
2,皇家鸡排,93638501,潼关人肉夹馍(夕照寺中街店),准四星商户,http://www.dianping.com/shop/93638501#comment,
2,皇家鸡排,68007087,王家鸡排(鲁谷店),准四星商户,http://www.dianping.com/shop/68007087#comment,
2,皇家鸡排,19348085,美味美汉堡(北新桥店),三星商户,http://www.dianping.com/shop/19348085#comment,
2,皇家鸡排,96228503,老张牛肉面(祥云小镇店),四星商户,http://www.dianping.com/shop/96228503#comment,
2,皇家鸡排,43627185,贝克汉堡(张坊店),准四星商户,http://www.dianping.com/shop/43627185#comment,
2,皇家鸡排,57718829,毕派克饭店,三星商户,http://www.dianping.com/shop/57718829#comment,
2,皇家鸡排,3300460,古塘咖啡(上地店),三星商户,http://www.dianping.com/shop/3300460#comment,
2,皇家鸡排,1942765,赛百味(清华科技园店),准四星商户,http://www.dianping.com/shop/1942765#comment,
2,皇家鸡排,4282712,赛百味(清华附中店),准四星商户,http://www.dianping.com/shop/4282712#comment,
2,皇家鸡排,95117151,闽源川湘家常菜(长阳双子座店),准四星商户,http://www.dianping.com/shop/95117151#comment,
2,皇家鸡排,76647450,爱咪客铁板烧(恒泰广场店),三星商户,http://www.dianping.com/shop/76647450#comment,
2,皇家鸡排,68063489,巴黎贝甜(贵友大厦店),四星商户,http://www.dianping.com/shop/68063489#comment,
2,皇家鸡排,80538575,巴黎贝甜(华熙店),四星商户,http://www.dianping.com/shop/80538575#comment,
2,皇家鸡排,90977259,雅玛之芯·铁板烧(五道口圣熙八号店),准五星商户,http://www.dianping.com/shop/90977259#comment,
2,皇家鸡排,91048149,水木锦堂·自助铁板烧(世贸天阶店),准五星商户,http://www.dianping.com/shop/91048149#comment,
2,皇家鸡排,91940936,ANDYS’安迪家(百子湾店),准五星商户,http://www.dianping.com/shop/91940936#comment,
2,皇家鸡排,91861888,Coffee 1946 咖啡,四星商户,http://www.dianping.com/shop/91861888#comment,
2,皇家鸡排,68042120,JF皇家茶馆(国贸商城店),准五星商户,http://www.dianping.com/shop/68042120#comment,
2,皇家鸡排,95376289,西堤厚牛排(世纪金源店),五星商户,http://www.dianping.com/shop/95376289#comment,
2,皇家鸡排,22715574,巴黎贝甜(枫蓝国际购物中心店),准四星商户,http://www.dianping.com/shop/22715574#comment,
2,皇家鸡排,17185679,水木锦堂·自助铁板烧(长楹天街店),准五星商户,http://www.dianping.com/shop/17185679#comment,
3,皇家鸡排,65952840,皇家鸡排,三星商户,http://www.dianping.com/shop/65952840/review,
3,皇家鸡排,56921394,皇家鸡排,该商户暂无星级,http://www.dianping.com/shop/56921394/review,
3,皇家鸡排,98832178,1杯,该商户暂无星级,http://www.dianping.com/shop/98832178/review,
3,皇家鸡排,122917905,铜锣码头鹿角巷,四星商户,http://www.dianping.com/shop/122917905#comment,歇业/关闭
3,皇家鸡排,27469917,甘茶度,准四星商户,http://www.dianping.com/shop/27469917#comment,
3,皇家鸡排,6664334,香港新曜记茶餐厅(西溪首座店),四星商户,http://www.dianping.com/shop/6664334#comment,
4,皇家鸡排,98320640,皇家鸡排(市二宫店),准四星商户,http://www.dianping.com/shop/98320640#comment,
4,皇家鸡排,56853022,皇家鸡排(江南新地店),准四星商户,http://www.dianping.com/shop/56853022#comment,歇业/关闭
4,皇家鸡排,96748259,皇家鸡排(百花广场店),该商户暂无星级,http://www.dianping.com/shop/96748259/review,
4,皇家鸡排,93962500,皇家鸡排(大学城店),该商户暂无星级,http://www.dianping.com/shop/93962500/review,
4,皇家鸡排,92012523,皇家鸡排奶茶,该商户暂无星级,http://www.dianping.com/shop/92012523/review,
4,皇家鸡排,75067180,港台皇家鸡排,该商户暂无星级,http://www.dianping.com/shop/75067180/review,
4,皇家鸡排,110710045,皇家大鸡排,该商户暂无星级,http://www.dianping.com/shop/110710045/review,
4,皇家鸡排,112292306,泡面小食堂·鹿角巷(大学城店),准四星商户,http://www.dianping.com/shop/112292306#comment,
4,皇家鸡排,110576371,世代皇茶,该商户暂无星级,http://www.dianping.com/shop/110576371/review,
4,皇家鸡排,112595567,世代皇茶,该商户暂无星级,http://www.dianping.com/shop/112595567/review,
4,皇家鸡排,32607864,ShinyX86●百变拼盘,准四星商户,http://www.dianping.com/shop/32607864#comment,
4,皇家鸡排,108859861,Urban Sweet茶几何,准四星商户,http://www.dianping.com/shop/108859861#comment,
4,皇家鸡排,98298220,世代皇茶(万达广场店),准四星商户,http://www.dianping.com/shop/98298220#comment,
4,皇家鸡排,13925742,车库美式餐厅·不一样的汉堡,四星商户,http://www.dianping.com/shop/13925742#comment,
4,皇家鸡排,5393307,月影铁板烧(五号停机坪广场店),准四星商户,http://www.dianping.com/shop/5393307#comment,
4,皇家鸡排,20719390,卡琳娜牛排屋,准四星商户,http://www.dianping.com/shop/20719390#comment,
4,皇家鸡排,9081108,W酒店标帜餐厅,四星商户,http://www.dianping.com/shop/9081108#comment,
4,皇家鸡排,68187611,月影铁板烧(百信广场东区店),准四星商户,http://www.dianping.com/shop/68187611#comment,
5,皇家鸡排,90326867,叫了个鸡(托乐嘉店),准四星商户,http://www.dianping.com/shop/90326867#comment,
5,皇家鸡排,13878049,潘老板炸鸡腿(马台街店),准五星商户,http://www.dianping.com/shop/13878049#comment,
5,皇家鸡排,121813654,卤囧,该商户暂无星级,http://www.dianping.com/shop/121813654/review,
5,皇家鸡排,58416726,米纸越南小馆·PHO(国际金融中心店),五星商户,http://www.dianping.com/shop/58416726#comment,
5,皇家鸡排,23588604,南农食堂第一食堂,准五星商户,http://www.dianping.com/shop/23588604#comment,
5,皇家鸡排,24774173,柠檬工坊(江宁镇老街店),准四星商户,http://www.dianping.com/shop/24774173#comment,
5,皇家鸡排,102351317,米纸越南小馆(汉中路金鹰店),五星商户,http://www.dianping.com/shop/102351317#comment,
5,皇家鸡排,114857504,木与同三明治(印象汇店),准五星商户,http://www.dianping.com/shop/114857504#comment,
5,皇家鸡排,20898828,大叻越南风味餐厅(艾尚天地店),准五星商户,http://www.dianping.com/shop/20898828#comment,
5,皇家鸡排,98972833,米纸越南小馆(招商花园城店),五星商户,http://www.dianping.com/shop/98972833#comment,
5,皇家鸡排,93910310,米纸越南小馆(河西金鹰世界店),五星商户,http://www.dianping.com/shop/93910310#comment,
5,皇家鸡排,23446656,大叻越南风味餐厅(仙林金鹰店),准五星商户,http://www.dianping.com/shop/23446656#comment,
5,皇家鸡排,93218501,米纸越南小馆·PHO(虹悦城店),准五星商户,http://www.dianping.com/shop/93218501#comment,
5,皇家鸡排,93910322,米纸越南小馆(弘阳广场店),准五星商户,http://www.dianping.com/shop/93910322#comment,
5,皇家鸡排,113900112,索菲克牛排披萨餐厅,四星商户,http://www.dianping.com/shop/113900112#comment,
5,皇家鸡排,69146386,塔可墨西哥餐厅(金鹰奥莱城店),准五星商户,http://www.dianping.com/shop/69146386#comment,
5,皇家鸡排,17765859,西堤厚牛排(南京龙江店),五星商户,http://www.dianping.com/shop/17765859#comment,
5,皇家鸡排,17680063,塔可墨西哥餐厅(印象汇店),四星商户,http://www.dianping.com/shop/17680063#comment,
6,皇家鸡排,67012591,皇家鸡排,准四星商户,http://www.dianping.com/shop/67012591#comment,
6,皇家鸡排,121933773,小鸡迷,准四星商户,http://www.dianping.com/shop/121933773#comment,
6,皇家鸡排,108097370,咕米便当,准四星商户,http://www.dianping.com/shop/108097370#comment,
6,皇家鸡排,96308641,Miss Pancake松饼小姐美式西餐厅(苏州中心店),准五星商户,http://www.dianping.com/shop/96308641#comment,
6,皇家鸡排,9087756,索菲克牛排(盛泽店),准四星商户,http://www.dianping.com/shop/9087756#comment,
7,皇家鸡排,99052937,皇家鸡排(葵涌店),准四星商户,http://www.dianping.com/shop/99052937#comment,
7,皇家鸡排,58054641,皇家鸡排(深大店),准四星商户,http://www.dianping.com/shop/58054641#comment,
7,皇家鸡排,33575749,皇家鸡排(宝安店),准四星商户,http://www.dianping.com/shop/33575749#comment,
7,皇家鸡排,92676011,皇家鸡排(蛇口汽车站店),准四星商户,http://www.dianping.com/shop/92676011#comment,
7,皇家鸡排,69688929,皇家鸡排(深圳学府路店),准四星商户,http://www.dianping.com/shop/69688929#comment,
7,皇家鸡排,69038529,皇家鸡排(福祥店),准四星商户,http://www.dianping.com/shop/69038529#comment,
7,皇家鸡排,92949200,皇家鸡排(西乡店),准四星商户,http://www.dianping.com/shop/92949200#comment,
7,皇家鸡排,56975163,皇家鸡排(阳光湾畔店),准四星商户,http://www.dianping.com/shop/56975163#comment,
7,皇家鸡排,111536826,皇家鸡排(坂田店),三星商户,http://www.dianping.com/shop/111536826#comment,
7,皇家鸡排,90005192,皇家鸡排(南门一坊店),准四星商户,http://www.dianping.com/shop/90005192#comment,歇业/关闭
7,皇家鸡排,90040644,皇家鸡排(盐田店),该商户暂无星级,http://www.dianping.com/shop/90040644/review,
7,皇家鸡排,97715910,皇家鸡排(罗芳村店),该商户暂无星级,http://www.dianping.com/shop/97715910/review,
7,皇家鸡排,99055678,皇家鸡排,该商户暂无星级,http://www.dianping.com/shop/99055678/review,
7,皇家鸡排,125184934,筷锦记泡面小食堂,三星商户,http://www.dianping.com/shop/125184934/review,
7,皇家鸡排,113959867,鹿角巷THE ALLEY(凤凰里店),准四星商户,http://www.dianping.com/shop/113959867#comment,
7,皇家鸡排,98389928,茶巢,准四星商户,http://www.dianping.com/shop/98389928#comment,
7,皇家鸡排,114844008,更好烘焙,该商户暂无星级,http://www.dianping.com/shop/114844008/review,
7,皇家鸡排,90056817,1号粥店(五和店),准四星商户,http://www.dianping.com/shop/90056817#comment,
7,皇家鸡排,112633095,世代皇茶,该商户暂无星级,http://www.dianping.com/shop/112633095/review,
7,皇家鸡排,92018861,恒诺烘焙,准四星商户,http://www.dianping.com/shop/92018861#comment,
7,皇家鸡排,113140351,唛乐基,该商户暂无星级,http://www.dianping.com/shop/113140351/review,
7,皇家鸡排,5329669,原石牛扒(石岩店),准五星商户,http://www.dianping.com/shop/5329669#comment,
8,皇家鸡排,58502678,亚亚土豆花,准四星商户,http://www.dianping.com/shop/58502678#comment,
8,皇家鸡排,102654212,皇家大鸡排,该商户暂无星级,http://www.dianping.com/shop/102654212/review,
8,皇家鸡排,124597238,鸡器人炸鸡(世纪城店),四星商户,http://www.dianping.com/shop/124597238#comment,
8,皇家鸡排,1964515,豪客来牛排,准四星商户,http://www.dianping.com/shop/1964515#comment,歇业/关闭
8,皇家鸡排,18631881,乡村基(鞋都店),准四星商户,http://www.dianping.com/shop/18631881#comment,
8,皇家鸡排,90384363,意风小镇(青羊店),二星商户,http://www.dianping.com/shop/90384363#comment,
8,皇家鸡排,5574661,豪客来牛排(建设路餐厅-1614),四星商户,http://www.dianping.com/shop/5574661#comment,
8,皇家鸡排,9979173,安德鲁森(银沙街店),准四星商户,http://www.dianping.com/shop/9979173#comment,
9,皇家鸡排,43895664,皇家鸡排,该商户暂无星级,http://www.dianping.com/shop/43895664/review,
9,皇家鸡排,28596215,街吧(鸳鸯北路店),准四星商户,http://www.dianping.com/shop/28596215#comment,
9,皇家鸡排,110501496,大笨钟,该商户暂无星级,http://www.dianping.com/shop/110501496/review,
9,皇家鸡排,21709740,焙里思(合川1店),准四星商户,http://www.dianping.com/shop/21709740#comment,
9,皇家鸡排,98059224,意风小镇(万州店),准四星商户,http://www.dianping.com/shop/98059224#comment,
9,皇家鸡排,93663126,初心牛排,三星商户,http://www.dianping.com/shop/93663126#comment,
9,皇家鸡排,111863796,苏卡提曼蛋糕坊,准四星商户,http://www.dianping.com/shop/111863796#comment,
10,皇家鸡排,96488659,皇家鸡排(滨江道店),准四星商户,http://www.dianping.com/shop/96488659#comment,
10,皇家鸡排,19008698,皇家鸡排(草场街店),准四星商户,http://www.dianping.com/shop/19008698#comment,歇业/关闭
10,皇家鸡排,97204586,皇家鸡排饭,该商户暂无星级,http://www.dianping.com/shop/97204586/review,
10,皇家鸡排,111576076,皇家鸡排,该商户暂无星级,http://www.dianping.com/shop/111576076/review,
10,皇家鸡排,129002798,皇家鸡排(秋怡家园店),该商户暂无星级,http://www.dianping.com/shop/129002798/review,
10,皇家鸡排,107762330,林记港式煲仔饭,准四星商户,http://www.dianping.com/shop/107762330#comment,
10,皇家鸡排,112194515,低卡笔记,四星商户,http://www.dianping.com/shop/112194515#comment,
10,皇家鸡排,111511505,祖母的魔法厨房(陆家嘴店),五星商户,http://www.dianping.com/shop/111511505#comment,
10,皇家鸡排,58354731,埃里思故比萨(西湖道店),准五星商户,http://www.dianping.com/shop/58354731#comment,
10,皇家鸡排,58277365,老张牛肉面(银河国际店),准五星商户,http://www.dianping.com/shop/58277365#comment,
10,皇家鸡排,93276597,马泽彬广东煲仔饭,准四星商户,http://www.dianping.com/shop/93276597#comment,
10,皇家鸡排,122006827,好吉荟简餐沙拉,准四星商户,http://www.dianping.com/shop/122006827#comment,
10,皇家鸡排,21274230,娜娜家·nana's restaurant(大悦城店),五星商户,http://www.dianping.com/shop/21274230#comment,
10,皇家鸡排,6389843,100℃比萨(鞍山西道总店),准五星商户,http://www.dianping.com/shop/6389843#comment,歇业/关闭
10,皇家鸡排,74448412,二人锅(和平大悦城店),准五星商户,http://www.dianping.com/shop/74448412#comment,
10,皇家鸡排,6019906,SlowCity慢城(彩悦城店),五星商户,http://www.dianping.com/shop/6019906#comment,
10,皇家鸡排,17680734,清真·艾美可餐厅(鹏欣水游城店),五星商户,http://www.dianping.com/shop/17680734#comment,
10,皇家鸡排,57205682,田小厨西餐吧,五星商户,http://www.dianping.com/shop/57205682#comment,
10,皇家鸡排,98227296,巴黎贝甜(塘沽秀谷店),四星商户,http://www.dianping.com/shop/98227296#comment,
10,皇家鸡排,2015851,巴黎贝甜(时代奥城店),准五星商户,http://www.dianping.com/shop/2015851#comment,
10,皇家鸡排,4531187,清真·艾美可餐厅(海光寺店),五星商户,http://www.dianping.com/shop/4531187#comment,
11,皇家鸡排,96167606,皇家鸡排(初六食仓店),该商户暂无星级,http://www.dianping.com/shop/96167606/review,
12,皇家鸡排,121480799,九月森林(仪征店),准四星商户,http://www.dianping.com/shop/121480799#comment,
12,皇家鸡排,9107908,麦香人家(甘棠路店),准四星商户,http://www.dianping.com/shop/9107908#comment,
12,皇家鸡排,8865582,九月森林(翠岗店),四星商户,http://www.dianping.com/shop/8865582#comment,
13,皇家鸡排,69185692,皇家鸡排,准四星商户,http://www.dianping.com/shop/69185692#comment,
13,皇家鸡排,80152274,皇家鸡排,该商户暂无星级,http://www.dianping.com/shop/80152274/review,
13,皇家鸡排,102155920,卤囧,准四星商户,http://www.dianping.com/shop/102155920#comment,
13,皇家鸡排,38787698,正大鸡排,准四星商户,http://www.dianping.com/shop/38787698#comment,歇业/关闭
13,皇家鸡排,23641987,塔罗塔克(龙塘家园店),四星商户,http://www.dianping.com/shop/23641987#comment,
14,皇家鸡排,43977246,皇家鸡排,三星商户,http://www.dianping.com/shop/43977246#comment,
14,皇家鸡排,77038796,皇家鸡排,该商户暂无星级,http://www.dianping.com/shop/77038796/review,
14,皇家鸡排,112131615,皇家牛扒•鸡排饭,三星商户,http://www.dianping.com/shop/112131615#comment,
14,皇家鸡排,32157237,凡塔斯牛排餐厅(王府井店),准五星商户,http://www.dianping.com/shop/32157237#comment,
14,皇家鸡排,545770,安德鲁森(西洪店),准四星商户,http://www.dianping.com/shop/545770#comment,
14,皇家鸡排,13825196,凡塔斯牛排餐厅(三坊七巷店),四星商户,http://www.dianping.com/shop/13825196#comment,
15,皇家鸡排,58582558,树兰花下咖啡馆,准四星商户,http://www.dianping.com/shop/58582558#comment,
16,皇家鸡排,93363045,港饮之港汉南店(中百仓储对面),准四星商户,http://www.dianping.com/shop/93363045#comment,
16,皇家鸡排,77528175,sue 餐厅,五星商户,http://www.dianping.com/shop/77528175#comment,
16,皇家鸡排,92659045,百特喜鹅肝比萨意大利餐厅(凯德西城店),五星商户,http://www.dianping.com/shop/92659045#comment,
16,皇家鸡排,5195057,米国煲仔饭(一元路店),准五星商户,http://www.dianping.com/shop/5195057#comment,
17,皇家鸡排,57763983,皇家鸡排(土门华润店),准四星商户,http://www.dianping.com/shop/57763983#comment,
17,皇家鸡排,110706573,从前慢,该商户暂无星级,http://www.dianping.com/shop/110706573/review,
17,皇家鸡排,96442299,皇家排长鸡排饭,该商户暂无星级,http://www.dianping.com/shop/96442299/review,
17,皇家鸡排,4125546,克拉拉(东门店),准四星商户,http://www.dianping.com/shop/4125546#comment,歇业/关闭
17,皇家鸡排,120708608,硬货·西班牙海鲜饭(大融城店),准四星商户,http://www.dianping.com/shop/120708608#comment,
17,皇家鸡排,5456031,克拉拉(钟楼店),准四星商户,http://www.dianping.com/shop/5456031#comment,
17,皇家鸡排,22195258,克拉拉(高新店),准四星商户,http://www.dianping.com/shop/22195258#comment,
17,皇家鸡排,18175827,克拉拉(北关店),准四星商户,http://www.dianping.com/shop/18175827#comment,
17,皇家鸡排,18219445,塞纳左岸咖啡(未央路店),准四星商户,http://www.dianping.com/shop/18219445#comment,
18,皇家鸡排,96473058,皇家鸡排(皇姑北行店),准四星商户,http://www.dianping.com/shop/96473058#comment,
18,皇家鸡排,127284970,皇家排长大鸡排(茨榆坨店),该商户暂无星级,http://www.dianping.com/shop/127284970/review,
18,皇家鸡排,2267374,顶好快餐(崇山店),四星商户,http://www.dianping.com/shop/2267374#comment,
18,皇家鸡排,5511038,顶好快餐(新华路分店),准四星商户,http://www.dianping.com/shop/5511038#comment,
18,皇家鸡排,551757,顶好快餐(文萃路分店),准四星商户,http://www.dianping.com/shop/551757#comment,
18,皇家鸡排,4121160,Steaking食间牛排馆(皇城恒隆广场店),五星商户,http://www.dianping.com/shop/4121160#comment,
18,皇家鸡排,552918,顶好快餐(南京街店),准四星商户,http://www.dianping.com/shop/552918#comment,
18,皇家鸡排,2017033,25度咖啡馆(奉天银座店),准五星商户,http://www.dianping.com/shop/2017033#comment,
19,皇家鸡排,95029713,皇家鸡排,准四星商户,http://www.dianping.com/shop/95029713#comment,
19,皇家鸡排,18150790,101比萨(高新万达广场店),四星商户,http://www.dianping.com/shop/18150790#comment,
19,皇家鸡排,6141451,加乐比意式餐厅(万和汇店),准四星商户,http://www.dianping.com/shop/6141451#comment,
22,皇家鸡排,97734633,皇家鸡排(领秀城店),准四星商户,http://www.dianping.com/shop/97734633#comment,
22,皇家鸡排,38110970,皇家鸡排(玉函银座店),准四星商户,http://www.dianping.com/shop/38110970#comment,
22,皇家鸡排,98687003,皇家鸡排(中海环宇城店),准四星商户,http://www.dianping.com/shop/98687003#comment,
22,皇家鸡排,92762121,皇家鸡排,准四星商户,http://www.dianping.com/shop/92762121#comment,歇业/关闭
22,皇家鸡排,108363094,皇家鸡排,准四星商户,http://www.dianping.com/shop/108363094#comment,
22,皇家鸡排,94262541,皇家鸡排(长清店),准四星商户,http://www.dianping.com/shop/94262541#comment,
22,皇家鸡排,23758383,皇家鸡排,准四星商户,http://www.dianping.com/shop/23758383#comment,
22,皇家鸡排,97955904,皇家鸡排,准四星商户,http://www.dianping.com/shop/97955904#comment,
22,皇家鸡排,23712358,皇家鸡排(燕山银座店),准四星商户,http://www.dianping.com/shop/23712358#comment,
22,皇家鸡排,100043203,皇家鸡排(洪家楼店),该商户暂无星级,http://www.dianping.com/shop/100043203/review,
22,皇家鸡排,127786101,皇家鸡排,该商户暂无星级,http://www.dianping.com/shop/127786101/review,
22,皇家鸡排,66773453,胜豪客牛排披萨(大润发店),准四星商户,http://www.dianping.com/shop/66773453#comment,
22,皇家鸡排,4233400,皇家咖啡西餐厅(堤口路店),准四星商户,http://www.dianping.com/shop/4233400#comment,
22,皇家鸡排,66365681,慕尼黑皇家啤酒餐厅,准五星商户,http://www.dianping.com/shop/66365681#comment,
23,皇家鸡排,90931192,皇家鸡排(南亚店),准四星商户,http://www.dianping.com/shop/90931192#comment,
23,皇家鸡排,103550733,皇家鸡排,该商户暂无星级,http://www.dianping.com/shop/103550733#comment,
23,皇家鸡排,98346332,皇家鸡排,该商户暂无星级,http://www.dianping.com/shop/98346332/review,
23,皇家鸡排,114892999,皇家鸡排,该商户暂无星级,http://www.dianping.com/shop/114892999#comment,
24,皇家鸡排,111497606,皇家鸡排,准四星商户,http://www.dianping.com/shop/111497606#comment,
24,皇家鸡排,66918224,皇家鸡排,该商户暂无星级,http://www.dianping.com/shop/66918224/review,
24,皇家鸡排,112110571,祖母的魔法厨房(万象天成店),准五星商户,http://www.dianping.com/shop/112110571#comment,
24,皇家鸡排,65764831,埃沃咖啡•西餐,准四星商户,http://www.dianping.com/shop/65764831#comment,
25,皇家鸡排,23754707,皇家鸡排,准四星商户,http://www.dianping.com/shop/23754707#comment,
27,皇家鸡排,98959413,皇家鸡排,该商户暂无星级,http://www.dianping.com/shop/98959413/review,
29,皇家鸡排,92032309,皇家鸡排,该商户暂无星级,http://www.dianping.com/shop/92032309/review,
29,皇家鸡排,44270429,米兰西典牛扒城(保定店),四星商户,http://www.dianping.com/shop/44270429#comment,
30,皇家鸡排,102044754,皇家鸡排,准四星商户,http://www.dianping.com/shop/102044754#comment,
30,皇家鸡排,35369449,皇家鸡排(帝广店),准四星商户,http://www.dianping.com/shop/35369449#comment,
30,皇家鸡排,69841913,皇家鸡排,该商户暂无星级,http://www.dianping.com/shop/69841913/review,
31,皇家鸡排,66314822,皇家鸡排,该商户暂无星级,http://www.dianping.com/shop/66314822/review,
31,皇家鸡排,6010909,上岛咖啡(翠桥路店),准四星商户,http://www.dianping.com/shop/6010909#comment,
32,皇家鸡排,68939880,皇家鸡排,该商户暂无星级,http://www.dianping.com/shop/68939880/review,
32,皇家鸡排,91901352,凯撒城堡西餐厅,准四星商户,http://www.dianping.com/shop/91901352#comment,
33,皇家鸡排,102549504,皇家鸡排(永旺店),准四星商户,http://www.dianping.com/shop/102549504#comment,
33,皇家鸡排,22568798,皇家鸡排(新朝阳店),该商户暂无星级,http://www.dianping.com/shop/22568798/review,
34,皇家鸡排,69496389,皇家鸡排,准四星商户,http://www.dianping.com/shop/69496389#comment,
34,皇家鸡排,102518587,臻敢当鸡排饭,该商户暂无星级,http://www.dianping.com/shop/102518587/review,
35,皇家鸡排,111542930,皇家鸡排,该商户暂无星级,http://www.dianping.com/shop/111542930/review,
36,皇家鸡排,19262171,皇家鸡排(华林新天地店),该商户暂无星级,http://www.dianping.com/shop/19262171/review,
37,皇家鸡排,97510944,皇家鸡排,该商户暂无星级,http://www.dianping.com/shop/97510944/review,
38,皇家鸡排,91898988,皇家鸡排,该商户暂无星级,http://www.dianping.com/shop/91898988/review,
38,皇家鸡排,101937181,皇家鸡排,该商户暂无星级,http://www.dianping.com/shop/101937181/review,
39,皇家鸡排,67983618,山城面又串,三星商户,http://www.dianping.com/shop/67983618#comment,
49,皇家鸡排,58603042,蜜菓皇家鸡排,四星商户,http://www.dianping.com/shop/58603042#comment,
59,皇家鸡排,90496199,皇家鸡排,该商户暂无星级,http://www.dianping.com/shop/90496199/review,
59,皇家鸡排,15129541,加乐比意式休闲餐厅(抚顺万达店),准五星商户,http://www.dianping.com/shop/15129541#comment,
60,皇家鸡排,102305018,皇家鸡排,准四星商户,http://www.dianping.com/shop/102305018#comment,
61,皇家鸡排,22000467,皇家鸡排(东港店),准四星商户,http://www.dianping.com/shop/22000467#comment,
62,皇家鸡排,20871448,超群烘焙,准四星商户,http://www.dianping.com/shop/20871448#comment,
63,皇家鸡排,19687598,莱茵河西餐厅,准四星商户,http://www.dianping.com/shop/19687598#comment,
66,皇家鸡排,98975288,皇家鸡排,准四星商户,http://www.dianping.com/shop/98975288#comment,
66,皇家鸡排,69080546,意国小镇(万达店),准四星商户,http://www.dianping.com/shop/69080546#comment,
68,皇家鸡排,73562740,皇家鸡排,准四星商户,http://www.dianping.com/shop/73562740#comment,
69,皇家鸡排,24816268,整骨专家BONE,四星商户,http://www.dianping.com/shop/24816268#comment,
70,皇家鸡排,93208036,皇家鸡排(九台店),该商户暂无星级,http://www.dianping.com/shop/93208036/review,
70,皇家鸡排,97975617,皇家鸡排(米饭套餐),该商户暂无星级,http://www.dianping.com/shop/97975617/review,
70,皇家鸡排,45573548,意国小镇(活力城店),四星商户,http://www.dianping.com/shop/45573548#comment,
70,皇家鸡排,92639754,家奥果木牛排,准四星商户,http://www.dianping.com/shop/92639754#comment,
73,皇家鸡排,22272878,皇家鸡排(吉林辽源新欧亚店),准四星商户,http://www.dianping.com/shop/22272878#comment,
73,皇家鸡排,101078171,皇家鸡排(东星欧亚店),该商户暂无星级,http://www.dianping.com/shop/101078171/review,
79,皇家鸡排,48280883,皇家鸡排,该商户暂无星级,http://www.dianping.com/shop/48280883/review,
79,皇家鸡排,97592024,黄太吉(中央大街店),准四星商户,http://www.dianping.com/shop/97592024#comment,
79,皇家鸡排,125938878,皇家一品鸡排饭,该商户暂无星级,http://www.dianping.com/shop/125938878/review,
84,皇家鸡排,68365869,鲜果时光,该商户暂无星级,http://www.dianping.com/shop/68365869/review,
84,皇家鸡排,21659360,加乐比PIZZA,准五星商户,http://www.dianping.com/shop/21659360#comment,
86,皇家鸡排,32740230,意国小镇,四星商户,http://www.dianping.com/shop/32740230#comment,
92,皇家鸡排,92493573,神和日式创作料理铁板烧,准四星商户,http://www.dianping.com/shop/92493573#comment,
93,皇家鸡排,5520669,大喜来(百丈店),准四星商户,http://www.dianping.com/shop/5520669#comment,
93,皇家鸡排,83470015,柚子日本料理 铁板烧(恐龙园店),准五星商户,http://www.dianping.com/shop/83470015#comment,
95,皇家鸡排,96743831,米纸越南小馆(苏宁广场店),准四星商户,http://www.dianping.com/shop/96743831#comment,
96,皇家鸡排,128084372,皇家鸡排,该商户暂无星级,http://www.dianping.com/shop/128084372/review,
96,皇家鸡排,123928731,皇家鸡排,该商户暂无星级,http://www.dianping.com/shop/123928731/review,歇业/关闭
96,皇家鸡排,97795052,整骨专家(欣天地店),准四星商户,http://www.dianping.com/shop/97795052#comment,
97,皇家鸡排,68925997,皇家鸡排,准四星商户,http://www.dianping.com/shop/68925997#comment,
97,皇家鸡排,96630234,皇家鸡排,该商户暂无星级,http://www.dianping.com/shop/96630234/review,
97,皇家鸡排,17179060,肯必胜,准四星商户,http://www.dianping.com/shop/17179060#comment,
97,皇家鸡排,93991423,法式皇家进口鸡排饭,准四星商户,http://www.dianping.com/shop/93991423#comment,
98,皇家鸡排,22990139,太平洋饭店西餐厅,准四星商户,http://www.dianping.com/shop/22990139#comment,
99,皇家鸡排,50506280,皇家鸡排,该商户暂无星级,http://www.dianping.com/shop/50506280/review,
100,皇家鸡排,98255332,皇家鸡排(中央城市广场店),准四星商户,http://www.dianping.com/shop/98255332#comment,
102,皇家鸡排,122184749,小鸡迷厚切爆汁鸡排,准四星商户,http://www.dianping.com/shop/122184749#comment,
104,皇家鸡排,99049465,皇家鸡排(万安店),该商户暂无星级,http://www.dianping.com/shop/99049465/review,
105,皇家鸡排,93976785,悦古里·海鲜放题自助(金城国际店),四星商户,http://www.dianping.com/shop/93976785#comment,
108,皇家鸡排,93659581,皇家鸡排,三星商户,http://www.dianping.com/shop/93659581#comment,
108,皇家鸡排,23152893,康乐馨烘焙汉堡炸鸡,准四星商户,http://www.dianping.com/shop/23152893#comment,
110,皇家鸡排,23730499,皇家鸡排,四星商户,http://www.dianping.com/shop/23730499#comment,
110,皇家鸡排,68165221,皇家鸡排(巢湖中路),三星商户,http://www.dianping.com/shop/68165221#comment,
110,皇家鸡排,107775838,皇家鸡排,该商户暂无星级,http://www.dianping.com/shop/107775838/review,
110,皇家鸡排,97598204,正新鸡排(皇家花园店),该商户暂无星级,http://www.dianping.com/shop/97598204/review,
110,皇家鸡排,93749469,灯塔牛排,五星商户,http://www.dianping.com/shop/93749469#comment,
110,皇家鸡排,103637452,法兰美西餐厅(悦方店),准四星商户,http://www.dianping.com/shop/103637452#comment,
111,皇家鸡排,8041689,KAPALN卡普兰(申元街店),四星商户,http://www.dianping.com/shop/8041689#comment,
112,皇家鸡排,79429386,皇家鸡排(大学城店),三星商户,http://www.dianping.com/shop/79429386#comment,
120,皇家鸡排,96591571,皇家鸡排,该商户暂无星级,http://www.dianping.com/shop/96591571/review,
120,皇家鸡排,83434966,正新鸡排(皇家翰林店),准四星商户,http://www.dianping.com/shop/83434966#comment,
120,皇家鸡排,98654843,卤囧,准四星商户,http://www.dianping.com/shop/98654843#comment,
121,皇家鸡排,111791112,皇家鸡排,该商户暂无星级,http://www.dianping.com/shop/111791112/review,
122,皇家鸡排,23730499,皇家鸡排,四星商户,http://www.dianping.com/shop/23730499#comment,
122,皇家鸡排,68165221,皇家鸡排(巢湖中路),三星商户,http://www.dianping.com/shop/68165221#comment,
123,皇家鸡排,21680046,皇家鸡排(霍山店),准四星商户,http://www.dianping.com/shop/21680046#comment,
123,皇家鸡排,26216382,皇家鸡排(世纪联华店),准四星商户,http://www.dianping.com/shop/26216382#comment,
126,皇家鸡排,110259028,皇家鸡排(梅溪路店),该商户暂无星级,http://www.dianping.com/shop/110259028/review,
129,皇家鸡排,20685651,元品咖啡(泉秀店),准四星商户,http://www.dianping.com/shop/20685651#comment,
131,皇家鸡排,6839376,美其乐(武夷山餐厅),准四星商户,http://www.dianping.com/shop/6839376#comment,
132,皇家鸡排,121502545,金点·世家牛排,三星商户,http://www.dianping.com/shop/121502545#comment,
134,皇家鸡排,123972457,皇家炸鸡排,该商户暂无星级,http://www.dianping.com/shop/123972457/review,
134,皇家鸡排,5467033,尊品牛排(象南天虹店),准五星商户,http://www.dianping.com/shop/5467033#comment,
137,皇家鸡排,68929039,皇家鸡排,准四星商户,http://www.dianping.com/shop/68929039#comment,
140,皇家鸡排,68115259,微派客简餐,三星商户,http://www.dianping.com/shop/68115259#comment,
140,皇家鸡排,108137264,茶巢TeaNest(汽车站店),三星商户,http://www.dianping.com/shop/108137264#comment,
140,皇家鸡排,19704326,习客牛排(红都广场店),准四星商户,http://www.dianping.com/shop/19704326#comment,
145,皇家鸡排,98896460,皇家鸡排(新玛特店),准四星商户,http://www.dianping.com/shop/98896460#comment,
145,皇家鸡排,21336800,皇家鸡排(淄博店),准四星商户,http://www.dianping.com/shop/21336800#comment,
145,皇家鸡排,124572158,皇家鸡排,该商户暂无星级,http://www.dianping.com/shop/124572158/review,
146,皇家鸡排,18995783,皇家鸡排西式餐厅,准四星商户,http://www.dianping.com/shop/18995783#comment,
148,皇家鸡排,66187039,台湾皇家鸡排,准四星商户,http://www.dianping.com/shop/66187039#comment,
148,皇家鸡排,71826437,皇家鸡排,该商户暂无星级,http://www.dianping.com/shop/71826437/review,
148,皇家鸡排,67877727,爱麦思意式皇家轻奢冰淇淋,准四星商户,http://www.dianping.com/shop/67877727#comment,
152,皇家鸡排,18185497,皇家鸡排(大地影院店),准四星商户,http://www.dianping.com/shop/18185497#comment,
152,皇家鸡排,22575211,皇家鸡排(斥山店),准四星商户,http://www.dianping.com/shop/22575211#comment,
152,皇家鸡排,48580921,皇家鸡排(尚悦百货美食城店),该商户暂无星级,http://www.dianping.com/shop/48580921#comment,
152,皇家鸡排,77347263,皇家大鸡排,三星商户,http://www.dianping.com/shop/77347263#comment,
152,皇家鸡排,23266794,皇家一品鸡排(东山店),准四星商户,http://www.dianping.com/shop/23266794#comment,
152,皇家鸡排,23282200,皇家一品鸡排(石岛二店),准四星商户,http://www.dianping.com/shop/23282200#comment,
152,皇家鸡排,66694649,皇家一品鸡排(荣成步行街店),准四星商户,http://www.dianping.com/shop/66694649#comment,歇业/关闭
154,皇家鸡排,66773453,胜豪客牛排披萨(大润发店),准四星商户,http://www.dianping.com/shop/66773453#comment,
155,皇家鸡排,108168260,皇家鸡排,准四星商户,http://www.dianping.com/shop/108168260#comment,
155,皇家鸡排,92656693,皇家鸡排·鲜之恋情·外带寿司,准四星商户,http://www.dianping.com/shop/92656693#comment,
155,皇家鸡排,124391720,皇家鸡排,该商户暂无星级,http://www.dianping.com/shop/124391720/review,
155,皇家鸡排,122372353,皇家鸡排,该商户暂无星级,http://www.dianping.com/shop/122372353/review,
155,皇家鸡排,129187281,皇家鸡排,该商户暂无星级,http://www.dianping.com/shop/129187281/review,
155,皇家鸡排,6180287,水边咖啡(凤凰城店),四星商户,http://www.dianping.com/shop/6180287#comment,
156,皇家鸡排,91946784,皇家鸡排(齐河店),准四星商户,http://www.dianping.com/shop/91946784#comment,
156,皇家鸡排,21091464,皇家鸡排,准四星商户,http://www.dianping.com/shop/21091464#comment,
156,皇家鸡排,9727509,正新鸡排(德州店),四星商户,http://www.dianping.com/shop/9727509#comment,
157,皇家鸡排,69190216,正大鸡排,准四星商户,http://www.dianping.com/shop/69190216#comment,
157,皇家鸡排,63264497,上岛咖啡西餐厅(兴华西路店),准四星商户,http://www.dianping.com/shop/63264497#comment,
159,皇家鸡排,93725654,皇家鸡排(和谐广场店),准四星商户,http://www.dianping.com/shop/93725654#comment,
159,皇家鸡排,102470145,皇家鸡排(凤凰大道店),准四星商户,http://www.dianping.com/shop/102470145#comment,
159,皇家鸡排,98607421,皇家鸡排(紫金国际店),该商户暂无星级,http://www.dianping.com/shop/98607421/review,
159,皇家鸡排,127959848,皇家鸡排,该商户暂无星级,http://www.dianping.com/shop/127959848/review,歇业/关闭
160,皇家鸡排,96644921,皇家鸡排,准四星商户,http://www.dianping.com/shop/96644921#comment,
160,皇家鸡排,96293093,皇家鸡排(北大学城店),三星商户,http://www.dianping.com/shop/96293093/review,
160,皇家鸡排,98859603,皇家鸡排(兴华街店),该商户暂无星级,http://www.dianping.com/shop/98859603/review,
160,皇家鸡排,96184626,皇家鸡排,该商户暂无星级,http://www.dianping.com/shop/96184626/review,
160,皇家鸡排,97287163,芝萨利都现烤披萨(宏图街店),三星商户,http://www.dianping.com/shop/97287163#comment,
160,皇家鸡排,5115286,豪享来牛排(城东分店),准四星商户,http://www.dianping.com/shop/5115286#comment,
162,皇家鸡排,98774541,皇家鸡排(宝龙广场店),准四星商户,http://www.dianping.com/shop/98774541#comment,
162,皇家鸡排,121835091,新菲力蛋挞鸡,准四星商户,http://www.dianping.com/shop/121835091#comment,
163,皇家鸡排,66441220,皇家鸡排,准四星商户,http://www.dianping.com/shop/66441220#comment,
163,皇家鸡排,128286061,皇家鸡排,该商户暂无星级,http://www.dianping.com/shop/128286061/review,
164,皇家鸡排,75194650,皇家鸡排,该商户暂无星级,http://www.dianping.com/shop/75194650/review,
165,皇家鸡排,43752691,蜜口儿,准四星商户,http://www.dianping.com/shop/43752691#comment,
165,皇家鸡排,112480892,天空之城,该商户暂无星级,http://www.dianping.com/shop/112480892/review,歇业/关闭
166,皇家鸡排,92060338,皇家鸡排,三星商户,http://www.dianping.com/shop/92060338#comment,
166,皇家鸡排,23554302,上膳小厨,三星商户,http://www.dianping.com/shop/23554302#comment,
167,皇家鸡排,69625754,皇家鸡排,准四星商户,http://www.dianping.com/shop/69625754#comment,
169,皇家鸡排,125131284,麻辣公寓,准四星商户,http://www.dianping.com/shop/125131284#comment,
170,皇家鸡排,98609340,豪客嘉族牛排(东外滩店),准四星商户,http://www.dianping.com/shop/98609340#comment,
170,皇家鸡排,22832012,建业福朋喜来登酒店宜客乐餐厅,准四星商户,http://www.dianping.com/shop/22832012#comment,
172,皇家鸡排,22724812,两岸咖啡(淅川店),准四星商户,http://www.dianping.com/shop/22724812#comment,
172,皇家鸡排,93322457,派乐汉堡(文化广场店),三星商户,http://www.dianping.com/shop/93322457#comment,
173,皇家鸡排,72344640,贝克汉堡(和风社区店),准四星商户,http://www.dianping.com/shop/72344640#comment,
174,皇家鸡排,27736203,蜜雪冰城(三中店),准四星商户,http://www.dianping.com/shop/27736203#comment,
176,皇家鸡排,19802061,喜梦客复合休闲餐厅(解放路店),准四星商户,http://www.dianping.com/shop/19802061#comment,
177,皇家鸡排,56984916,皇家鸡排,准四星商户,http://www.dianping.com/shop/56984916#comment,
178,皇家鸡排,110263840,皇家鸡排,准四星商户,http://www.dianping.com/shop/110263840#comment,
179,皇家鸡排,92648028,皇家鸡排,三星商户,http://www.dianping.com/shop/92648028#comment,
179,皇家鸡排,57171404,张小匠小食馆,准四星商户,http://www.dianping.com/shop/57171404#comment,
180,皇家鸡排,21139795,皇家鸡排(保康店),四星商户,http://www.dianping.com/shop/21139795#comment,
180,皇家鸡排,94012561,皇家鸡排,准四星商户,http://www.dianping.com/shop/94012561#comment,
181,皇家鸡排,67647804,整骨专家,准四星商户,http://www.dianping.com/shop/67647804#comment,
185,皇家鸡排,90989384,港饮之港奶茶(红安二中店),准四星商户,http://www.dianping.com/shop/90989384#comment,
187,皇家鸡排,69470849,皇家鸡排,该商户暂无星级,http://www.dianping.com/shop/69470849/review,
187,皇家鸡排,105473716,皇家鸡排,该商户暂无星级,http://www.dianping.com/shop/105473716/review,
187,皇家鸡排,126692821,皇家鸡排饭,该商户暂无星级,http://www.dianping.com/shop/126692821/review,
194,皇家鸡排,67412991,Mangofactory coffee芒果工厂咖啡,四星商户,http://www.dianping.com/shop/67412991#comment,
195,皇家鸡排,44165486,皇家鸡排,准四星商户,http://www.dianping.com/shop/44165486#comment,
196,皇家鸡排,5605143,佳客来牛排专家(步步高店),准四星商户,http://www.dianping.com/shop/5605143#comment,
197,皇家鸡排,67404621,皇家鸡排,三星商户,http://www.dianping.com/shop/67404621#comment,
201,皇家鸡排,111596891,爵顶好茶,该商户暂无星级,http://www.dianping.com/shop/111596891/review,
207,皇家鸡排,22808506,皇家鸡排,准四星商户,http://www.dianping.com/shop/22808506#comment,
207,皇家鸡排,99053026,皇家鸡排(汕头河溪店),该商户暂无星级,http://www.dianping.com/shop/99053026/review,
207,皇家鸡排,120090572,鹿角巷THE TLLEY(司英路店),准四星商户,http://www.dianping.com/shop/120090572#comment,
208,皇家鸡排,32324957,皇家鸡排(东方广场店),四星商户,http://www.dianping.com/shop/32324957#comment,
208,皇家鸡排,22139538,皇家鸡排(和信广场狮山店),三星商户,http://www.dianping.com/shop/22139538#comment,
208,皇家鸡排,108318373,皇家鸡排(黄岐门店),准四星商户,http://www.dianping.com/shop/108318373#comment,
208,皇家鸡排,96140642,皇家鸡排(盐步店),三星商户,http://www.dianping.com/shop/96140642#comment,
208,皇家鸡排,92073611,皇家鸡排,准四星商户,http://www.dianping.com/shop/92073611#comment,
208,皇家鸡排,79454414,皇家鸡排(官窑店),三星商户,http://www.dianping.com/shop/79454414/review,
208,皇家鸡排,99064749,皇家鸡排(印像店),该商户暂无星级,http://www.dianping.com/shop/99064749/review,
208,皇家鸡排,121730971,皇家鸡排(东方广场店),该商户暂无星级,http://www.dianping.com/shop/121730971/review,
208,皇家鸡排,67455888,大可澳门脆皮猪扒包,准四星商户,http://www.dianping.com/shop/67455888#comment,
208,皇家鸡排,14187871,西牛记牛排(京柏城店),准四星商户,http://www.dianping.com/shop/14187871#comment,
211,皇家鸡排,113160663,鹿角湾,准四星商户,http://www.dianping.com/shop/113160663#comment,
211,皇家鸡排,96404961,饭里香,准四星商户,http://www.dianping.com/shop/96404961#comment,
211,皇家鸡排,67718541,桃花源音乐餐吧,准四星商户,http://www.dianping.com/shop/67718541#comment,
213,皇家鸡排,97615139,皇家鸡排(淡水店),该商户暂无星级,http://www.dianping.com/shop/97615139/review,
213,皇家鸡排,98168086,皇家鸡排(星河丹堤店),该商户暂无星级,http://www.dianping.com/shop/98168086/review,
213,皇家鸡排,32384466,御尚贡茶,准四星商户,http://www.dianping.com/shop/32384466#comment,
213,皇家鸡排,67237302,TANCCA叹咖(惠城麦地店),四星商户,http://www.dianping.com/shop/67237302#comment,
215,皇家鸡排,65891774,皇家鸡排,该商户暂无星级,http://www.dianping.com/shop/65891774#comment,歇业/关闭
216,皇家鸡排,110817457,皇家鸡排拌饭,该商户暂无星级,http://www.dianping.com/shop/110817457/review,
216,皇家鸡排,6162274,豪亨牛排(丽日店),三星商户,http://www.dianping.com/shop/6162274#comment,
217,皇家鸡排,92814597,皇家鸡排,准四星商户,http://www.dianping.com/shop/92814597#comment,
219,皇家鸡排,90923374,皇家鸡排,准四星商户,http://www.dianping.com/shop/90923374#comment,
219,皇家鸡排,93350447,皇家鸡排(桥头店),该商户暂无星级,http://www.dianping.com/shop/93350447/review,
219,皇家鸡排,97580245,新皇家鸡排(沙头店),该商户暂无星级,http://www.dianping.com/shop/97580245/review,
219,皇家鸡排,100391802,皇家鸡排,该商户暂无星级,http://www.dianping.com/shop/100391802/review,
219,皇家鸡排,106969086,皇家鸡排,该商户暂无星级,http://www.dianping.com/shop/106969086/review,
219,皇家鸡排,92049543,皇家鸡排,该商户暂无星级,http://www.dianping.com/shop/92049543/review,
219,皇家鸡排,10413608,威福克,准四星商户,http://www.dianping.com/shop/10413608#comment,
219,皇家鸡排,121538399,集渔·泰式海鲜火锅,准四星商户,http://www.dianping.com/shop/121538399#comment,
219,皇家鸡排,2765596,乐多多西餐厅(南城店),准四星商户,http://www.dianping.com/shop/2765596#comment,
219,皇家鸡排,66471326,谁的咖啡西餐厅(领尚店),准四星商户,http://www.dianping.com/shop/66471326#comment,
219,皇家鸡排,32333982,西牛屋(新世纪星城店),准四星商户,http://www.dianping.com/shop/32333982#comment,
219,皇家鸡排,17727925,西牛屋(东泰嘉荣店),准四星商户,http://www.dianping.com/shop/17727925#comment,
220,皇家鸡排,110459847,二狗酒馆,准四星商户,http://www.dianping.com/shop/110459847#comment,
220,皇家鸡排,15125694,遇见·么么茶,四星商户,http://www.dianping.com/shop/15125694#comment,
221,皇家鸡排,97536256,赤炸风云,准四星商户,http://www.dianping.com/shop/97536256#comment,
221,皇家鸡排,9843497,巴尼半岛咖啡厅,准四星商户,http://www.dianping.com/shop/9843497#comment,
222,皇家鸡排,91602480,可可先生,准四星商户,http://www.dianping.com/shop/91602480#comment,
222,皇家鸡排,58670558,皇家贡茶,准四星商户,http://www.dianping.com/shop/58670558#comment,
222,皇家鸡排,92089429,豪亨世家,准四星商户,http://www.dianping.com/shop/92089429#comment,
223,皇家鸡排,112023067,尊喜,四星商户,http://www.dianping.com/shop/112023067#comment,歇业/关闭
224,皇家鸡排,57199391,皇家鸡排(航洋国际广场店),准四星商户,http://www.dianping.com/shop/57199391#comment,
224,皇家鸡排,76851899,皇家鸡排,该商户暂无星级,http://www.dianping.com/shop/76851899/review,
224,皇家鸡排,91593408,乐多多炸鸡(朝阳店),准四星商户,http://www.dianping.com/shop/91593408#comment,
224,皇家鸡排,91916099,乐多多炸鸡(琅东店),准四星商户,http://www.dianping.com/shop/91916099/review,
224,皇家鸡排,67558653,米乐阳光(友爱店),准四星商户,http://www.dianping.com/shop/67558653#comment,
224,皇家鸡排,90293906,乐多多炸鸡(明秀店),准四星商户,http://www.dianping.com/shop/90293906#comment,
224,皇家鸡排,4739541,乐多多炸鸡(桃源店),准四星商户,http://www.dianping.com/shop/4739541#comment,
224,皇家鸡排,5567380,乐多多炸鸡(建政店),准四星商户,http://www.dianping.com/shop/5567380#comment,
224,皇家鸡排,75095436,乐多多炸鸡(琅西店),准四星商户,http://www.dianping.com/shop/75095436#comment,
224,皇家鸡排,19118575,乐多多炸鸡(民大店),准四星商户,http://www.dianping.com/shop/19118575#comment,
224,皇家鸡排,69005974,乐多多炸鸡(鲁班店),准四星商户,http://www.dianping.com/shop/69005974#comment,
224,皇家鸡排,79427435,乐多多炸鸡(大润发店),准四星商户,http://www.dianping.com/shop/79427435#comment,
224,皇家鸡排,59420330,乐多多炸鸡(望州店),准四星商户,http://www.dianping.com/shop/59420330#comment,
224,皇家鸡排,57230090,乐多多炸鸡(医科大店),准四星商户,http://www.dianping.com/shop/57230090#comment,
224,皇家鸡排,19118578,乐多多炸鸡(官塘店),准四星商户,http://www.dianping.com/shop/19118578#comment,
224,皇家鸡排,27220282,米乐阳光(火炬店),准四星商户,http://www.dianping.com/shop/27220282#comment,
224,皇家鸡排,5579277,乐多多炸鸡(农院店),准四星商户,http://www.dianping.com/shop/5579277#comment,
224,皇家鸡排,67030335,乐多多炸鸡(民主店),准四星商户,http://www.dianping.com/shop/67030335#comment,
224,皇家鸡排,82373252,乐多多炸鸡(淡村店),准四星商户,http://www.dianping.com/shop/82373252#comment,
224,皇家鸡排,55959472,乐多多炸鸡(秀灵店),准四星商户,http://www.dianping.com/shop/55959472#comment,
224,皇家鸡排,57230054,乐多多炸鸡(政法店),准四星商户,http://www.dianping.com/shop/57230054#comment,
224,皇家鸡排,5571278,乐多多炸鸡(安湖店),准四星商户,http://www.dianping.com/shop/5571278#comment,
224,皇家鸡排,27331716,5叶茶,准四星商户,http://www.dianping.com/shop/27331716#comment,
224,皇家鸡排,9001726,乐多多炸鸡(江南店),准四星商户,http://www.dianping.com/shop/9001726#comment,
224,皇家鸡排,59385598,乐多多炸鸡(科园店),三星商户,http://www.dianping.com/shop/59385598#comment,
224,皇家鸡排,76902688,乐多多炸鸡(万象店),准四星商户,http://www.dianping.com/shop/76902688#comment,
224,皇家鸡排,57230144,乐多多炸鸡(衡阳店),准四星商户,http://www.dianping.com/shop/57230144#comment,
224,皇家鸡排,95376420,乐多多炸鸡(西明店),三星商户,http://www.dianping.com/shop/95376420#comment,
225,皇家鸡排,6860240,豪佳香牛排人文咖啡馆(胜利店),三星商户,http://www.dianping.com/shop/6860240#comment,
225,皇家鸡排,6860240,豪佳香牛排人文咖啡馆(胜利店),三星商户,http://www.dianping.com/shop/6860240#comment,
